Id;Heure;Debit;Total;Pression;Densite
1;08:17:37;0;0;0;0
2;08:17:47;0;0;0;0
3;08:17:57;0;0;0;0
4;08:18:07;0;0;0;0
5;08:18:17;0;0;0;0
6;08:18:27;0;0;0;0
7;08:18:37;0;0;0;0
8;08:18:47;0;0;0;0
9;08:18:57;0;0;0;0
10;08:19:07;0;0;0;0
11;08:19:17;0;0;0;0
12;08:19:27;0;0;0;0
13;08:19:37;0;0;0;0
14;08:19:47;0;0;0;0
15;08:19:57;0;0;0;0
16;08:20:07;0;0;0;0
17;08:20:17;0;0;0;0
18;08:20:27;0;0;0;0
19;08:20:37;0;0;0;0
20;08:20:47;0;0;0;0
21;08:20:57;0;0;0;0
22;08:21:07;0;0;0;0
23;08:21:17;0;0;0;0
24;08:21:27;0;0;0;0
25;08:21:37;0;0;0;0
26;08:21:47;0;0;0;0
27;08:21:57;0;0;0;0
28;08:22:07;0;0;0;0
29;08:22:17;0;0;0;0
30;08:22:27;0;0;0;0
31;08:22:37;0;0;0;0
32;08:22:47;0;0;0;0
33;08:22:57;0;0;0;0
34;08:23:07;0;0;0;0
35;08:23:17;0;0;0;0
36;08:23:27;0;0;0;0
37;08:23:37;0;0;0;0
38;08:23:47;0;0;0;0
39;08:23:57;0;0;0;0
40;08:24:07;0;0;0;0
41;08:24:17;0;0;0;0
42;08:24:27;0;0;0;0
43;08:24:37;0;0;0;0
44;08:24:47;0;0;0;0
45;08:24:57;0;0;0;0
46;08:25:07;0;0;0;0
47;08:25:17;0;0;0;0
48;08:25:27;0;0;0;0
49;08:25:37;0;0;0;0
50;08:25:47;0;0;0;0
51;08:25:57;0;0;0;0
52;08:26:07;0;0;0;0
53;08:26:17;0;0;0;0
54;08:26:27;0;0;0;0
55;08:26:37;0;0;0;0
56;08:26:47;0;0;0;0
57;08:26:57;0;0;0;0
58;08:27:07;0;0;0;0
59;08:27:17;0;0;0;0
60;08:27:27;0;0;0;0
61;08:27:37;0;0;0;0
62;08:27:47;0;0;0;0
63;08:27:57;0;0;0;0
64;08:28:07;0;0;0;0
65;08:28:17;0;0;0;0
66;08:28:27;0;0;0;0
67;08:28:37;0;0;0;0
68;08:28:47;0;0;0;0
69;08:28:57;0;0;0;0
70;08:29:07;0;0;0;0
71;08:29:17;0;0;0;0
72;08:29:27;0;0;0;0
73;08:29:37;0;0;0;0
74;08:29:47;0;0;0;0
75;08:29:57;0;0;0;0
76;08:30:07;0;0;0;0
77;08:30:17;0;0;0;0
78;08:30:27;0;0;0;0
79;08:30:37;0;0;0;0
80;08:30:47;0;0;0;0
81;08:30:57;0;0;0;0
82;08:31:07;0;0;0;0
83;08:31:17;0;0;0;0
84;08:31:27;0;0;0;0
85;08:31:37;0;0;0;0
86;08:31:47;0;0;0;0
87;08:31:57;0;0;0;0
88;08:32:07;0;0;0;0
89;08:32:17;0;0;0;0
90;08:32:27;0;0;0;0
91;08:32:37;0;0;0;0
92;08:32:47;0;0;0;0
93;08:32:57;0;0;0;0
94;08:33:07;0;0;0;0
95;08:33:17;0;0;0;0
96;08:33:27;0;0;0;0
97;08:33:37;0;0;0;0
98;08:33:47;0;0;0;0
99;08:33:57;0;0;0;0
100;08:34:07;0;0;0;0
101;08:34:17;0;0;0;0
102;08:34:27;0;0;0;0
103;08:34:37;0;0;0;0
104;08:34:47;0;0;0;0
105;08:34:57;0;0;0;0
106;08:35:07;0;0;0;0
107;08:35:17;0;0;0;0
108;08:35:27;0;0;0;0
109;08:35:37;0;0;0;0
110;08:35:47;0;0;0;0
111;08:35:57;0;0;0;0
112;08:36:07;0;0;0;0
113;08:36:17;0;0;0;0
114;08:36:27;0;0;0;0
115;08:36:37;0;0;0;0
116;08:36:47;0;0;0;0
117;08:36:57;0;0;0;0
118;08:37:07;0;0;0;0
119;08:37:17;0;0;0;0
120;08:37:27;0;0;0;0
121;08:37:37;0;0;0;0
122;08:37:47;0;0;0;0
123;08:37:57;0;0;0;0
124;08:38:07;0;0;0;0
125;08:38:17;0;0;0;0
126;08:38:27;0;0;0;0
127;08:38:37;0;0;0;0
128;08:38:47;0;0;0;0
129;08:38:57;4;0;0;0
130;08:39:07;4;0;0;0
131;08:39:17;4;0;0;0
132;08:39:27;4;0;0;0
133;08:39:37;4;0;0;0
134;08:39:47;4;0;0;0
135;08:39:57;4;0;0;0
136;08:40:07;4;0;0;0
137;08:40:17;4;0;0;0
138;08:40:27;4;0;0;0
139;08:40:37;4;0;0;0
140;08:40:47;4;0;0;0
141;08:40:57;4;0;0;0
142;08:41:07;4;0;0;0
143;08:41:17;4;0;0;0
144;08:41:27;4;0;0;0
145;08:41:37;4;0;0;0
146;08:41:47;4;0;0;0
147;08:41:57;4;0;0;0
148;08:42:07;4;0;0;0
149;08:42:17;4;0;0;0
150;08:42:27;4;4;0;0
151;08:42:37;0;8;0;0
152;08:42:47;0;8;0;0
153;08:42:57;0;8;0;0
154;08:43:07;0;8;0;0
155;08:43:17;0;8;0;0
156;08:43:27;0;8;0;0
157;08:43:37;0;8;0;0
158;08:43:47;0;8;0;0
159;08:43:57;0;8;0;0
160;08:44:07;0;8;0;0
161;08:44:17;0;8;0;0
162;08:44:27;0;8;0;0
163;08:44:37;0;8;0;0
164;08:44:47;0;8;0;0
165;08:44:57;0;8;0;0
166;08:45:07;0;8;0;0
167;08:45:17;0;8;0;0
168;08:45:27;0;8;0;0
169;08:45:37;0;8;0;0
170;08:45:47;0;8;0;0
171;08:45:57;0;8;0;0
172;08:46:07;0;8;0;0
173;08:46:17;0;8;0;0
174;08:46:27;0;8;0;0
175;08:46:37;0;8;0;0
176;08:46:47;0;8;0;0
177;08:46:57;0;8;0;0
178;08:47:07;0;8;0;0
179;08:47:17;0;8;0;0
180;08:47:27;0;8;0;0
181;08:47:37;0;8;0;0
182;08:47:47;0;8;0;0
183;08:47:57;0;8;0;0
184;08:48:07;0;8;0;0
185;08:48:17;0;8;0;0
186;08:48:27;0;8;0;0
187;08:48:37;0;8;0;0
188;08:48:47;0;8;0;0
189;08:48:57;0;8;0;0
190;08:49:07;0;8;0;0
191;08:49:17;0;8;0;0
192;08:49:27;0;8;0;0
193;08:49:37;0;8;0;0
194;08:49:47;0;8;0;0
195;08:49:57;0;8;0;0
196;08:50:07;0;8;0;0
197;08:50:17;0;8;0;0
198;08:50:27;0;8;0;0
199;08:50:37;0;8;0;0
200;08:50:47;0;8;0;0
201;08:50:57;0;8;0;0
202;08:51:07;0;8;0;0
203;08:51:17;0;8;0;0
204;08:51:27;0;8;0;0
205;08:51:37;0;8;0;0
206;08:51:47;0;8;0;0
207;08:51:57;0;8;0;0
208;08:52:07;0;8;0;0
209;08:52:17;0;8;0;0
210;08:52:27;0;8;0;0
211;08:52:37;0;8;0;0
212;08:52:47;0;8;0;0
213;08:52:57;0;8;0;0
214;08:53:07;0;8;0;0
215;08:53:17;0;8;0;0
216;08:53:27;0;8;0;0
217;08:53:37;0;8;0;0
218;08:53:47;0;8;0;0
219;08:53:57;0;8;0;0
220;08:54:07;0;8;0;0
221;08:54:17;0;8;0;0
222;08:54:27;0;8;0;0
223;08:54:37;0;8;0;0
224;08:54:47;0;8;0;0
225;08:54:57;0;8;0;0
226;08:55:07;0;8;0;0
227;08:55:17;0;8;0;0
228;08:55:27;0;8;0;0
229;08:55:37;0;8;0;0
230;08:55:47;0;8;0;0
231;08:55:57;0;8;0;0
232;08:56:07;0;8;0;0
233;08:56:17;0;8;0;0
234;08:56:27;0;8;0;0
235;08:56:37;0;8;0;0
236;08:56:47;0;8;0;0
237;08:56:57;0;8;0;0
238;08:57:07;0;8;0;0
239;08:57:17;0;8;0;0
240;08:57:27;0;8;0;0
241;08:57:37;0;8;0;0
242;08:57:47;0;8;0;0
243;08:57:57;0;8;0;0
244;08:58:07;0;8;0;0
245;08:58:17;0;8;0;0
246;08:58:27;0;8;0;0
247;08:58:37;0;8;0;0
248;08:58:47;0;8;0;0
249;08:58:57;0;8;0;0
250;08:59:07;0;8;0;0
251;08:59:17;0;8;0;0
252;08:59:27;0;8;0;0
253;08:59:37;0;8;0;0
254;08:59:47;0;8;0;0
255;08:59:57;0;8;0;0
256;09:00:07;0;8;0;0
257;09:00:17;0;8;0;0
258;09:00:27;0;8;0;0
259;09:00:37;0;8;0;0
260;09:00:47;0;8;0;0
261;09:00:57;0;8;0;0
262;09:01:07;0;8;0;0
263;09:01:17;0;8;0;0
264;09:01:27;0;8;0;0
265;09:01:37;0;8;0;0
266;09:01:47;0;8;0;0
267;09:01:57;0;8;0;0
268;09:02:07;0;8;0;0
269;09:02:17;0;8;0;0
270;09:02:27;0;8;0;0
271;09:02:37;0;8;0;0
272;09:02:47;0;8;0;0
273;09:02:57;0;8;0;0
274;09:03:07;0;8;0;0
275;09:03:17;0;8;0;0
276;09:03:27;0;8;0;0
277;09:03:37;0;8;0;0
278;09:03:47;0;8;0;0
279;09:03:57;0;8;0;0
280;09:04:07;0;8;0;0
281;09:04:17;0;8;0;0
282;09:04:27;0;8;0;0
283;09:04:37;0;8;0;0
284;09:04:47;0;8;0;0
285;09:04:57;0;8;0;0
286;09:05:07;0;8;0;0
287;09:05:17;0;8;0;0
288;09:05:27;0;8;0;0
289;09:05:37;0;8;0;0
290;09:05:47;0;8;0;0
291;09:05:57;0;8;0;0
292;09:06:07;0;8;0;0
293;09:06:17;0;8;0;0
294;09:06:27;0;8;0;0
295;09:06:37;0;8;0;0
296;09:06:47;0;8;0;0
297;09:06:57;0;8;0;0
298;09:07:07;0;8;0;0
299;09:07:17;0;8;0;0
300;09:07:27;0;8;0;0
301;09:07:37;0;8;0;0
302;09:07:47;0;8;0;0
303;09:07:57;0;8;0;0
304;09:08:07;0;8;0;0
305;09:08:17;0;8;0;0
306;09:08:27;0;8;0;0
307;09:08:37;0;8;0;0
308;09:08:47;0;8;0;0
309;09:08:57;0;8;0;0
310;09:09:07;0;8;0;0
311;09:09:17;0;8;0;0
312;09:09:27;0;8;0;0
313;09:09:37;8;8;0;0
314;09:09:47;17;8;0;0
315;09:09:57;26;8;0;0
316;09:10:07;35;8;0;0
317;09:10:17;46;8;0;0
318;09:10:27;57;8;0;0
319;09:10:37;68;8;1;0
320;09:10:47;68;8;1;0
321;09:10:57;68;8;1;0
322;09:11:07;68;8;1;0
323;09:11:17;68;8;2;0
324;09:11:27;69;8;2;0
325;09:11:37;69;8;2;0
326;09:11:47;69;8;3;0
327;09:11:57;69;8;3;0
328;09:12:07;69;8;3;0
329;09:12:17;69;8;3;0
330;09:12:27;69;8;3;0
331;09:12:37;69;8;4;0
332;09:12:47;69;14;5;0
333;09:12:57;69;14;5;0
334;09:13:07;69;31;6;0
335;09:13:17;61;61;6;0
336;09:13:27;52;94;7;0
337;09:13:37;43;127;8;0
338;09:13:47;34;166;9;0
339;09:13:57;27;207;10;0
340;09:14:07;16;248;11;0
341;09:14:17;5;266;12;0
342;09:14:27;5;266;13;0
343;09:14:37;5;266;14;0
344;09:14:47;5;266;16;0
345;09:14:57;5;268;17;0
346;09:15:07;4;268;16;0
347;09:15:17;4;268;15;0
348;09:15:27;4;268;15;0
349;09:15:37;4;268;14;0
350;09:15:47;10;268;13;0
351;09:15:57;10;269;12;0
352;09:16:07;10;269;11;0
353;09:16:17;10;269;10;0
354;09:16:27;15;269;8;0
355;09:16:37;15;269;7;0
356;09:16:47;17;269;5;0
357;09:16:57;17;269;4;0
358;09:17:07;17;269;6;0
359;09:17:17;17;269;8;0
360;09:17:27;17;283;9;0
361;09:17:37;19;287;9;0
362;09:17:47;31;287;9;0
363;09:17:57;43;287;9;0
364;09:18:07;56;287;9;0
365;09:18:17;69;287;9;0
366;09:18:27;81;287;10;0
367;09:18:37;94;287;10;0
368;09:18:47;107;287;10;0
369;09:18:57;124;287;10;0
370;09:19:07;143;287;11;0
371;09:19:17;161;297;11;0
372;09:19:27;171;0;11;0
373;09:19:37;190;0;8;0
374;09:19:47;210;0;5;0
375;09:19:57;230;11;3;0
376;09:20:07;246;21;3;0
377;09:20:17;270;24;3;0
378;09:20:27;293;30;4;0
379;09:20:37;318;30;4;0
380;09:20:47;345;0;5;0
381;09:20:57;372;2;5;0
382;09:21:07;399;9;5;0
383;09:21:17;421;48;5;0
384;09:21:27;437;93;5;0
385;09:21:37;452;138;6;0
386;09:21:47;470;184;6;0
387;09:21:57;489;231;6;0
388;09:22:07;510;279;6;0
389;09:22:17;530;326;6;0
390;09:22:27;551;384;7;0
391;09:22:37;570;449;7;0
392;09:22:47;586;519;7;0
393;09:22:57;576;586;7;0
394;09:23:07;559;656;8;0
395;09:23:17;540;722;8;0
396;09:23:27;520;794;8;0
397;09:23:37;500;873;8;0
398;09:23:47;479;956;8;0
399;09:23:57;455;1045;9;0
400;09:24:07;431;1136;9;0
401;09:24:17;406;1233;8;0
402;09:24:27;379;1332;8;0
403;09:24:37;352;1434;8;0
404;09:24:47;324;1535;8;0
405;09:24:57;297;1633;8;0
406;09:25:07;269;1736;7;0
407;09:25:17;241;1843;7;0
408;09:25:27;210;1959;7;0
409;09:25:37;179;2077;6;0
410;09:25:47;146;2200;6;0
411;09:25:57;112;2325;6;0
412;09:26:07;78;2451;5;0
413;09:26:17;43;2584;5;0
414;09:26:27;7;2679;4;0
415;09:26:37;0;2682;4;0
416;09:26:47;0;2682;4;0
417;09:26:57;0;2682;4;0
418;09:27:07;0;2682;4;0
419;09:27:17;0;2682;4;0
420;09:27:27;0;0;4;0
421;09:27:37;0;0;4;0
422;09:27:47;0;0;4;0
423;09:27:57;0;0;4;0
424;09:28:07;0;0;4;0
425;09:28:17;0;0;4;0
426;09:28:27;0;0;4;0
427;09:28:37;0;0;4;0
428;09:28:47;0;0;4;0
429;09:28:57;0;0;4;0
430;09:29:07;0;0;4;0
431;09:29:17;0;0;4;0
432;09:29:27;0;0;4;0
433;09:29:37;0;0;4;0
434;09:29:47;0;0;4;0
435;09:29:57;0;0;4;0
436;09:30:07;0;0;4;0
437;09:30:17;0;0;4;0
438;09:30:27;0;0;4;0
439;09:30:37;0;0;4;0
440;09:30:47;0;0;4;0
441;09:30:57;0;0;4;0
442;09:31:07;0;0;4;0
443;09:31:17;0;0;4;0
444;09:31:27;0;0;4;0
445;09:31:37;0;0;4;0
446;09:31:47;0;0;4;0
447;09:31:57;18;0;4;0
448;09:32:07;41;0;4;0
449;09:32:17;66;0;4;0
450;09:32:27;91;0;4;0
451;09:32:37;119;0;4;0
452;09:32:47;147;0;4;0
453;09:32:57;176;0;4;0
454;09:33:07;207;0;4;0
455;09:33:17;237;0;4;0
456;09:33:27;268;0;4;0
457;09:33:37;299;0;4;0
458;09:33:47;330;0;5;0
459;09:33:57;362;0;5;0
460;09:34:07;394;0;6;0
461;09:34:17;426;0;6;0
462;09:34:27;457;0;6;0
463;09:34:37;489;0;7;0
464;09:34:47;521;0;7;0
465;09:34:57;553;0;8;0
466;09:35:07;585;0;8;0
467;09:35:17;617;0;8;0
468;09:35:27;649;43;9;0
469;09:35:37;663;122;9;0
470;09:35:47;671;209;9;0
471;09:35:57;678;301;10;0
472;09:36:07;685;398;10;0
473;09:36:17;689;503;10;0
474;09:36:27;693;607;10;0
475;09:36:37;695;712;10;0
476;09:36:47;697;827;10;0
477;09:36:57;698;938;10;0
478;09:37:07;699;1054;10;0
479;09:37:17;699;1167;10;0
480;09:37:27;700;1286;10;0
481;09:37:37;700;1401;10;0
482;09:37:47;700;1519;10;0
483;09:37:57;700;1635;11;0
484;09:38:07;695;1753;11;0
485;09:38:17;663;1866;11;0
486;09:38:27;631;1981;11;0
487;09:38:37;600;2100;11;0
488;09:38:47;568;2216;11;0
489;09:38:57;536;2335;11;0
490;09:39:07;504;2451;11;0
491;09:39:17;491;2569;10;0
492;09:39:27;484;2686;10;0
493;09:39:37;481;2804;10;0
494;09:39:47;479;2920;10;0
495;09:39:57;479;3033;9;0
496;09:40:07;480;3151;9;0
497;09:40:17;482;3267;8;0
498;09:40:27;486;3385;8;0
499;09:40:37;488;3501;8;0
500;09:40:47;493;3617;8;0
501;09:40:57;498;3735;8;0
502;09:41:07;503;3850;8;0
503;09:41:17;508;3969;8;0
504;09:41:27;513;4084;8;0
505;09:41:37;518;4192;8;0
506;09:41:47;528;4236;8;0
507;09:41:57;565;0;9;0
508;09:42:07;601;0;9;0
509;09:42:17;639;0;9;0
510;09:42:27;675;0;10;0
511;09:42:37;712;0;10;0
512;09:42:47;749;30;11;0
513;09:42:57;767;114;11;0
514;09:43:07;780;216;12;0
515;09:43:17;788;324;12;0
516;09:43:27;794;437;12;0
517;09:43:37;800;557;12;0
518;09:43:47;804;679;12;0
519;09:43:57;807;807;12;0
520;09:44:07;809;937;12;0
521;09:44:17;812;1071;13;0
522;09:44:27;813;1206;13;0
523;09:44:37;813;1342;13;0
524;09:44:47;814;1477;13;0
525;09:44:57;814;1606;13;0
526;09:45:07;815;1743;13;0
527;09:45:17;815;1878;13;0
528;09:45:27;816;2015;13;0
529;09:45:37;816;2150;13;0
530;09:45:47;816;2284;13;0
531;09:45:57;816;2422;13;0
532;09:46:07;817;2557;13;0
533;09:46:17;817;2695;13;0
534;09:46:27;817;2829;13;0
535;09:46:37;817;2959;13;0
536;09:46:47;818;3098;14;0
537;09:46:57;818;3232;14;0
538;09:47:07;818;3371;14;0
539;09:47:17;818;3506;14;0
540;09:47:27;818;3644;14;0
541;09:47:37;818;3779;14;0
542;09:47:47;818;3917;14;0
543;09:47:57;818;4053;14;0
544;09:48:07;818;4191;14;0
545;09:48:17;818;4322;14;0
546;09:48:27;818;4458;14;0
547;09:48:37;818;4596;14;0
548;09:48:47;818;4731;14;0
549;09:48:57;818;4870;14;0
550;09:49:07;818;5006;14;0
551;09:49:17;818;5144;14;0
552;09:49:27;818;5280;14;0
553;09:49:37;818;5418;13;0
554;09:49:47;818;5554;13;0
555;09:49:57;818;5685;13;0
556;09:50:07;818;5823;13;0
557;09:50:17;818;5959;13;0
558;09:50:27;818;6097;13;0
559;09:50:37;818;6233;12;0
560;09:50:47;818;6368;12;0
561;09:50:57;819;6507;13;0
562;09:51:07;819;6642;13;0
563;09:51:17;819;6780;13;0
564;09:51:27;819;6915;13;0
565;09:51:37;819;7046;13;0
566;09:51:47;819;7185;13;0
567;09:51:57;819;7320;13;0
568;09:52:07;819;7459;13;0
569;09:52:17;818;7594;13;0
570;09:52:27;818;7733;13;0
571;09:52:37;818;7868;14;0
572;09:52:47;818;8006;14;0
573;09:52:57;818;8141;14;0
574;09:53:07;818;8280;14;0
575;09:53:17;818;8411;14;0
576;09:53:27;818;8547;14;0
577;09:53:37;817;8686;13;0
578;09:53:47;817;8822;14;0
579;09:53:57;817;8961;14;0
580;09:54:07;816;9097;14;0
581;09:54:17;816;9236;14;0
582;09:54:27;815;9372;15;0
583;09:54:37;815;9511;15;0
584;09:54:47;815;9647;15;0
585;09:54:57;814;9778;15;0
586;09:55:07;814;9916;15;0
587;09:55:17;814;10052;15;0
588;09:55:27;814;10190;15;0
589;09:55:37;814;10326;15;0
590;09:55:47;814;10461;14;0
591;09:55:57;814;10599;15;0
592;09:56:07;813;10734;15;0
593;09:56:17;813;10873;16;0
594;09:56:27;813;11007;15;0
595;09:56:37;813;11137;14;0
596;09:56:47;814;11276;14;0
597;09:56:57;813;11410;14;0
598;09:57:07;813;11548;15;0
599;09:57:17;812;11683;15;0
600;09:57:27;811;11821;15;0
601;09:57:37;810;11955;15;0
602;09:57:47;810;12093;16;0
603;09:57:57;809;12227;16;0
604;09:58:07;809;12365;16;0
605;09:58:17;808;12495;16;0
606;09:58:27;808;12630;15;0
607;09:58:37;807;12768;15;0
608;09:58:47;806;12902;15;0
609;09:58:57;806;13040;15;0
610;09:59:07;805;13174;15;0
611;09:59:17;805;13312;15;0
612;09:59:27;804;13447;15;0
613;09:59:37;804;13581;15;0
614;09:59:47;803;13719;15;0
615;09:59:57;802;13850;15;0
616;10:00:07;801;13987;14;0
617;10:00:17;801;14122;13;0
618;10:00:27;800;14256;14;0
619;10:00:37;799;14393;15;0
620;10:00:47;799;14525;15;0
621;10:00:57;799;14661;16;0
622;10:01:07;800;14793;16;0
623;10:01:17;800;14929;16;0
624;10:01:27;800;15061;17;0
625;10:01:37;800;15189;17;0
626;10:01:47;800;15325;18;0
627;10:01:57;800;15457;17;0
628;10:02:07;800;15593;16;0
629;10:02:17;801;15725;15;0
630;10:02:27;801;15861;15;0
631;10:02:37;801;15993;16;0
632;10:02:47;801;16129;16;0
633;10:02:57;801;16262;15;0
634;10:03:07;801;16396;14;0
635;10:03:17;801;16524;14;0
636;10:03:27;801;16656;13;0
637;10:03:37;802;16791;13;0
638;10:03:47;802;16924;12;0
639;10:03:57;802;17059;12;0
640;10:04:07;802;17191;12;0
641;10:04:17;802;17326;11;0
642;10:04:27;802;17459;11;0
643;10:04:37;802;17591;11;0
644;10:04:47;802;17728;11;0
645;10:04:57;802;17856;11;0
646;10:05:07;803;17991;10;0
647;10:05:17;803;18125;10;0
648;10:05:27;803;18257;10;0
649;10:05:37;803;18394;10;0
650;10:05:47;803;18526;10;0
651;10:05:57;803;18662;10;0
652;10:06:07;802;18795;11;0
653;10:06:17;802;18931;11;0
654;10:06:27;803;19063;11;0
655;10:06:37;803;19192;10;0
656;10:06:47;803;19328;11;0
657;10:06:57;803;19461;10;0
658;10:07:07;803;19597;10;0
659;10:07:17;802;19730;10;0
660;10:07:27;802;19866;10;0
661;10:07:37;798;19999;12;0
662;10:07:47;787;20134;13;0
663;10:07:57;764;20268;13;0
664;10:08:07;727;20403;14;0
665;10:08:17;691;20532;14;0
666;10:08:27;654;20665;14;0
667;10:08:37;618;20801;12;0
668;10:08:47;581;20934;13;0
669;10:08:57;544;21069;13;0
670;10:09:07;508;21203;13;0
671;10:09:17;471;21338;13;0
672;10:09:27;434;21471;13;0
673;10:09:37;398;21604;13;0
674;10:09:47;362;21740;13;0
675;10:09:57;325;21869;13;0
676;10:10:07;289;22004;12;0
677;10:10:17;252;22138;10;0
678;10:10:27;216;22270;10;0
679;10:10:37;179;22406;9;0
680;10:10:47;143;22538;9;0
681;10:10:57;107;22674;10;0
682;10:11:07;70;22797;10;0
683;10:11:17;38;22904;9;0
684;10:11:27;12;22983;9;0
685;10:11:37;0;22983;9;0
686;10:11:47;0;22983;9;0
687;10:11:57;0;22983;8;0
688;10:12:07;0;22983;8;0
689;10:12:17;0;22983;8;0
690;10:12:27;0;22983;8;0
691;10:12:37;0;22983;8;0
692;10:12:47;0;22983;8;0
693;10:12:57;0;22983;8;0
694;10:13:07;0;22983;8;0
695;10:13:17;0;22983;8;0
696;10:13:27;0;22983;8;0
697;10:13:37;0;22983;8;0
698;10:13:47;0;22983;8;0
699;10:13:57;0;22983;8;0
700;10:14:07;0;22983;8;0
701;10:14:17;0;22983;8;0
702;10:14:27;0;22983;8;0
703;10:14:37;0;22983;8;0
704;10:14:47;0;22983;8;0
705;10:14:57;0;22983;8;0
706;10:15:07;0;22983;8;0
707;10:15:17;0;22983;8;0
708;10:15:27;0;22983;8;0
709;10:15:37;0;22983;8;0
710;10:15:47;0;22983;8;0
711;10:15:57;0;22983;8;0
712;10:16:07;0;22983;8;0
713;10:16:17;0;22983;8;0
714;10:16:27;0;22983;8;0
715;10:16:37;0;22983;8;0
716;10:16:47;0;22983;8;0
717;10:16:57;0;22983;8;0
718;10:17:07;0;22983;8;0
719;10:17:17;0;22983;8;0
720;10:17:27;0;22983;8;0
721;10:17:37;0;22983;8;0
722;10:17:47;0;22983;8;0
723;10:17:57;0;22983;8;0
724;10:18:07;0;22983;8;0
725;10:18:17;0;22983;8;0
726;10:18:27;0;22983;8;0
727;10:18:37;0;22983;8;0
728;10:18:47;0;22983;8;0
729;10:18:57;0;22983;8;0
730;10:19:07;0;22983;8;0
731;10:19:17;0;22983;8;0
732;10:19:27;0;22983;8;0
733;10:19:37;0;22983;8;0
734;10:19:47;0;22983;8;0
735;10:19:57;0;22983;8;0
736;10:20:07;0;22983;8;0
737;10:20:17;0;22983;8;0
738;10:20:27;0;22983;8;0
739;10:20:37;0;22983;8;0
740;10:20:47;0;22983;8;0
741;10:20:57;0;22983;8;0
742;10:21:07;0;22983;8;0
743;10:21:17;0;22983;8;0
744;10:21:27;0;22983;8;0
745;10:21:37;0;22983;8;0
746;10:21:47;0;22983;8;0
747;10:21:57;0;22983;8;0
748;10:22:07;0;22983;8;0
749;10:22:17;0;22983;8;0
750;10:22:27;0;22983;8;0
751;10:22:37;0;22983;8;0
752;10:22:47;0;22983;8;0
753;10:22:57;0;22983;8;0
754;10:23:07;0;22983;8;0
755;10:23:17;0;22983;8;0
756;10:23:27;0;22983;7;0
757;10:23:37;0;22983;7;0
758;10:23:47;0;22983;7;0
759;10:23:57;0;22983;7;0
760;10:24:07;0;22983;7;0
761;10:24:17;0;22983;7;0
762;10:24:27;0;22983;7;0
763;10:24:37;0;22983;7;0
764;10:24:47;0;22983;7;0
765;10:24:57;0;22983;7;0
766;10:25:07;0;22983;7;0
767;10:25:17;0;22983;7;0
768;10:25:27;0;22983;7;0
769;10:25:37;0;22983;7;0
770;10:25:47;0;22983;7;0
771;10:25:57;0;22983;7;0
772;10:26:07;0;22983;7;0
773;10:26:17;0;22983;7;0
774;10:26:27;0;22983;7;0
775;10:26:37;0;22983;7;0
776;10:26:47;0;22983;7;0
777;10:26:57;0;22983;7;0
778;10:27:07;0;22983;7;0
779;10:27:17;0;22983;7;0
780;10:27:27;0;22983;7;0
781;10:27:37;0;22983;7;0
782;10:27:47;0;22983;7;0
783;10:27:57;0;22983;7;0
784;10:28:07;0;22983;7;0
785;10:28:17;0;22983;7;0
786;10:28:27;0;22983;7;0
787;10:28:37;0;22983;7;0
788;10:28:47;0;22983;7;0
789;10:28:57;0;22983;7;0
790;10:29:07;0;22983;7;0
791;10:29:17;0;22983;7;0
792;10:29:27;0;22983;7;0
793;10:29:37;0;22983;7;0
794;10:29:47;0;22983;7;0
795;10:29:57;0;22983;7;0
796;10:30:07;0;22983;7;0
797;10:30:17;0;22983;7;0
798;10:30:27;0;22983;7;0
799;10:30:37;0;22983;7;0
800;10:30:47;0;22983;7;0
801;10:30:57;0;22983;7;0
802;10:31:07;0;22983;7;0
803;10:31:17;0;22983;7;0
804;10:31:27;0;22983;7;0
805;10:31:37;0;22983;7;0
806;10:31:47;0;22983;7;0
807;10:31:57;0;22983;7;0
808;10:32:07;0;22983;7;0
809;10:32:17;0;22983;7;0
810;10:32:27;0;22983;7;0
811;10:32:37;0;22983;7;0
812;10:32:47;0;22983;7;0
813;10:32:57;0;22983;7;0
814;10:33:07;0;22983;7;0
815;10:33:17;0;22983;7;0
816;10:33:27;0;22983;7;0
817;10:33:37;0;22983;7;0
818;10:33:47;0;22983;7;0
819;10:33:57;0;22983;7;0
820;10:34:07;0;22983;7;0
821;10:34:17;0;22983;7;0
822;10:34:27;0;22983;7;0
823;10:34:37;0;22983;7;0
824;10:34:47;0;22983;7;0
825;10:34:57;0;22983;7;0
826;10:35:07;0;22983;7;0
827;10:35:17;0;22983;7;0
828;10:35:27;0;22983;7;0
829;10:35:37;0;22983;7;0
830;10:35:47;0;22983;7;0
831;10:35:57;0;22983;7;0
832;10:36:07;0;22983;7;0
833;10:36:17;0;22983;7;0
834;10:36:27;0;22983;7;0
835;10:36:37;0;22983;7;0
836;10:36:47;0;22983;7;0
837;10:36:57;0;22983;7;0
838;10:37:07;0;22983;7;0
839;10:37:17;0;22983;7;0
840;10:37:27;0;22983;7;0
841;10:37:37;0;22983;7;0
842;10:37:47;0;22983;7;0
843;10:37:57;0;22983;7;0
844;10:38:07;0;22983;7;0
845;10:38:17;0;22983;7;0
846;10:38:27;0;22983;7;0
847;10:38:37;0;22983;7;0
848;10:38:47;0;22983;7;0
849;10:38:57;0;22983;7;0
850;10:39:07;0;22983;7;0
851;10:39:17;0;22983;7;0
852;10:39:27;0;22983;7;0
853;10:39:37;0;22983;7;0
854;10:39:47;0;22983;7;0
855;10:39:57;0;22983;7;0
856;10:40:07;0;22983;7;0
857;10:40:17;0;22983;7;0
858;10:40:27;0;22983;7;0
859;10:40:37;0;22983;7;0
860;10:40:47;0;22983;7;0
861;10:40:57;0;22983;7;0
862;10:41:07;0;22983;7;0
863;10:41:17;0;22983;7;0
864;10:41:27;0;22983;7;0
865;10:41:37;0;22983;7;0
866;10:41:47;0;22983;7;0
867;10:41:57;0;22983;7;0
868;10:42:07;0;22983;7;0
869;10:42:17;0;22983;7;0
870;10:42:27;0;22983;7;0
871;10:42:37;0;22983;7;0
872;10:42:47;0;22983;7;0
873;10:42:57;0;22983;7;0
874;10:43:07;0;22983;7;0
875;10:43:17;0;22983;7;0
876;10:43:27;0;22983;7;0
877;10:43:37;0;22983;7;0
878;10:43:47;0;22983;7;0
879;10:43:57;0;22983;7;0
880;10:44:07;0;22983;7;0
881;10:44:17;0;22983;7;0
882;10:44:27;0;22983;7;0
883;10:44:37;0;22983;7;0
884;10:44:47;0;22983;7;0
885;10:44:57;0;22983;7;0
886;10:45:07;0;22983;7;0
887;10:45:17;0;22983;7;0
888;10:45:27;0;22983;7;0
889;10:45:37;0;22983;7;0
890;10:45:47;0;22983;7;0
891;10:45:57;0;22983;7;0
892;10:46:07;0;22983;7;0
893;10:46:17;0;22983;7;0
894;10:46:27;0;22983;7;0
895;10:46:37;0;22983;7;0
896;10:46:47;0;22983;7;0
897;10:46:57;0;22983;7;0
898;10:47:07;0;22983;7;0
899;10:47:17;0;22983;7;0
900;10:47:27;0;22983;7;0
901;10:47:37;0;22983;7;0
902;10:47:47;0;22983;7;0
903;10:47:57;0;22983;7;0
904;10:48:07;0;22983;7;0
905;10:48:17;0;22983;7;0
906;10:48:27;0;22983;7;0
907;10:48:37;0;22983;7;0
908;10:48:47;0;22983;7;0
909;10:48:57;0;22983;7;0
910;10:49:07;0;22983;7;0
911;10:49:17;0;22983;7;0
912;10:49:27;0;22983;7;0
913;10:49:37;0;22983;7;0
914;10:49:47;0;22983;7;0
915;10:49:57;0;22983;7;0
916;10:50:07;0;22983;7;0
917;10:50:17;0;22983;7;0
918;10:50:27;0;22983;7;0
919;10:50:37;0;22983;7;0
920;10:50:47;0;22983;7;0
921;10:50:57;0;22983;7;0
922;10:51:07;0;22983;7;0
923;10:51:17;0;22983;7;0
924;10:51:27;0;22983;7;0
925;10:51:37;0;22983;7;0
926;10:51:47;0;22983;7;0
927;10:51:57;0;22983;7;0
928;10:52:07;0;22983;7;0
929;10:52:17;0;22983;7;0
930;10:52:27;0;22983;7;0
931;10:52:37;0;22983;7;0
932;10:52:47;0;22983;7;0
933;10:52:57;0;22983;7;0
934;10:53:07;0;22983;7;0
935;10:53:17;0;22983;7;0
936;10:53:27;0;22983;7;0
937;10:53:37;0;22983;7;0
938;10:53:47;0;22983;7;0
939;10:53:57;0;22983;7;0
940;10:54:07;0;22983;7;0
941;10:54:17;0;22983;7;0
942;10:54:27;0;22983;7;0
943;10:54:37;0;22983;7;0
944;10:54:47;0;22983;7;0
945;10:54:57;0;22983;7;0
946;10:55:07;0;22983;7;0
947;10:55:17;0;22983;7;0
948;10:55:27;0;22983;7;0
949;10:55:37;0;22983;7;0
950;10:55:47;0;22983;7;0
951;10:55:57;0;22983;7;0
952;10:56:07;0;22983;7;0
953;10:56:17;0;22983;7;0
954;10:56:27;0;22983;7;0
955;10:56:37;0;22983;7;0
956;10:56:47;0;22983;7;0
957;10:56:57;0;22983;7;0
958;10:57:07;0;22983;7;0
959;10:57:17;0;22983;7;0
960;10:57:27;0;22983;7;0
961;10:57:37;0;22983;7;0
962;10:57:47;0;22983;7;0
963;10:57:57;0;22983;7;0
964;10:58:07;0;22983;7;0
965;10:58:17;0;22983;7;0
966;10:58:27;0;22983;7;0
967;10:58:37;0;22983;7;0
968;10:58:47;0;22983;7;0
969;10:58:57;0;22983;7;0
970;10:59:07;0;22983;7;0
971;10:59:17;0;22983;7;0
972;10:59:27;0;22983;7;0
973;10:59:37;0;22983;7;0
974;10:59:47;0;22983;7;0
975;10:59:57;0;22983;7;0
976;11:00:07;0;22983;7;0
977;11:00:17;0;22983;7;0
978;11:00:27;0;22983;7;0
979;11:00:37;0;22983;7;0
980;11:00:47;0;22983;7;0
981;11:00:57;0;22983;7;0
982;11:01:07;0;22983;7;0
983;11:01:17;0;22983;7;0
984;11:01:27;0;22983;7;0
985;11:01:37;0;22983;7;0
986;11:01:47;0;22983;7;0
987;11:01:57;0;22983;7;0
988;11:02:07;0;22983;7;0
989;11:02:17;0;22983;7;0
990;11:02:27;0;22983;7;0
991;11:02:37;0;22983;7;0
992;11:02:47;0;22983;7;0
993;11:02:57;0;22983;7;0
994;11:03:07;0;22983;7;0
995;11:03:17;0;22983;7;0
996;11:03:27;0;22983;7;0
997;11:03:37;0;22983;7;0
998;11:03:47;0;22983;7;0
999;11:03:57;0;22983;7;0
1000;11:04:07;0;22983;7;0
1001;11:04:17;0;22983;7;0
1002;11:04:27;0;22983;7;0
1003;11:04:37;0;22983;7;0
1004;11:04:47;0;22983;7;0
1005;11:04:57;0;22983;7;0
1006;11:05:07;0;22983;7;0
1007;11:05:17;0;22983;7;0
1008;11:05:27;0;22983;7;0
1009;11:05:37;0;22983;7;0
1010;11:05:47;0;22983;7;0
1011;11:05:57;0;22983;7;0
1012;11:06:07;0;22983;7;0
1013;11:06:17;0;22983;7;0
1014;11:06:27;0;22983;7;0
1015;11:06:37;0;22983;7;0
1016;11:06:47;0;22983;7;0
1017;11:06:57;0;22983;7;0
1018;11:07:07;0;22983;7;0
1019;11:07:17;0;22983;7;0
1020;11:07:27;0;22983;7;0
1021;11:07:37;0;22983;7;0
1022;11:07:47;0;22983;7;0
1023;11:07:57;0;22983;7;0
1024;11:08:07;0;22983;7;0
1025;11:08:17;0;22983;7;0
1026;11:08:27;0;22983;7;0
1027;11:08:37;0;22983;7;0
1028;11:08:47;0;22983;7;0
1029;11:08:57;0;22983;7;0
1030;11:09:07;0;22983;7;0
1031;11:09:17;0;22983;7;0
1032;11:09:27;0;22983;7;0
1033;11:09:37;0;22983;7;0
1034;11:09:47;0;22983;7;0
1035;11:09:57;0;22983;7;0
1036;11:10:07;0;22983;7;0
1037;11:10:17;0;22983;7;0
1038;11:10:27;0;22983;7;0
1039;11:10:37;0;22983;7;0
1040;11:10:47;0;22983;7;0
1041;11:10:57;0;22983;7;0
1042;11:11:07;0;22983;7;0
1043;11:11:17;0;22983;7;0
1044;11:11:27;0;22983;7;0
1045;11:11:37;0;22983;7;0
1046;11:11:47;0;22983;7;0
1047;11:11:57;0;22983;7;0
1048;11:12:07;0;22983;7;0
1049;11:12:17;0;22983;7;0
1050;11:12:27;0;22983;7;0
1051;11:12:37;0;22983;7;0
1052;11:12:47;0;22983;7;0
1053;11:12:57;0;22983;7;0
1054;11:13:07;0;22983;7;0
1055;11:13:17;0;22983;7;0
1056;11:13:27;0;22983;7;0
1057;11:13:37;0;22983;7;0
1058;11:13:47;0;22983;7;0
1059;11:13:57;0;22983;7;0
1060;11:14:07;0;22983;7;0
1061;11:14:17;0;22983;7;0
1062;11:14:27;0;22983;7;0
1063;11:14:37;0;22983;7;0
1064;11:14:47;0;22983;7;0
1065;11:14:57;0;22983;7;0
1066;11:15:07;0;22983;7;0
1067;11:15:17;0;22983;7;0
1068;11:15:27;0;22983;7;0
1069;11:15:37;0;22983;7;0
1070;11:15:47;0;22983;7;0
1071;11:15:57;0;22983;7;0
1072;11:16:07;0;22983;7;0
1073;11:16:17;0;22983;7;0
1074;11:16:27;0;22983;7;0
1075;11:16:37;0;22983;7;0
1076;11:16:47;0;22983;7;0
1077;11:16:57;0;22983;7;0
1078;11:17:07;0;22983;7;0
1079;11:17:17;0;22983;7;0
1080;11:17:27;0;22983;7;0
1081;11:17:37;0;22983;7;0
1082;11:17:47;0;22983;7;0
1083;11:17:57;0;22983;7;0
1084;11:18:07;0;22983;7;0
1085;11:18:17;0;22983;7;0
1086;11:18:27;0;22983;7;0
1087;11:18:37;0;22983;7;0
1088;11:18:47;0;22983;7;0
1089;11:18:57;0;22983;7;0
1090;11:19:07;0;22983;7;0
1091;11:19:17;0;22983;7;0
1092;11:19:27;0;22983;7;0
1093;11:19:37;0;22983;7;0
1094;11:19:47;0;22983;7;0
1095;11:19:57;0;22983;7;0
1096;11:20:07;0;22983;7;0
1097;11:20:17;0;22983;7;0
1098;11:20:27;0;22983;7;0
1099;11:20:37;0;22983;7;0
1100;11:20:47;0;22983;7;0
1101;11:20:57;0;22983;7;0
1102;11:21:07;0;22983;7;0
1103;11:21:17;0;22983;7;0
1104;11:21:27;0;22983;7;0
1105;11:21:37;0;22983;7;0
1106;11:21:47;0;22983;7;0
1107;11:21:57;0;22983;7;0
1108;11:22:07;0;22983;7;0
1109;11:22:17;0;22983;7;0
1110;11:22:27;0;22983;7;0
1111;11:22:37;0;22983;7;0
1112;11:22:47;0;22983;7;0
1113;11:22:57;0;22983;7;0
1114;11:23:07;0;22983;7;0
1115;11:23:17;0;22983;7;0
1116;11:23:27;0;22983;7;0
1117;11:23:37;0;22983;7;0
1118;11:23:47;0;22983;7;0
1119;11:23:57;0;22983;7;0
1120;11:24:07;0;22983;7;0
1121;11:24:17;0;22983;7;0
1122;11:24:27;0;22983;7;0
1123;11:24:37;0;22983;7;0
1124;11:24:47;0;22983;7;0
1125;11:24:57;0;22983;7;0
1126;11:25:07;0;22983;7;0
1127;11:25:17;0;22983;7;0
1128;11:25:27;0;22983;7;0
1129;11:25:37;0;22983;7;0
1130;11:25:47;0;22983;7;0
1131;11:25:57;0;22983;7;0
1132;11:26:07;0;22983;7;0
1133;11:26:17;0;22983;7;0
1134;11:26:27;0;22983;7;0
1135;11:26:37;0;22983;7;0
1136;11:26:47;0;22983;7;0
1137;11:26:57;0;22983;7;0
1138;11:27:07;0;22983;7;0
1139;11:27:17;0;22983;7;0
1140;11:27:27;0;22983;7;0
1141;11:27:37;0;22983;7;0
1142;11:27:47;0;22983;7;0
1143;11:27:57;0;22983;7;0
1144;11:28:07;0;22983;7;0
1145;11:28:17;0;22983;7;0
1146;11:28:27;0;22983;7;0
1147;11:28:37;0;22983;7;0
1148;11:28:47;0;22983;7;0
1149;11:28:57;0;22983;7;0
1150;11:29:07;0;22983;7;0
1151;11:29:17;0;22983;7;0
1152;11:29:27;0;22983;7;0
1153;11:29:37;0;22983;7;0
1154;11:29:47;0;22983;7;0
1155;11:29:57;0;22983;7;0
1156;11:30:07;0;22983;7;0
1157;11:30:17;0;22983;7;0
1158;11:30:27;0;22983;7;0
1159;11:30:37;0;22983;7;0
1160;11:30:47;0;22983;7;0
1161;11:30:57;0;22983;7;0
1162;11:31:07;0;22983;7;0
1163;11:31:17;0;22983;7;0
1164;11:31:27;0;22983;7;0
1165;11:31:37;0;22983;7;0
1166;11:31:47;0;22983;7;0
1167;11:31:57;0;22983;7;0
1168;11:32:07;0;22983;7;0
1169;11:32:17;0;22983;7;0
1170;11:32:27;0;22983;7;0
1171;11:32:37;0;22983;7;0
1172;11:32:47;0;22983;7;0
1173;11:32:57;0;22983;7;0
1174;11:33:07;0;22983;7;0
1175;11:33:17;0;22983;7;0
1176;11:33:27;0;22983;7;0
1177;11:33:37;0;22983;7;0
1178;11:33:47;0;22983;7;0
1179;11:33:57;0;22983;7;0
1180;11:34:07;0;22983;7;0
1181;11:34:17;0;22983;7;0
1182;11:34:27;0;22983;7;0
1183;11:34:37;0;22983;7;0
1184;11:34:47;0;22983;7;0
1185;11:34:57;0;22983;7;0
1186;11:35:07;0;22983;7;0
1187;11:35:17;0;22983;7;0
1188;11:35:27;0;22983;7;0
1189;11:35:37;0;22983;7;0
1190;11:35:47;0;22983;7;0
1191;11:35:57;0;22983;7;0
1192;11:36:07;0;22983;7;0
1193;11:36:17;0;22983;7;0
1194;11:36:27;0;22983;7;0
1195;11:36:37;0;22983;7;0
1196;11:36:47;0;22983;7;0
1197;11:36:57;0;22983;7;0
1198;11:37:07;0;22983;7;0
1199;11:37:17;0;22983;7;0
1200;11:37:27;0;22983;7;0
1201;11:37:37;0;22983;7;0
1202;11:37:47;0;22983;7;0
1203;11:37:57;0;22983;7;0
1204;11:38:07;0;22983;7;0
1205;11:38:17;0;22983;7;0
1206;11:38:27;0;22983;7;0
1207;11:38:37;0;22983;7;0
1208;11:38:47;0;22983;7;0
1209;11:38:57;0;22983;7;0
1210;11:39:07;0;22983;7;0
1211;11:39:17;0;22983;7;0
1212;11:39:27;0;22983;7;0
1213;11:39:37;0;22983;7;0
1214;11:39:47;0;22983;7;0
1215;11:39:57;0;22983;7;0
1216;11:40:07;0;22983;7;0
1217;11:40:17;0;22983;7;0
1218;11:40:27;0;22983;7;0
1219;11:40:37;0;22983;7;0
1220;11:40:47;0;22983;7;0
1221;11:40:57;0;22983;7;0
1222;11:41:07;0;22983;7;0
1223;11:41:17;0;22983;7;0
1224;11:41:27;0;22983;7;0
1225;11:41:37;0;22983;7;0
1226;11:41:47;0;22983;7;0
1227;11:41:57;0;22983;7;0
1228;11:42:07;0;22983;7;0
1229;11:42:17;0;22983;7;0
1230;11:42:27;0;22983;7;0
1231;11:42:37;0;22983;7;0
1232;11:42:47;0;22983;7;0
1233;11:42:57;0;22983;7;0
1234;11:43:07;0;22983;7;0
1235;11:43:17;0;22983;7;0
1236;11:43:27;0;22983;7;0
1237;11:43:37;0;22983;7;0
1238;11:43:47;0;22983;7;0
1239;11:43:57;0;22983;7;0
1240;11:44:07;0;22983;7;0
1241;11:44:17;0;22983;7;0
1242;11:44:27;0;22983;7;0
1243;11:44:37;0;22983;7;0
1244;11:44:47;0;22983;7;0
1245;11:44:57;0;22983;7;0
1246;11:45:07;0;22983;7;0
1247;11:45:17;0;22983;7;0
1248;11:45:27;0;22983;7;0
1249;11:45:37;0;22983;7;0
1250;11:45:47;0;22983;7;0
1251;11:45:57;0;22983;7;0
1252;11:46:07;0;22983;7;0
1253;11:46:17;0;22983;7;0
1254;11:46:27;0;22983;7;0
1255;11:46:37;0;22983;7;0
1256;11:46:47;0;22983;7;0
1257;11:46:57;0;22983;7;0
1258;11:47:07;0;22983;7;0
1259;11:47:17;0;22983;7;0
1260;11:47:27;0;22983;7;0
1261;11:47:37;0;22983;7;0
1262;11:47:47;0;22983;7;0
1263;11:47:57;0;22983;7;0
1264;11:48:07;0;22983;7;0
1265;11:48:17;0;22983;7;0
1266;11:48:27;0;22983;7;0
1267;11:48:37;0;22983;7;0
1268;11:48:47;0;22983;7;0
1269;11:48:57;0;22983;7;0
1270;11:49:07;0;22983;7;0
1271;11:49:17;0;22983;7;0
1272;11:49:27;0;22983;7;0
1273;11:49:37;0;22983;7;0
1274;11:49:47;0;22983;7;0
1275;11:49:57;0;22983;7;0
1276;11:50:07;0;22983;7;0
1277;11:50:17;0;22983;7;0
1278;11:50:27;0;22983;7;0
1279;11:50:37;0;22983;7;0
1280;11:50:47;0;22983;7;0
1281;11:50:57;0;22983;7;0
1282;11:51:07;0;22983;7;0
1283;11:51:17;0;22983;7;0
1284;11:51:27;0;22983;7;0
1285;11:51:37;0;22983;7;0
1286;11:51:47;0;22983;7;0
1287;11:51:57;0;22983;7;0
1288;11:52:07;0;22983;7;0
1289;11:52:17;0;22983;7;0
1290;11:52:27;0;22983;7;0
1291;11:52:37;0;22983;7;0
1292;11:52:47;0;22983;7;0
1293;11:52:57;0;22983;7;0
1294;11:53:07;0;22983;7;0
1295;11:53:17;0;22983;7;0
1296;11:53:27;0;22983;7;0
1297;11:53:37;0;22983;7;0
1298;11:53:47;0;22983;7;0
1299;11:53:57;0;22983;7;0
1300;11:54:07;0;22983;7;0
1301;11:54:17;0;22983;7;0
1302;11:54:27;0;22983;7;0
1303;11:54:37;0;22983;7;0
1304;11:54:47;0;22983;7;0
1305;11:54:57;0;22983;7;0
1306;11:55:07;0;22983;7;0
1307;11:55:17;0;22983;7;0
1308;11:55:27;0;22983;7;0
1309;11:55:37;0;22983;7;0
1310;11:55:47;0;22983;7;0
1311;11:55:57;0;22983;7;0
1312;11:56:07;0;22983;7;0
1313;11:56:17;0;22983;7;0
1314;11:56:27;0;22983;7;0
1315;11:56:37;0;22983;7;0
1316;11:56:47;0;22983;7;0
1317;11:56:57;0;22983;7;0
1318;11:57:07;0;22983;7;0
1319;11:57:17;0;22983;7;0
1320;11:57:27;0;22983;7;0
1321;11:57:37;0;22983;7;0
1322;11:57:47;0;22983;7;0
1323;11:57:57;0;22983;7;0
1324;11:58:07;0;22983;7;0
1325;11:58:17;0;22983;7;0
1326;11:58:27;0;22983;7;0
1327;11:58:37;0;22983;7;0
1328;11:58:47;0;22983;7;0
1329;11:58:57;0;22983;7;0
1330;11:59:07;0;22983;7;0
1331;11:59:17;0;22983;7;0
1332;11:59:27;0;22983;7;0
1333;11:59:37;0;22983;7;0
1334;11:59:47;0;22983;7;0
1335;11:59:57;0;22983;7;0
1336;12:00:07;0;22983;7;0
1337;12:00:17;0;22983;7;0
1338;12:00:27;0;22983;7;0
1339;12:00:37;0;22983;7;0
1340;12:00:47;0;22983;7;0
1341;12:00:57;0;22983;7;0
1342;12:01:07;0;22983;7;0
1343;12:01:17;0;22983;7;0
1344;12:01:27;0;22983;7;0
1345;12:01:37;0;22983;7;0
1346;12:01:47;0;22983;7;0
1347;12:01:57;0;22983;7;0
1348;12:02:07;0;22983;7;0
1349;12:02:17;0;22983;7;0
1350;12:02:27;0;22983;7;0
1351;12:02:37;0;22983;7;0
1352;12:02:47;0;22983;7;0
1353;12:02:57;0;22983;7;0
1354;12:03:07;0;22983;7;0
1355;12:03:17;0;22983;7;0
1356;12:03:27;0;22983;7;0
1357;12:03:37;0;22983;7;0
1358;12:03:47;0;22983;7;0
1359;12:03:57;0;22983;7;0
1360;12:04:07;0;22983;7;0
1361;12:04:17;0;22983;7;0
1362;12:04:27;0;22983;7;0
1363;12:04:37;0;22983;7;0
1364;12:04:47;0;22983;7;0
1365;12:04:57;0;22983;7;0
1366;12:05:07;0;22983;7;0
1367;12:05:17;0;22983;7;0
1368;12:05:27;0;22983;7;0
1369;12:05:37;0;22983;7;0
1370;12:05:47;0;22983;7;0
1371;12:05:57;0;22983;7;0
1372;12:06:07;0;22983;7;0
1373;12:06:17;0;22983;7;0
1374;12:06:27;4;22983;7;0
1375;12:06:37;4;22983;7;0
1376;12:06:47;4;22983;7;0
1377;12:06:57;4;0;7;0
1378;12:07:07;4;0;7;0
1379;12:07:17;4;0;7;0
1380;12:07:27;4;0;7;0
1381;12:07:37;4;0;7;0
1382;12:07:47;4;0;7;0
1383;12:07:57;4;0;7;0
1384;12:08:07;19;0;7;0
1385;12:08:17;34;0;7;0
1386;12:08:27;55;0;7;0
1387;12:08:37;78;0;7;0
1388;12:08:47;100;0;7;0
1389;12:08:57;124;0;7;0
1390;12:09:07;149;0;7;0
1391;12:09:17;174;0;7;0
1392;12:09:27;200;0;7;0
1393;12:09:37;227;0;8;0
1394;12:09:47;253;0;8;0
1395;12:09:57;279;1;8;0
1396;12:10:07;302;1;8;0
1397;12:10:17;329;1;8;0
1398;12:10:27;355;1;8;0
1399;12:10:37;381;1;8;0
1400;12:10:47;408;1;8;0
1401;12:10:57;434;1;8;0
1402;12:11:07;460;1;9;0
1403;12:11:17;487;1;9;0
1404;12:11:27;514;2;9;0
1405;12:11:37;539;38;9;0
1406;12:11:47;551;93;10;0
1407;12:11:57;562;163;11;0
1408;12:12:07;567;244;10;0
1409;12:12:17;571;326;10;0
1410;12:12:27;575;414;12;0
1411;12:12:37;578;501;11;0
1412;12:12:47;579;592;12;0
1413;12:12:57;580;690;12;0
1414;12:13:07;580;786;12;0
1415;12:13:17;580;885;12;0
1416;12:13:27;580;978;13;0
1417;12:13:37;580;1074;12;0
1418;12:13:47;580;1172;11;0
1419;12:13:57;580;1268;12;0
1420;12:14:07;579;1367;13;0
1421;12:14:17;579;1462;13;0
1422;12:14:27;579;1561;11;0
1423;12:14:37;579;1657;11;0
1424;12:14:47;579;1755;12;0
1425;12:14:57;578;1851;12;0
1426;12:15:07;574;1944;12;0
1427;12:15:17;559;2042;11;0
1428;12:15:27;533;2138;12;0
1429;12:15:37;507;2236;13;0
1430;12:15:47;484;2332;13;0
1431;12:15:57;478;2430;12;0
1432;12:16:07;471;2526;12;0
1433;12:16:17;464;2624;11;0
1434;12:16:27;461;2720;11;0
1435;12:16:37;459;2817;10;0
1436;12:16:47;458;2910;10;0
1437;12:16:57;457;3006;10;0
1438;12:17:07;457;3104;11;0
1439;12:17:17;458;3200;10;0
1440;12:17:27;459;3297;9;0
1441;12:17:37;460;3393;9;0
1442;12:17:47;463;3488;10;0
1443;12:17:57;465;3586;9;0
1444;12:18:07;468;3681;9;0
1445;12:18:17;470;3779;9;0
1446;12:18:27;473;3872;10;0
1447;12:18:37;477;3963;10;0
1448;12:18:47;485;4036;10;0
1449;12:18:57;504;4037;11;0
1450;12:19:07;534;0;11;0
1451;12:19:17;564;1;11;0
1452;12:19:27;591;62;12;0
1453;12:19:37;602;134;11;0
1454;12:19:47;613;207;11;0
1455;12:19:57;623;287;12;0
1456;12:20:07;631;370;12;0
1457;12:20:17;637;463;13;0
1458;12:20:27;643;557;12;0
1459;12:20:37;647;654;12;0
1460;12:20:47;652;750;12;0
1461;12:20:57;656;852;13;0
1462;12:21:07;659;952;13;0
1463;12:21:17;662;1057;13;0
1464;12:21:27;664;1161;13;0
1465;12:21:37;666;1267;13;0
1466;12:21:47;668;1368;14;0
1467;12:21:57;670;1474;13;0
1468;12:22:07;672;1585;13;0
1469;12:22:17;672;1695;13;0
1470;12:22:27;673;1808;12;0
1471;12:22:37;673;1920;12;0
1472;12:22:47;673;2030;12;0
1473;12:22:57;674;2145;12;0
1474;12:23:07;674;2255;12;0
1475;12:23:17;674;2370;12;0
1476;12:23:27;674;2477;11;0
1477;12:23:37;675;2589;11;0
1478;12:23:47;675;2703;11;0
1479;12:23:57;675;2814;11;0
1480;12:24:07;675;2929;12;0
1481;12:24:17;675;3040;11;0
1482;12:24:27;675;3155;11;0
1483;12:24:37;675;3266;11;0
1484;12:24:47;675;3380;12;0
1485;12:24:57;675;3492;13;0
1486;12:25:07;675;3600;13;0
1487;12:25:17;675;3714;13;0
1488;12:25:27;675;3825;12;0
1489;12:25:37;676;3940;12;0
1490;12:25:47;676;4051;13;0
1491;12:25:57;676;4165;13;0
1492;12:26:07;676;4277;13;0
1493;12:26:17;676;4391;12;0
1494;12:26:27;676;4504;11;0
1495;12:26:37;676;4617;10;0
1496;12:26:47;676;4726;11;0
1497;12:26:57;676;4838;11;0
1498;12:27:07;676;4952;11;0
1499;12:27:17;676;5065;10;0
1500;12:27:27;676;5178;10;0
1501;12:27:37;677;5291;11;0
1502;12:27:47;677;5403;10;0
1503;12:27:57;677;5518;11;0
1504;12:28:07;677;5630;12;0
1505;12:28:17;678;5745;12;0
1506;12:28:27;678;5853;10;0
1507;12:28:37;678;5965;11;0
1508;12:28:47;678;6080;11;0
1509;12:28:57;678;6192;11;0
1510;12:29:07;678;6307;12;0
1511;12:29:17;678;6419;12;0
1512;12:29:27;678;6534;12;0
1513;12:29:37;678;6646;12;0
1514;12:29:47;678;6761;12;0
1515;12:29:57;678;6873;12;0
1516;12:30:07;678;6982;11;0
1517;12:30:17;678;7097;11;0
1518;12:30:27;679;7209;10;0
1519;12:30:37;679;7324;10;0
1520;12:30:47;680;7436;9;0
1521;12:30:57;680;7551;9;0
1522;12:31:07;681;7663;10;0
1523;12:31:17;681;7778;11;0
1524;12:31:27;681;7890;11;0
1525;12:31:37;682;8004;10;0
1526;12:31:47;682;8113;10;0
1527;12:31:57;683;8226;10;0
1528;12:32:07;683;8340;11;0
1529;12:32:17;683;8453;10;0
1530;12:32:27;684;8567;10;0
1531;12:32:37;684;8680;10;0
1532;12:32:47;685;8792;11;0
1533;12:32:57;685;8908;11;0
1534;12:33:07;685;9019;11;0
1535;12:33:17;686;9135;12;0
1536;12:33:27;686;9243;12;0
1537;12:33:37;687;9355;12;0
1538;12:33:47;687;9472;11;0
1539;12:33:57;686;9585;11;0
1540;12:34:07;686;9703;10;0
1541;12:34:17;686;9816;11;0
1542;12:34:27;686;9934;12;0
1543;12:34:37;685;10048;11;0
1544;12:34:47;685;10165;11;0
1545;12:34:57;684;10279;11;0
1546;12:35:07;684;10389;11;0
1547;12:35:17;684;10507;12;0
1548;12:35:27;683;10621;11;0
1549;12:35:37;682;10737;11;0
1550;12:35:47;682;10851;12;0
1551;12:35:57;681;10967;12;0
1552;12:36:07;681;11081;12;0
1553;12:36:17;680;11197;12;0
1554;12:36:27;680;11311;12;0
1555;12:36:37;679;11426;13;0
1556;12:36:47;679;11536;12;0
1557;12:36:57;678;11650;11;0
1558;12:37:07;678;11765;12;0
1559;12:37:17;678;11879;13;0
1560;12:37:27;677;11992;13;0
1561;12:37:37;677;12108;13;0
1562;12:37:47;677;12220;12;0
1563;12:37:57;676;12336;12;0
1564;12:38:07;676;12448;13;0
1565;12:38:17;676;12563;12;0
1566;12:38:27;675;12672;11;0
1567;12:38:37;675;12784;11;0
1568;12:38:47;675;12899;11;0
1569;12:38:57;675;13011;11;0
1570;12:39:07;675;13126;12;0
1571;12:39:17;675;13238;11;0
1572;12:39:27;675;13353;12;0
1573;12:39:37;675;13464;11;0
1574;12:39:47;674;13579;12;0
1575;12:39:57;674;13691;11;0
1576;12:40:07;674;13799;12;0
1577;12:40:17;674;13914;11;0
1578;12:40:27;674;14026;11;0
1579;12:40:37;674;14140;10;0
1580;12:40:47;674;14252;10;0
1581;12:40:57;674;14366;10;0
1582;12:41:07;674;14479;12;0
1583;12:41:17;674;14593;12;0
1584;12:41:27;674;14705;13;0
1585;12:41:37;675;14819;12;0
1586;12:41:47;675;14928;13;0
1587;12:41:57;674;15040;12;0
1588;12:42:07;674;15154;12;0
1589;12:42:17;674;15266;12;0
1590;12:42:27;674;15380;12;0
1591;12:42:37;674;15492;12;0
1592;12:42:47;675;15604;13;0
1593;12:42:57;674;15718;13;0
1594;12:43:07;674;15830;14;0
1595;12:43:17;674;15943;14;0
1596;12:43:27;674;16050;14;0
1597;12:43:37;674;16161;13;0
1598;12:43:47;674;16276;13;0
1599;12:43:57;674;16388;13;0
1600;12:44:07;674;16503;14;0
1601;12:44:17;674;16614;14;0
1602;12:44:27;674;16729;13;0
1603;12:44:37;674;16840;14;0
1604;12:44:47;674;16955;14;0
1605;12:44:57;674;17067;15;0
1606;12:45:07;674;17175;15;0
1607;12:45:17;674;17289;15;0
1608;12:45:27;674;17401;14;0
1609;12:45:37;673;17515;14;0
1610;12:45:47;672;17627;15;0
1611;12:45:57;672;17741;15;0
1612;12:46:07;672;17853;16;0
1613;12:46:17;672;17967;15;0
1614;12:46:27;671;18079;15;0
1615;12:46:37;671;18191;15;0
1616;12:46:47;671;18301;13;0
1617;12:46:57;671;18413;15;0
1618;12:47:07;671;18527;14;0
1619;12:47:17;671;18639;13;0
1620;12:47:27;670;18750;13;0
1621;12:47:37;670;18865;13;0
1622;12:47:47;670;18976;14;0
1623;12:47:57;669;19091;15;0
1624;12:48:07;669;19203;15;0
1625;12:48:17;668;19317;14;0
1626;12:48:27;668;19425;14;0
1627;12:48:37;668;19537;14;0
1628;12:48:47;667;19651;14;0
1629;12:48:57;667;19763;14;0
1630;12:49:07;666;19876;14;0
1631;12:49:17;666;19985;15;0
1632;12:49:27;666;20097;14;0
1633;12:49:37;666;20207;15;0
1634;12:49:47;666;20320;15;0
1635;12:49:57;665;20430;14;0
1636;12:50:07;665;20537;15;0
1637;12:50:17;635;20650;15;0
1638;12:50:27;604;20761;15;0
1639;12:50:37;574;20874;16;0
1640;12:50:47;543;20985;15;0
1641;12:50:57;513;21097;16;0
1642;12:51:07;483;21208;16;0
1643;12:51:17;452;21320;16;0
1644;12:51:27;422;21431;16;0
1645;12:51:37;392;21541;16;0
1646;12:51:47;361;21650;16;0
1647;12:51:57;331;21760;16;0
1648;12:52:07;301;21872;15;0
1649;12:52:17;271;21983;15;0
1650;12:52:27;241;22093;15;0
1651;12:52:37;210;22206;14;0
1652;12:52:47;180;22315;13;0
1653;12:52:57;150;22428;12;0
1654;12:53:07;120;22538;11;0
1655;12:53:17;90;22651;10;0
1656;12:53:27;60;22757;9;0
1657;12:53:37;30;22866;8;0
1658;12:53:47;0;22909;8;0
1659;12:53:57;0;22909;7;0
1660;12:54:07;0;22909;7;0
1661;12:54:17;0;22909;6;0
1662;12:54:27;0;22909;5;0
1663;12:54:37;0;22909;5;0
1664;12:54:47;0;22909;5;0
1665;12:54:57;0;22909;4;0
1666;12:55:07;0;22909;4;0
1667;12:55:17;0;22909;3;0
1668;12:55:27;0;22909;3;0
1669;12:55:37;0;22909;3;0
1670;12:55:47;0;22909;3;0
1671;12:55:57;0;22909;2;0
1672;12:56:07;0;22909;2;0
1673;12:56:17;0;22909;2;0
1674;12:56:27;0;22909;1;0
1675;12:56:37;0;22909;1;0
1676;12:56:47;0;22909;1;0
1677;12:56:57;0;22909;1;0
1678;12:57:07;0;22909;1;0
1679;12:57:17;0;22909;1;0
1680;12:57:27;0;22909;1;0
1681;12:57:37;0;22909;1;0
1682;12:57:47;0;22909;1;0
1683;12:57:57;0;22909;0;0
1684;12:58:07;0;22909;0;0
1685;12:58:17;0;22909;0;0
1686;12:58:27;0;22909;0;0
1687;12:58:37;0;22909;0;0
1688;12:58:47;0;22909;0;0
1689;12:58:57;0;22909;0;0
1690;12:59:07;0;22909;0;0
1691;12:59:17;0;22909;0;0
1692;12:59:27;0;22909;0;0
1693;12:59:37;0;22909;0;0
1694;12:59:47;0;22909;0;0
1695;12:59:57;0;22909;0;0
1696;13:00:07;0;22909;0;0
1697;13:00:17;0;22909;0;0
1698;13:00:27;0;22909;0;0
1699;13:00:37;0;22909;0;0
1700;13:00:47;0;22909;0;0
1701;13:00:57;0;22909;0;0
1702;13:01:07;0;22909;0;0
1703;13:01:17;0;22909;0;0
1704;13:01:27;0;22909;0;0
1705;13:01:37;0;22909;0;0
1706;13:01:47;0;22909;0;0
1707;13:01:57;0;22909;0;0
1708;13:02:07;0;22909;0;0
1709;13:02:17;0;22909;0;0
1710;13:02:27;0;22909;0;0
1711;13:02:37;0;22909;0;0
1712;13:02:47;0;22909;0;0
1713;13:02:57;0;22909;0;0
1714;13:03:07;0;22909;0;0
1715;13:03:17;0;22909;0;0
1716;13:03:27;0;22909;0;0
1717;13:03:37;0;22909;0;0
1718;13:03:47;0;22909;0;0
1719;13:03:57;0;22909;0;0
1720;13:04:07;0;22909;0;0
1721;13:04:17;0;22909;0;0
1722;13:04:27;0;22909;0;0
1723;13:04:37;0;22909;0;0
1724;13:04:47;0;22909;0;0
1725;13:04:57;0;22909;0;0
1726;13:05:07;0;22909;0;0
1727;13:05:17;0;22909;0;0
1728;13:05:27;0;22909;0;0
1729;13:05:37;0;22909;0;0
1730;13:05:47;0;22909;0;0
1731;13:05:57;0;22909;0;0
1732;13:06:07;0;22909;0;0
1733;13:06:17;0;22909;0;0
1734;13:06:27;0;22909;0;0
1735;13:06:37;0;22909;0;0
1736;13:06:47;0;22909;0;0
1737;13:06:57;0;22909;0;0
1738;13:07:07;0;22909;0;0
1739;13:07:17;0;22909;0;0
1740;13:07:27;0;22909;0;0
1741;13:07:37;0;22909;0;0
1742;13:07:47;0;22909;0;0
1743;13:07:57;0;22909;0;0
1744;13:08:07;0;22909;0;0
1745;13:08:17;0;22909;0;0
1746;13:08:27;0;22909;0;0
1747;13:08:37;0;22909;0;0
1748;13:08:47;0;22909;0;0
1749;13:08:57;0;22909;0;0
1750;13:09:07;0;22909;0;0
1751;13:09:17;0;22909;0;0
1752;13:09:27;0;22909;0;0
1753;13:09:37;0;22909;0;0
1754;13:09:47;0;22909;0;0
1755;13:09:57;0;22909;0;0
1756;13:10:07;0;22909;0;0
1757;13:10:17;0;22909;0;0
1758;13:10:27;0;22909;0;0
1759;13:10:37;0;22909;0;0
1760;13:10:47;0;22909;0;0
1761;13:10:57;0;22909;0;0
1762;13:11:07;0;22909;0;0
1763;13:11:17;0;22909;0;0
1764;13:11:27;0;22909;0;0
1765;13:11:37;0;22909;0;0
1766;13:11:47;0;22909;0;0
1767;13:11:57;0;22909;0;0
1768;13:12:07;0;22909;0;0
1769;13:12:17;0;22909;0;0
1770;13:12:27;0;22909;0;0
1771;13:12:37;0;22909;0;0
1772;13:12:47;0;22909;0;0
1773;13:12:57;0;22909;0;0
1774;13:13:07;0;22909;0;0
1775;13:13:17;0;22909;0;0
1776;13:13:27;0;22909;0;0
1777;13:13:37;0;22909;0;0
1778;13:13:47;0;22909;0;0
1779;13:13:57;0;22909;0;0
1780;13:14:07;0;22909;0;0
1781;13:14:17;0;22909;0;0
1782;13:14:27;0;22909;0;0
1783;13:14:37;0;22909;0;0
1784;13:14:47;0;22909;0;0
1785;13:14:57;0;22909;0;0
1786;13:15:07;0;22909;0;0
1787;13:15:17;0;22909;0;0
1788;13:15:27;0;22909;0;0
1789;13:15:37;0;22909;0;0
1790;13:15:47;0;22909;0;0
1791;13:15:57;0;22909;0;0
1792;13:16:07;0;22909;0;0
1793;13:16:17;0;22909;0;0
1794;13:16:27;0;22909;0;0
1795;13:16:37;0;22909;0;0
1796;13:16:47;0;22909;0;0
1797;13:16:57;0;22909;0;0
1798;13:17:07;0;22909;0;0
1799;13:17:17;0;22909;0;0
1800;13:17:27;0;22909;0;0
1801;13:17:37;0;22909;0;0
1802;13:17:47;0;22909;0;0
1803;13:17:57;0;22909;0;0
1804;13:18:07;0;22909;0;0
1805;13:18:17;0;22909;0;0
1806;13:18:27;0;22909;0;0
1807;13:18:37;0;22909;0;0
1808;13:18:47;0;22909;0;0
1809;13:18:57;0;22909;0;0
1810;13:19:07;0;22909;0;0
1811;13:19:17;0;22909;0;0
1812;13:19:27;0;22909;0;0
1813;13:19:37;0;22909;0;0
1814;13:19:47;0;22909;0;0
1815;13:19:57;0;22909;0;0
1816;13:20:07;0;22909;0;0
1817;13:20:17;0;22909;0;0
1818;13:20:27;0;22909;0;0
1819;13:20:37;0;22909;0;0
1820;13:20:47;0;22909;0;0
1821;13:20:57;0;22909;0;0
1822;13:21:07;0;22909;0;0
1823;13:21:17;0;22909;0;0
1824;13:21:27;0;22909;0;0
1825;13:21:37;0;22909;0;0
1826;13:21:47;0;22909;0;0
1827;13:21:57;0;22909;0;0
1828;13:22:07;0;22909;0;0
1829;13:22:17;0;22909;0;0
1830;13:22:27;0;22909;0;0
1831;13:22:37;0;22909;0;0
1832;13:22:47;0;22909;0;0
1833;13:22:57;0;22909;0;0
1834;13:23:07;0;22909;0;0
1835;13:23:17;0;22909;0;0
1836;13:23:27;0;22909;0;0
1837;13:23:37;0;22909;0;0
1838;13:23:47;0;22909;0;0
1839;13:23:57;0;22909;0;0
1840;13:24:07;0;22909;0;0
1841;13:24:17;0;22909;0;0
1842;13:24:27;0;22909;0;0
1843;13:24:37;0;22909;0;0
1844;13:24:47;0;22909;0;0
1845;13:24:57;0;22909;0;0
1846;13:25:07;0;22909;0;0
1847;13:25:17;0;22909;0;0
1848;13:25:27;0;22909;0;0
1849;13:25:37;0;22909;0;0
1850;13:25:47;0;22909;0;0
1851;13:25:57;0;22909;0;0
1852;13:26:07;0;22909;0;0
1853;13:26:17;0;22909;0;0
1854;13:26:27;0;22909;0;0
1855;13:26:37;0;22909;0;0
1856;13:26:47;0;22909;0;0
1857;13:26:57;0;22909;0;0
1858;13:27:07;0;22909;0;0
1859;13:27:17;0;22909;0;0
1860;13:27:27;0;22909;0;0
1861;13:27:37;0;22909;0;0
1862;13:27:47;0;22909;0;0
1863;13:27:57;0;22909;0;0
1864;13:28:07;0;22909;0;0
1865;13:28:17;0;22909;0;0
1866;13:28:27;0;22909;0;0
1867;13:28:37;0;22909;0;0
1868;13:28:47;0;22909;0;0
1869;13:28:57;0;22909;0;0
1870;13:29:07;0;22909;0;0
1871;13:29:17;0;22909;0;0
1872;13:29:27;0;22909;0;0
1873;13:29:37;0;22909;0;0
1874;13:29:47;0;22909;0;0
1875;13:29:57;0;22909;0;0
1876;13:30:07;0;22909;0;0
1877;13:30:17;0;22909;0;0
1878;13:30:27;0;22909;0;0
1879;13:30:37;0;22909;0;0
1880;13:30:47;0;22909;0;0
1881;13:30:57;0;22909;0;0
1882;13:31:07;0;22909;0;0
1883;13:31:17;0;22909;0;0
1884;13:31:27;0;22909;0;0
1885;13:31:37;0;22909;0;0
1886;13:31:47;0;22909;0;0
1887;13:31:57;0;22909;0;0
1888;13:32:07;0;22909;0;0
1889;13:32:17;0;22909;0;0
1890;13:32:27;0;22909;0;0
1891;13:32:37;0;22909;0;0
1892;13:32:47;0;22909;0;0
1893;13:32:57;0;22909;0;0
1894;13:33:07;0;22909;0;0
1895;13:33:17;0;22909;0;0
1896;13:33:27;0;22909;0;0
1897;13:33:37;0;22909;0;0
1898;13:33:47;0;22909;0;0
1899;13:33:57;0;22909;0;0
1900;13:34:07;0;22909;0;0
1901;13:34:17;0;22909;0;0
1902;13:34:27;0;22909;0;0
1903;13:34:37;0;22909;0;0
1904;13:34:47;0;22909;0;0
1905;13:34:57;0;22909;0;0
1906;13:35:07;0;22909;0;0
1907;13:35:17;0;22909;0;0
1908;13:35:27;0;22909;0;0
1909;13:35:37;0;22909;0;0
1910;13:35:47;0;22909;0;0
1911;13:35:57;0;22909;0;0
1912;13:36:07;0;22909;0;0
1913;13:36:17;0;22909;0;0
1914;13:36:27;0;22909;0;0
1915;13:36:37;0;22909;0;0
1916;13:36:47;0;22909;0;0
1917;13:36:57;0;22909;0;0
1918;13:37:07;0;22909;0;0
1919;13:37:17;0;22909;0;0
1920;13:37:27;0;22909;0;0
1921;13:37:37;0;22909;0;0
1922;13:37:47;0;22909;0;0
1923;13:37:57;0;22909;0;0
1924;13:38:07;0;22909;0;0
1925;13:38:17;0;22909;0;0
1926;13:38:27;0;22909;0;0
1927;13:38:37;0;22909;0;0
1928;13:38:47;0;22909;0;0
1929;13:38:57;0;22909;0;0
1930;13:39:07;0;22909;0;0
1931;13:39:17;0;22909;0;0
1932;13:39:27;0;22909;0;0
1933;13:39:37;0;22909;0;0
1934;13:39:47;0;22909;0;0
1935;13:39:57;0;22909;0;0
1936;13:40:07;0;22909;0;0
1937;13:40:17;0;22909;0;0
1938;13:40:27;0;22909;0;0
1939;13:40:37;0;22909;0;0
1940;13:40:47;0;22909;0;0
1941;13:40:57;0;22909;0;0
1942;13:41:07;0;22909;0;0
1943;13:41:17;0;22909;0;0
1944;13:41:27;0;22909;0;0
1945;13:41:37;0;22909;0;0
1946;13:41:47;0;22909;0;0
1947;13:41:57;0;22909;0;0
1948;13:42:07;0;22909;0;0
1949;13:42:17;0;22909;0;0
1950;13:42:27;0;22909;0;0
1951;13:42:37;0;22909;0;0
1952;13:42:47;0;22909;0;0
1953;13:42:57;0;22909;0;0
1954;13:43:07;0;22909;0;0
1955;13:43:17;0;22909;0;0
1956;13:43:27;0;22909;0;0
1957;13:43:37;0;22909;0;0
1958;13:43:47;0;22909;0;0
1959;13:43:57;0;22909;0;0
1960;13:44:07;0;22909;0;0
1961;13:44:17;0;22909;0;0
1962;13:44:27;0;22909;0;0
1963;13:44:37;0;22909;0;0
1964;13:44:47;0;22909;0;0
1965;13:44:57;0;22909;0;0
1966;13:45:07;0;22909;0;0
1967;13:45:17;0;22909;0;0
1968;13:45:27;0;22909;0;0
1969;13:45:37;0;22909;0;0
1970;13:45:47;0;22909;0;0
1971;13:45:57;0;22909;0;0
1972;13:46:07;0;22909;0;0
1973;13:46:17;0;22909;0;0
1974;13:46:27;0;22909;0;0
1975;13:46:37;0;22909;0;0
1976;13:46:47;0;22909;0;0
1977;13:46:57;0;22909;0;0
1978;13:47:07;0;22909;0;0
1979;13:47:17;0;22909;0;0
1980;13:47:27;0;22909;0;0
1981;13:47:37;0;22909;0;0
1982;13:47:47;0;22909;0;0
1983;13:47:57;0;22909;0;0
1984;13:48:07;0;22909;0;0
1985;13:48:17;0;22909;0;0
1986;13:48:27;0;22909;0;0
1987;13:48:37;0;22909;0;0
1988;13:48:47;0;22909;0;0
1989;13:48:57;0;22909;0;0
1990;13:49:07;0;22909;0;0
1991;13:49:17;0;22909;0;0
1992;13:49:27;0;22909;0;0
1993;13:49:37;0;22909;0;0
1994;13:49:47;0;22909;0;0
1995;13:49:57;0;22909;0;0
1996;13:50:07;0;22909;0;0
1997;13:50:17;0;22909;0;0
1998;13:50:27;0;22909;0;0
1999;13:50:37;0;22909;0;0
2000;13:50:47;0;22909;0;0
2001;13:50:57;0;22909;0;0
2002;13:51:07;0;22909;0;0
2003;13:51:17;0;22909;0;0
2004;13:51:27;0;22909;0;0
2005;13:51:37;0;22909;0;0
2006;13:51:47;0;22909;0;0
2007;13:51:57;0;22909;0;0
2008;13:52:07;0;22909;0;0
2009;13:52:17;0;22909;0;0
2010;13:52:27;0;22909;0;0
2011;13:52:37;0;22909;0;0
2012;13:52:47;0;22909;0;0
2013;13:52:57;0;22909;0;0
2014;13:53:07;0;22909;0;0
2015;13:53:17;0;22909;0;0
2016;13:53:27;0;22909;0;0
2017;13:53:37;0;22909;0;0
2018;13:53:47;0;22909;0;0
2019;13:53:57;0;22909;0;0
2020;13:54:07;0;22909;0;0
2021;13:54:17;0;22909;0;0
2022;13:54:27;0;22909;0;0
2023;13:54:37;0;22909;0;0
2024;13:54:47;0;22909;0;0
2025;13:54:57;0;22909;0;0
2026;13:55:07;0;22909;0;0
2027;13:55:17;0;22909;0;0
2028;13:55:27;0;22909;0;0
2029;13:55:37;0;22909;0;0
2030;13:55:47;0;22909;0;0
2031;13:55:57;0;22909;0;0
2032;13:56:07;0;22909;0;0
2033;13:56:17;0;22909;0;0
2034;13:56:27;0;22909;0;0
2035;13:56:37;0;22909;0;0
2036;13:56:47;0;22909;0;0
2037;13:56:57;0;22909;0;0
2038;13:57:07;0;22909;0;0
2039;13:57:17;0;22909;0;0
2040;13:57:27;0;22909;0;0
2041;13:57:37;0;22909;0;0
2042;13:57:47;0;22909;0;0
2043;13:57:57;0;22909;0;0
2044;13:58:07;0;22909;0;0
2045;13:58:17;0;22909;0;0
2046;13:58:27;0;22909;0;0
2047;13:58:37;0;22909;0;0
2048;13:58:47;0;22909;0;0
2049;13:58:57;0;22909;0;0
2050;13:59:07;0;22909;0;0
2051;13:59:17;0;22909;0;0
2052;13:59:27;0;22909;0;0
2053;13:59:37;0;22909;0;0
2054;13:59:47;0;22909;0;0
2055;13:59:57;0;22909;0;0
2056;14:00:07;0;22909;0;0
2057;14:00:17;0;22909;0;0
2058;14:00:27;0;22909;0;0
2059;14:00:37;0;22909;0;0
2060;14:00:47;0;22909;0;0
2061;14:00:57;0;22909;0;0
2062;14:01:07;0;22909;0;0
2063;14:01:17;0;22909;0;0
2064;14:01:27;0;22909;0;0
2065;14:01:37;0;22909;0;0
2066;14:01:47;0;22909;0;0
2067;14:01:57;0;22909;0;0
2068;14:02:07;0;22909;0;0
2069;14:02:17;0;22909;0;0
2070;14:02:27;0;22909;0;0
2071;14:02:37;0;22909;0;0
2072;14:02:47;0;22909;0;0
2073;14:02:57;0;22909;0;0
2074;14:03:07;0;22909;0;0
2075;14:03:17;0;22909;0;0
2076;14:03:27;0;22909;0;0
2077;14:03:37;0;22909;0;0
2078;14:03:47;0;22909;0;0
2079;14:03:57;0;22909;0;0
2080;14:04:07;0;22909;0;0
2081;14:04:17;0;22909;0;0
2082;14:04:27;0;22909;0;0
2083;14:04:37;0;22909;0;0
2084;14:04:47;0;22909;0;0
2085;14:04:57;0;22909;0;0
2086;14:05:07;0;22909;0;0
2087;14:05:17;0;22909;0;0
2088;14:05:27;0;22909;0;0
2089;14:05:37;0;22909;0;0
2090;14:05:47;0;22909;0;0
2091;14:05:57;0;22909;0;0
2092;14:06:07;0;22909;0;0
2093;14:06:17;0;22909;0;0
2094;14:06:27;0;22909;0;0
2095;14:06:37;0;22909;0;0
2096;14:06:47;0;22909;0;0
2097;14:06:57;0;22909;0;0
2098;14:07:07;0;22909;0;0
2099;14:07:17;0;22909;0;0
2100;14:07:27;0;22909;0;0
2101;14:07:37;0;22909;0;0
2102;14:07:47;0;22909;0;0
2103;14:07:57;0;22909;0;0
2104;14:08:07;0;22909;0;0
2105;14:08:17;0;22909;0;0
2106;14:08:27;0;22909;0;0
2107;14:08:37;0;22909;0;0
2108;14:08:47;0;22909;0;0
2109;14:08:57;0;22909;0;0
2110;14:09:07;0;22909;0;0
2111;14:09:17;0;22909;0;0
2112;14:09:27;0;22909;0;0
2113;14:09:37;0;22909;0;0
2114;14:09:47;0;22909;0;0
2115;14:09:57;0;22909;0;0
2116;14:10:07;0;22909;0;0
2117;14:10:17;0;22909;0;0
2118;14:10:27;0;22909;0;0
2119;14:10:37;0;22909;0;0
2120;14:10:47;0;22909;0;0
2121;14:10:57;0;22909;0;0
2122;14:11:07;0;22909;0;0
2123;14:11:17;0;22909;0;0
2124;14:11:27;0;22909;0;0
2125;14:11:37;0;22909;0;0
2126;14:11:47;0;22909;0;0
2127;14:11:57;0;0;0;0
2128;14:12:07;0;0;0;0
2129;14:12:17;0;0;0;0
2130;14:12:27;0;0;0;0
2131;14:12:37;0;0;0;0
2132;14:12:47;0;0;0;0
2133;14:12:57;0;0;0;0
2134;14:13:07;0;0;0;0
2135;14:13:17;0;0;0;0
2136;14:13:27;0;0;0;0
2137;14:13:37;0;0;0;0
2138;14:13:47;0;0;0;0
2139;14:13:57;0;0;0;0
2140;14:14:07;0;0;0;0
2141;14:14:17;0;0;0;0
2142;14:14:27;0;0;0;0
2143;14:14:37;0;0;0;0
2144;14:14:47;0;0;0;0
2145;14:14:57;0;0;0;0
2146;14:15:07;0;0;0;0
2147;14:15:17;0;0;0;0
2148;14:15:27;0;0;0;0
2149;14:15:37;0;0;0;0
2150;14:15:47;0;0;0;0
2151;14:15:57;0;0;0;0
2152;14:16:07;0;0;0;0
2153;14:16:17;0;0;0;0
2154;14:16:27;0;0;0;0
2155;14:16:37;0;0;0;0
2156;14:16:47;0;0;0;0
2157;14:16:57;0;0;0;0
2158;14:17:07;0;0;0;0
2159;14:17:17;0;0;0;0
2160;14:17:27;0;0;0;0
2161;14:17:37;0;0;0;0
2162;14:17:47;0;0;0;0
2163;14:17:57;0;0;0;0
2164;14:18:07;0;0;0;0
2165;14:18:17;0;0;0;0
2166;14:18:27;0;0;0;0
2167;14:18:37;0;0;0;0
2168;14:18:47;0;0;0;0
2169;14:18:57;0;0;0;0
2170;14:19:07;0;0;0;0
2171;14:19:17;0;0;0;0
2172;14:19:27;0;0;0;0
2173;14:19:37;0;0;0;0
2174;14:19:47;0;0;0;0
2175;14:19:57;0;0;0;0
2176;14:20:07;0;0;0;0
2177;14:20:17;0;0;0;0
2178;14:20:27;0;0;0;0
2179;14:20:37;0;0;0;0
2180;14:20:47;0;0;0;0
2181;14:20:57;0;0;0;0
2182;14:21:07;0;0;0;0
2183;14:21:17;0;0;0;0
2184;14:21:27;0;0;0;0
2185;14:21:37;0;0;0;0
2186;14:21:47;0;0;0;0
2187;14:21:57;0;0;0;0
2188;14:22:07;0;0;0;0
2189;14:22:17;0;0;0;0
2190;14:22:27;0;0;0;0
2191;14:22:37;0;0;0;0
2192;14:22:47;0;0;0;0
2193;14:22:57;0;0;0;0
2194;14:23:07;0;0;0;0
2195;14:23:17;0;0;0;0
2196;14:23:27;0;0;0;0
2197;14:23:37;0;0;0;0
2198;14:23:47;0;0;0;0
2199;14:23:57;0;0;0;0
2200;14:24:07;0;0;0;0
2201;14:24:17;0;0;0;0
2202;14:24:27;0;0;0;0
2203;14:24:37;0;0;0;0
2204;14:24:47;0;0;0;0
2205;14:24:57;0;0;0;0
2206;14:25:07;0;0;0;0
2207;14:25:17;0;0;0;0
2208;14:25:27;0;0;0;0
2209;14:25:37;0;0;0;0
2210;14:25:47;0;0;0;0
2211;14:25:57;0;0;0;0
2212;14:26:07;0;0;0;0
2213;14:26:17;0;0;0;0
2214;14:26:27;0;0;0;0
2215;14:26:37;0;0;0;0
2216;14:26:47;0;0;0;0
2217;14:26:57;0;0;0;0
2218;14:27:07;4;0;0;0
2219;14:27:17;8;0;1;0
2220;14:27:27;17;0;1;0
2221;14:27:37;31;0;2;0
2222;14:27:47;48;0;2;0
2223;14:27:57;66;0;3;0
2224;14:28:07;83;0;3;0
2225;14:28:17;101;0;3;0
2226;14:28:27;118;0;4;0
2227;14:28:37;136;0;4;0
2228;14:28:47;154;0;5;0
2229;14:28:57;171;0;6;0
2230;14:29:07;189;0;6;0
2231;14:29:17;207;0;6;0
2232;14:29:27;224;0;7;0
2233;14:29:37;242;0;7;0
2234;14:29:47;259;0;8;0
2235;14:29:57;277;0;8;0
2236;14:30:07;294;0;8;0
2237;14:30:17;312;0;9;0
2238;14:30:27;329;0;9;0
2239;14:30:37;347;6;9;0
2240;14:30:47;362;21;9;0
2241;14:30:57;377;42;9;0
2242;14:31:07;388;86;9;0
2243;14:31:17;394;146;9;0
2244;14:31:27;396;210;9;0
2245;14:31:37;398;272;10;0
2246;14:31:47;400;337;10;0
2247;14:31:57;402;402;11;0
2248;14:32:07;403;467;10;0
2249;14:32:17;405;532;10;0
2250;14:32:27;407;595;10;0
2251;14:32:37;409;661;9;0
2252;14:32:47;411;725;8;0
2253;14:32:57;413;790;8;0
2254;14:33:07;414;854;8;0
2255;14:33:17;416;915;8;0
2256;14:33:27;418;981;9;0
2257;14:33:37;420;1044;9;0
2258;14:33:47;422;1109;10;0
2259;14:33:57;425;1172;9;0
2260;14:34:07;427;1237;9;0
2261;14:34:17;430;1303;10;0
2262;14:34:27;431;1376;8;0
2263;14:34:37;431;1447;8;0
2264;14:34:47;432;1520;9;0
2265;14:34:57;435;1589;9;0
2266;14:35:07;438;1660;10;0
2267;14:35:17;441;1733;10;0
2268;14:35:27;445;1804;10;0
2269;14:35:37;449;1876;10;0
2270;14:35:47;453;1947;10;0
2271;14:35:57;457;2020;9;0
2272;14:36:07;461;2091;9;0
2273;14:36:17;465;2163;8;0
2274;14:36:27;469;2234;9;0
2275;14:36:37;473;2302;9;0
2276;14:36:47;476;2375;9;0
2277;14:36:57;481;2446;11;0
2278;14:37:07;485;2518;11;0
2279;14:37:17;489;2589;10;0
2280;14:37:27;493;2662;9;0
2281;14:37:37;497;2737;10;0
2282;14:37:47;500;2810;11;0
2283;14:37:57;504;2885;12;0
2284;14:38:07;507;2958;13;0
2285;14:38:17;511;3029;13;0
2286;14:38:27;516;3110;14;0
2287;14:38:37;519;3192;15;0
2288;14:38:47;523;3276;16;0
2289;14:38:57;526;3358;15;0
2290;14:39:07;529;3446;15;0
2291;14:39:17;531;3531;15;0
2292;14:39:27;534;3618;15;0
2293;14:39:37;536;3703;16;0
2294;14:39:47;539;3791;16;0
2295;14:39:57;541;3874;17;0
2296;14:40:07;544;3959;16;0
2297;14:40:17;546;4046;15;0
2298;14:40:27;549;4132;15;0
2299;14:40:37;551;4219;15;0
2300;14:40:47;553;4305;16;0
2301;14:40:57;556;4392;15;0
2302;14:41:07;559;4478;15;0
2303;14:41:17;561;4565;15;0
2304;14:41:27;563;4651;15;0
2305;14:41:37;566;4734;15;0
2306;14:41:47;568;4822;14;0
2307;14:41:57;571;4910;13;0
2308;14:42:07;571;5006;13;0
2309;14:42:17;572;5101;12;0
2310;14:42:27;572;5195;12;0
2311;14:42:37;572;5291;13;0
2312;14:42:47;572;5385;13;0
2313;14:42:57;573;5482;13;0
2314;14:43:07;573;5576;11;0
2315;14:43:17;573;5668;11;0
2316;14:43:27;574;5765;11;0
2317;14:43:37;576;5859;10;0
2318;14:43:47;579;5956;9;0
2319;14:43:57;581;6050;10;0
2320;14:44:07;584;6147;10;0
2321;14:44:17;586;6241;11;0
2322;14:44:27;588;6338;12;0
2323;14:44:37;589;6432;12;0
2324;14:44:47;591;6529;14;0
2325;14:44:57;593;6621;14;0
2326;14:45:07;595;6716;14;0
2327;14:45:17;597;6813;14;0
2328;14:45:27;598;6907;13;0
2329;14:45:37;600;7004;15;0
2330;14:45:47;602;7099;14;0
2331;14:45:57;604;7196;14;0
2332;14:46:07;605;7291;14;0
2333;14:46:17;607;7387;15;0
2334;14:46:27;609;7483;16;0
2335;14:46:37;610;7575;15;0
2336;14:46:47;612;7672;15;0
2337;14:46:57;613;7768;15;0
2338;14:47:07;614;7871;15;0
2339;14:47:17;614;7976;14;0
2340;14:47:27;613;8081;13;0
2341;14:47:37;613;8185;14;0
2342;14:47:47;612;8286;14;0
2343;14:47:57;612;8390;15;0
2344;14:48:07;612;8491;14;0
2345;14:48:17;612;8591;14;0
2346;14:48:27;612;8693;14;0
2347;14:48:37;612;8793;15;0
2348;14:48:47;612;8897;14;0
2349;14:48:57;612;8998;13;0
2350;14:49:07;612;9102;14;0
2351;14:49:17;612;9203;13;0
2352;14:49:27;612;9307;13;0
2353;14:49:37;611;9408;14;0
2354;14:49:47;611;9511;14;0
2355;14:49:57;611;9610;14;0
2356;14:50:07;611;9711;14;0
2357;14:50:17;611;9814;14;0
2358;14:50:27;611;9915;13;0
2359;14:50:37;611;10019;13;0
2360;14:50:47;611;10120;13;0
2361;14:50:57;611;10224;13;0
2362;14:51:07;611;10325;12;0
2363;14:51:17;610;10428;13;0
2364;14:51:27;610;10530;13;0
2365;14:51:37;610;10628;12;0
2366;14:51:47;610;10731;12;0
2367;14:51:57;610;10833;12;0
2368;14:52:07;610;10936;12;0
2369;14:52:17;610;11037;11;0
2370;14:52:27;610;11140;12;0
2371;14:52:37;610;11242;12;0
2372;14:52:47;610;11342;12;0
2373;14:52:57;610;11446;12;0
2374;14:53:07;611;11547;12;0
2375;14:53:17;610;11647;12;0
2376;14:53:27;610;11748;12;0
2377;14:53:37;611;11849;13;0
2378;14:53:47;611;11953;13;0
2379;14:53:57;611;12053;13;0
2380;14:54:07;611;12157;13;0
2381;14:54:17;611;12258;13;0
2382;14:54:27;611;12361;13;0
2383;14:54:37;612;12462;13;0
2384;14:54:47;612;12565;14;0
2385;14:54:57;612;12664;13;0
2386;14:55:07;612;12764;13;0
2387;14:55:17;612;12868;12;0
2388;14:55:27;612;12969;12;0
2389;14:55:37;612;13072;13;0
2390;14:55:47;613;13173;13;0
2391;14:55:57;612;13277;14;0
2392;14:56:07;613;13378;13;0
2393;14:56:17;613;13481;13;0
2394;14:56:27;612;13583;13;0
2395;14:56:37;613;13680;13;0
2396;14:56:47;612;13784;13;0
2397;14:56:57;613;13885;13;0
2398;14:57:07;613;13988;14;0
2399;14:57:17;613;14090;13;0
2400;14:57:27;613;14193;12;0
2401;14:57:37;613;14294;12;0
2402;14:57:47;612;14395;12;0
2403;14:57:57;613;14499;13;0
2404;14:58:07;612;14600;12;0
2405;14:58:17;612;14699;12;0
2406;14:58:27;612;14801;11;0
2407;14:58:37;612;14902;11;0
2408;14:58:47;612;15006;12;0
2409;14:58:57;612;15107;11;0
2410;14:59:07;612;15210;12;0
2411;14:59:17;612;15311;11;0
2412;14:59:27;612;15415;12;0
2413;14:59:37;612;15516;11;0
2414;14:59:47;612;15619;11;0
2415;14:59:57;612;15717;11;0
2416;15:00:07;612;15818;12;0
2417;15:00:17;612;15922;12;0
2418;15:00:27;612;16023;11;0
2419;15:00:37;612;16126;12;0
2420;15:00:47;612;16227;12;0
2421;15:00:57;612;16330;11;0
2422;15:01:07;612;16432;11;0
2423;15:01:17;612;16535;11;0
2424;15:01:27;612;16636;12;0
2425;15:01:37;612;16734;12;0
2426;15:01:47;612;16838;12;0
2427;15:01:57;612;16939;12;0
2428;15:02:07;612;17042;12;0
2429;15:02:17;612;17144;12;0
2430;15:02:27;612;17247;12;0
2431;15:02:37;612;17349;12;0
2432;15:02:47;612;17450;13;0
2433;15:02:57;612;17554;13;0
2434;15:03:07;612;17655;12;0
2435;15:03:17;612;17755;13;0
2436;15:03:27;613;17856;13;0
2437;15:03:37;613;17957;13;0
2438;15:03:47;613;18061;14;0
2439;15:03:57;613;18162;14;0
2440;15:04:07;613;18266;15;0
2441;15:04:17;613;18367;14;0
2442;15:04:27;613;18471;13;0
2443;15:04:37;613;18572;13;0
2444;15:04:47;613;18676;13;0
2445;15:04:57;613;18774;14;0
2446;15:05:07;613;18875;15;0
2447;15:05:17;613;18979;13;0
2448;15:05:27;613;19080;13;0
2449;15:05:37;613;19184;13;0
2450;15:05:47;612;19285;13;0
2451;15:05:57;612;19389;13;0
2452;15:06:07;612;19490;14;0
2453;15:06:17;612;19593;14;0
2454;15:06:27;612;19695;14;0
2455;15:06:37;612;19793;13;0
2456;15:06:47;612;19897;13;0
2457;15:06:57;612;19998;13;0
2458;15:07:07;612;20102;13;0
2459;15:07:17;612;20203;14;0
2460;15:07:27;612;20306;14;0
2461;15:07:37;612;20408;13;0
2462;15:07:47;612;20509;14;0
2463;15:07:57;612;20613;13;0
2464;15:08:07;612;20714;14;0
2465;15:08:17;612;20814;15;0
2466;15:08:27;612;20915;15;0
2467;15:08:37;612;21016;14;0
2468;15:08:47;612;21120;14;0
2469;15:08:57;612;21220;14;0
2470;15:09:07;612;21324;14;0
2471;15:09:17;612;21425;14;0
2472;15:09:27;612;21529;15;0
2473;15:09:37;612;21630;14;0
2474;15:09:47;612;21734;14;0
2475;15:09:57;612;21832;14;0
2476;15:10:07;612;21932;14;0
2477;15:10:17;612;22036;14;0
2478;15:10:27;612;22137;14;0
2479;15:10:37;612;22241;13;0
2480;15:10:47;612;22342;13;0
2481;15:10:57;612;22446;12;0
2482;15:11:07;612;22547;12;0
2483;15:11:17;612;22650;11;0
2484;15:11:27;612;22752;12;0
2485;15:11:37;612;22849;12;0
2486;15:11:47;612;22953;12;0
2487;15:11:57;612;23054;11;0
2488;15:12:07;612;23157;11;0
2489;15:12:17;612;23258;12;0
2490;15:12:27;612;23361;12;0
2491;15:12:37;612;23463;12;0
2492;15:12:47;612;23564;12;0
2493;15:12:57;612;23667;12;0
2494;15:13:07;612;23765;13;0
2495;15:13:17;612;23868;13;0
2496;15:13:27;612;23970;13;0
2497;15:13:37;612;24070;13;0
2498;15:13:47;612;24174;13;0
2499;15:13:57;612;24275;13;0
2500;15:14:07;612;24379;13;0
2501;15:14:17;612;24480;13;0
2502;15:14:27;612;24584;14;0
2503;15:14:37;612;24685;14;0
2504;15:14:47;612;24783;14;0
2505;15:14:57;612;24886;13;0
2506;15:15:07;612;24987;13;0
2507;15:15:17;612;25091;13;0
2508;15:15:27;612;25192;13;0
2509;15:15:37;612;25296;13;0
2510;15:15:47;612;25397;14;0
2511;15:15:57;612;25500;14;0
2512;15:16:07;612;25601;14;0
2513;15:16:17;612;25705;14;0
2514;15:16:27;612;25803;14;0
2515;15:16:37;612;25904;13;0
2516;15:16:47;612;26007;12;0
2517;15:16:57;612;26108;12;0
2518;15:17:07;612;26211;11;0
2519;15:17:17;612;26313;12;0
2520;15:17:27;612;26416;12;0
2521;15:17:37;612;26517;11;0
2522;15:17:47;612;26620;12;0
2523;15:17:57;612;26721;11;0
2524;15:18:07;612;26819;10;0
2525;15:18:17;612;26922;10;0
2526;15:18:27;612;27023;9;0
2527;15:18:37;612;27126;11;0
2528;15:18:47;612;27228;10;0
2529;15:18:57;612;27328;11;0
2530;15:19:07;612;27432;11;0
2531;15:19:17;612;27533;11;0
2532;15:19:27;612;27636;11;0
2533;15:19:37;611;27737;12;0
2534;15:19:47;611;27834;12;0
2535;15:19:57;611;27938;11;0
2536;15:20:07;611;28039;12;0
2537;15:20:17;612;28142;11;0
2538;15:20:27;612;28243;12;0
2539;15:20:37;612;28347;13;0
2540;15:20:47;612;28448;14;0
2541;15:20:57;611;28551;14;0
2542;15:21:07;611;28653;13;0
2543;15:21:17;611;28756;12;0
2544;15:21:27;613;28854;12;0
2545;15:21:37;614;28955;12;0
2546;15:21:47;616;29059;13;0
2547;15:21:57;617;29160;13;0
2548;15:22:07;619;29263;12;0
2549;15:22:17;621;29365;13;0
2550;15:22:27;623;29468;13;0
2551;15:22:37;625;29570;13;0
2552;15:22:47;627;29672;13;0
2553;15:22:57;629;29774;13;0
2554;15:23:07;630;29872;13;0
2555;15:23:17;632;29975;12;0
2556;15:23:27;634;30076;12;0
2557;15:23:37;636;30179;12;0
2558;15:23:47;637;30281;12;0
2559;15:23:57;639;30382;12;0
2560;15:24:07;640;30486;12;0
2561;15:24:17;642;30586;11;0
2562;15:24:27;644;30690;10;0
2563;15:24:37;646;30791;11;0
2564;15:24:47;647;30889;11;0
2565;15:24:57;649;30998;12;0
2566;15:25:07;649;31106;13;0
2567;15:25:17;649;31216;14;0
2568;15:25:27;649;31323;13;0
2569;15:25:37;649;31434;13;0
2570;15:25:47;649;31541;13;0
2571;15:25:57;649;31652;13;0
2572;15:26:07;649;31759;14;0
2573;15:26:17;649;31869;15;0
2574;15:26:27;649;31974;15;0
2575;15:26:37;649;32081;15;0
2576;15:26:47;649;32192;15;0
2577;15:26:57;649;32299;16;0
2578;15:27:07;649;32409;16;0
2579;15:27:17;649;32517;16;0
2580;15:27:27;649;32627;16;0
2581;15:27:37;649;32735;14;0
2582;15:27:47;649;32844;14;0
2583;15:27:57;649;32953;14;0
2584;15:28:07;649;33057;14;0
2585;15:28:17;649;33166;15;0
2586;15:28:27;649;33274;15;0
2587;15:28:37;649;33384;14;0
2588;15:28:47;649;33492;14;0
2589;15:28:57;649;33599;14;0
2590;15:29:07;649;33709;14;0
2591;15:29:17;649;33816;15;0
2592;15:29:27;649;33927;15;0
2593;15:29:37;649;34034;15;0
2594;15:29:47;649;34138;14;0
2595;15:29:57;649;34248;14;0
2596;15:30:07;648;34355;14;0
2597;15:30:17;648;34466;14;0
2598;15:30:27;648;34573;13;0
2599;15:30:37;648;34683;14;0
2600;15:30:47;648;34790;13;0
2601;15:30:57;648;34900;12;0
2602;15:31:07;648;35008;13;0
2603;15:31:17;648;35118;12;0
2604;15:31:27;648;35222;13;0
2605;15:31:37;647;35329;13;0
2606;15:31:47;647;35439;12;0
2607;15:31:57;647;35546;12;0
2608;15:32:07;647;35656;12;0
2609;15:32:17;647;35764;12;0
2610;15:32:27;647;35873;12;0
2611;15:32:37;647;35981;12;0
2612;15:32:47;647;36090;12;0
2613;15:32:57;646;36198;12;0
2614;15:33:07;647;36302;12;0
2615;15:33:17;646;36411;12;0
2616;15:33:27;646;36519;12;0
2617;15:33:37;646;36628;11;0
2618;15:33:47;646;36736;12;0
2619;15:33:57;646;36843;12;0
2620;15:34:07;646;36953;12;0
2621;15:34:17;646;37060;12;0
2622;15:34:27;646;37170;12;0
2623;15:34:37;646;37276;12;0
2624;15:34:47;646;37380;13;0
2625;15:34:57;646;37489;13;0
2626;15:35:07;646;37596;14;0
2627;15:35:17;646;37706;14;0
2628;15:35:27;646;37813;15;0
2629;15:35:37;646;37922;15;0
2630;15:35:47;646;38029;15;0
2631;15:35:57;646;38139;15;0
2632;15:36:07;646;38246;15;0
2633;15:36:17;646;38355;16;0
2634;15:36:27;646;38459;14;0
2635;15:36:37;645;38566;14;0
2636;15:36:47;645;38675;14;0
2637;15:36:57;645;38782;13;0
2638;15:37:07;645;38892;13;0
2639;15:37:17;646;38999;13;0
2640;15:37:27;645;39108;13;0
2641;15:37:37;646;39215;13;0
2642;15:37:47;645;39324;14;0
2643;15:37:57;645;39432;14;0
2644;15:38:07;645;39535;15;0
2645;15:38:17;645;39644;14;0
2646;15:38:27;645;39752;16;0
2647;15:38:37;645;39861;16;0
2648;15:38:47;645;39968;16;0
2649;15:38:57;645;40075;16;0
2650;15:39:07;645;40185;17;0
2651;15:39:17;645;40292;18;0
2652;15:39:27;645;40402;19;0
2653;15:39:37;645;40508;19;0
2654;15:39:47;645;40611;20;0
2655;15:39:57;645;40721;19;0
2656;15:40:07;645;40828;18;0
2657;15:40:17;645;40937;18;0
2658;15:40:27;645;41044;17;0
2659;15:40:37;645;41154;17;0
2660;15:40:47;645;41260;17;0
2661;15:40:57;645;41370;16;0
2662;15:41:07;645;41477;17;0
2663;15:41:17;644;41586;16;0
2664;15:41:27;644;41690;16;0
2665;15:41:37;644;41796;15;0
2666;15:41:47;644;41906;16;0
2667;15:41:57;644;42013;15;0
2668;15:42:07;644;42122;15;0
2669;15:42:17;644;42229;14;0
2670;15:42:27;644;42338;14;0
2671;15:42:37;644;42445;14;0
2672;15:42:47;644;42554;14;0
2673;15:42:57;644;42661;14;0
2674;15:43:07;644;42764;13;0
2675;15:43:17;644;42873;13;0
2676;15:43:27;643;42980;14;0
2677;15:43:37;643;43089;13;0
2678;15:43:47;643;43196;14;0
2679;15:43:57;643;43302;14;0
2680;15:44:07;643;43412;14;0
2681;15:44:17;643;43518;13;0
2682;15:44:27;643;43627;13;0
2683;15:44:37;643;43734;13;0
2684;15:44:47;643;43837;14;0
2685;15:44:57;643;43946;14;0
2686;15:45:07;643;44053;14;0
2687;15:45:17;643;44162;14;0
2688;15:45:27;642;44269;14;0
2689;15:45:37;642;44378;16;0
2690;15:45:47;643;44484;16;0
2691;15:45:57;643;44594;15;0
2692;15:46:07;643;44700;15;0
2693;15:46:17;642;44809;16;0
2694;15:46:27;642;44913;15;0
2695;15:46:37;642;45019;15;0
2696;15:46:47;642;45128;15;0
2697;15:46:57;643;45234;16;0
2698;15:47:07;643;45343;15;0
2699;15:47:17;643;45450;15;0
2700;15:47:27;643;45559;16;0
2701;15:47:37;643;45666;17;0
2702;15:47:47;643;45774;17;0
2703;15:47:57;642;45881;16;0
2704;15:48:07;642;45984;16;0
2705;15:48:17;642;46092;15;0
2706;15:48:27;643;46199;16;0
2707;15:48:37;643;46307;17;0
2708;15:48:47;643;46414;15;0
2709;15:48:57;643;46522;16;0
2710;15:49:07;643;46629;16;0
2711;15:49:17;643;46735;16;0
2712;15:49:27;643;46845;16;0
2713;15:49:37;642;46951;17;0
2714;15:49:47;642;47056;17;0
2715;15:49:57;642;47163;16;0
2716;15:50:07;642;47269;14;0
2717;15:50:17;642;47378;14;0
2718;15:50:27;642;47484;14;0
2719;15:50:37;642;47593;14;0
2720;15:50:47;641;47699;15;0
2721;15:50:57;641;47808;15;0
2722;15:51:07;641;47914;15;0
2723;15:51:17;641;48023;15;0
2724;15:51:27;641;48126;15;0
2725;15:51:37;640;48232;14;0
2726;15:51:47;640;48341;14;0
2727;15:51:57;640;48447;14;0
2728;15:52:07;640;48556;12;0
2729;15:52:17;640;48663;12;0
2730;15:52:27;640;48771;13;0
2731;15:52:37;640;48878;14;0
2732;15:52:47;640;48986;15;0
2733;15:52:57;640;49093;15;0
2734;15:53:07;639;49196;14;0
2735;15:53:17;639;49304;13;0
2736;15:53:27;640;49411;13;0
2737;15:53:37;640;49519;13;0
2738;15:53:47;640;49626;13;0
2739;15:53:57;640;49734;13;0
2740;15:54:07;640;49841;13;0
2741;15:54:17;641;49946;13;0
2742;15:54:27;641;50055;13;0
2743;15:54:37;641;50161;13;0
2744;15:54:47;641;50266;14;0
2745;15:54:57;642;50373;14;0
2746;15:55:07;642;50479;15;0
2747;15:55:17;642;50588;15;0
2748;15:55:27;642;50694;16;0
2749;15:55:37;642;50803;17;0
2750;15:55:47;642;50909;17;0
2751;15:55:57;642;51017;17;0
2752;15:56:07;642;51123;17;0
2753;15:56:17;642;51232;17;0
2754;15:56:27;643;51335;16;0
2755;15:56:37;643;51441;16;0
2756;15:56:47;643;51550;16;0
2757;15:56:57;643;51656;17;0
2758;15:57:07;643;51765;17;0
2759;15:57:17;643;51871;16;0
2760;15:57:27;643;51980;15;0
2761;15:57:37;642;52086;14;0
2762;15:57:47;642;52194;14;0
2763;15:57:57;642;52301;13;0
2764;15:58:07;642;52403;12;0
2765;15:58:17;642;52512;12;0
2766;15:58:27;642;52618;12;0
2767;15:58:37;642;52726;12;0
2768;15:58:47;642;52833;12;0
2769;15:58:57;642;52941;14;0
2770;15:59:07;642;53048;13;0
2771;15:59:17;643;53154;14;0
2772;15:59:27;643;53263;13;0
2773;15:59:37;643;53369;13;0
2774;15:59:47;643;53474;13;0
2775;15:59:57;643;53581;13;0
2776;16:00:07;643;53687;13;0
2777;16:00:17;643;53797;11;0
2778;16:00:27;643;53902;12;0
2779;16:00:37;643;54012;14;0
2780;16:00:47;643;54118;14;0
2781;16:00:57;643;54227;15;0
2782;16:01:07;643;54332;15;0
2783;16:01:17;643;54441;14;0
2784;16:01:27;643;54544;14;0
2785;16:01:37;643;54650;14;0
2786;16:01:47;644;54759;15;0
2787;16:01:57;644;54865;15;0
2788;16:02:07;644;54974;15;0
2789;16:02:17;644;55080;15;0
2790;16:02:27;644;55189;15;0
2791;16:02:37;644;55295;15;0
2792;16:02:47;644;55404;15;0
2793;16:02:57;644;55507;15;0
2794;16:03:07;644;55613;14;0
2795;16:03:17;645;55722;13;0
2796;16:03:27;645;55828;13;0
2797;16:03:37;645;55936;14;0
2798;16:03:47;645;56043;14;0
2799;16:03:57;646;56151;14;0
2800;16:04:07;646;56258;14;0
2801;16:04:17;646;56364;14;0
2802;16:04:27;646;56474;14;0
2803;16:04:37;646;56577;15;0
2804;16:04:47;646;56686;16;0
2805;16:04:57;646;56793;16;0
2806;16:05:07;647;56900;16;0
2807;16:05:17;647;57010;17;0
2808;16:05:27;647;57117;17;0
2809;16:05:37;646;57227;17;0
2810;16:05:47;647;57334;17;0
2811;16:05:57;647;57444;17;0
2812;16:06:07;647;57551;16;0
2813;16:06:17;647;57654;16;0
2814;16:06:27;647;57764;17;0
2815;16:06:37;647;57871;16;0
2816;16:06:47;647;57981;16;0
2817;16:06:57;647;58088;16;0
2818;16:07:07;646;58198;15;0
2819;16:07:17;646;58305;14;0
2820;16:07:27;646;58415;14;0
2821;16:07:37;646;58522;13;0
2822;16:07:47;646;58631;13;0
2823;16:07:57;646;58735;12;0
2824;16:08:07;646;58842;11;0
2825;16:08:17;646;58952;11;0
2826;16:08:27;646;59059;11;0
2827;16:08:37;646;59168;11;0
2828;16:08:47;646;59276;11;0
2829;16:08:57;646;59385;11;0
2830;16:09:07;646;59493;11;0
2831;16:09:17;646;59599;12;0
2832;16:09:27;646;59709;12;0
2833;16:09:37;646;59813;13;0
2834;16:09:47;646;59922;13;0
2835;16:09:57;646;60030;14;0
2836;16:10:07;647;60136;14;0
2837;16:10:17;649;60246;15;0
2838;16:10:27;651;60353;15;0
2839;16:10:37;653;60463;16;0
2840;16:10:47;656;60570;16;0
2841;16:10:57;659;60680;18;0
2842;16:11:07;661;60787;17;0
2843;16:11:17;664;60890;18;0
2844;16:11:27;666;61000;17;0
2845;16:11:37;669;61107;17;0
2846;16:11:47;671;61217;16;0
2847;16:11:57;674;61323;16;0
2848;16:12:07;676;61433;16;0
2849;16:12:17;678;61540;16;0
2850;16:12:27;681;61649;15;0
2851;16:12:37;683;61757;15;0
2852;16:12:47;686;61866;14;0
2853;16:12:57;688;61969;13;0
2854;16:13:07;690;62076;13;0
2855;16:13:17;692;62185;12;0
2856;16:13:27;694;62293;12;0
2857;16:13:37;697;62406;13;0
2858;16:13:47;697;62521;14;0
2859;16:13:57;698;62638;14;0
2860;16:14:07;698;62754;14;0
2861;16:14:17;698;62869;14;0
2862;16:14:27;697;62987;14;0
2863;16:14:37;697;63099;14;0
2864;16:14:47;697;63217;15;0
2865;16:14:57;697;63333;15;0
2866;16:15:07;696;63448;16;0
2867;16:15:17;696;63567;16;0
2868;16:15:27;695;63682;16;0
2869;16:15:37;695;63800;16;0
2870;16:15:47;695;63915;16;0
2871;16:15:57;695;64034;16;0
2872;16:16:07;694;64149;16;0
2873;16:16:17;694;64260;15;0
2874;16:16:27;694;64379;15;0
2875;16:16:37;694;64494;15;0
2876;16:16:47;694;64612;15;0
2877;16:16:57;694;64727;15;0
2878;16:17:07;694;64845;14;0
2879;16:17:17;694;64960;14;0
2880;16:17:27;694;65078;14;0
2881;16:17:37;694;65194;15;0
2882;16:17:47;693;65311;16;0
2883;16:17:57;693;65423;15;0
2884;16:18:07;694;65538;16;0
2885;16:18:17;694;65655;16;0
2886;16:18:27;693;65771;16;0
2887;16:18:37;693;65888;15;0
2888;16:18:47;693;66004;15;0
2889;16:18:57;693;66121;16;0
2890;16:19:07;693;66236;15;0
2891;16:19:17;693;66351;15;0
2892;16:19:27;693;66469;15;0
2893;16:19:37;693;66580;15;0
2894;16:19:47;692;66697;16;0
2895;16:19:57;692;66813;16;0
2896;16:20:07;692;66927;15;0
2897;16:20:17;692;67045;14;0
2898;16:20:27;692;67159;15;0
2899;16:20:37;692;67277;15;0
2900;16:20:47;692;67392;14;0
2901;16:20:57;692;67509;15;0
2902;16:21:07;692;67624;15;0
2903;16:21:17;692;67735;15;0
2904;16:21:27;692;67852;14;0
2905;16:21:37;692;67967;14;0
2906;16:21:47;692;68084;14;0
2907;16:21:57;692;68199;14;0
2908;16:22:07;692;68317;15;0
2909;16:22:17;692;68431;15;0
2910;16:22:27;692;68549;15;0
2911;16:22:37;692;68664;16;0
2912;16:22:47;692;68781;17;0
2913;16:22:57;692;68892;15;0
2914;16:23:07;692;69007;15;0
2915;16:23:17;692;69124;16;0
2916;16:23:27;692;69239;15;0
2917;16:23:37;692;69356;16;0
2918;16:23:47;692;69471;16;0
2919;16:23:57;692;69588;16;0
2920;16:24:07;692;69703;16;0
2921;16:24:17;692;69818;16;0
2922;16:24:27;692;69935;15;0
2923;16:24:37;692;70046;14;0
2924;16:24:47;692;70163;14;0
2925;16:24:57;692;70278;14;0
2926;16:25:07;692;70392;13;0
2927;16:25:17;692;70510;13;0
2928;16:25:27;692;70625;14;0
2929;16:25:37;692;70742;14;0
2930;16:25:47;692;70857;13;0
2931;16:25:57;692;70974;14;0
2932;16:26:07;691;71089;13;0
2933;16:26:17;691;71200;13;0
2934;16:26:27;691;71317;14;0
2935;16:26:37;691;71432;15;0
2936;16:26:47;691;71549;15;0
2937;16:26:57;691;71664;16;0
2938;16:27:07;691;71781;17;0
2939;16:27:17;691;71896;17;0
2940;16:27:27;692;72013;17;0
2941;16:27:37;692;72128;17;0
2942;16:27:47;692;72245;16;0
2943;16:27:57;692;72356;17;0
2944;16:28:07;692;72470;17;0
2945;16:28:17;692;72588;17;0
2946;16:28:27;692;72702;18;0
2947;16:28:37;692;72819;18;0
2948;16:28:47;692;72934;19;0
2949;16:28:57;692;73051;17;0
2950;16:29:07;692;73167;16;0
2951;16:29:17;692;73281;17;0
2952;16:29:27;692;73399;18;0
2953;16:29:37;692;73510;17;0
2954;16:29:47;692;73626;17;0
2955;16:29:57;693;73742;16;0
2956;16:30:07;693;73856;16;0
2957;16:30:17;692;73974;16;0
2958;16:30:27;692;74088;15;0
2959;16:30:37;693;74206;16;0
2960;16:30:47;693;74321;16;0
2961;16:30:57;693;74439;15;0
2962;16:31:07;693;74553;15;0
2963;16:31:17;692;74664;14;0
2964;16:31:27;692;74782;14;0
2965;16:31:37;692;74896;14;0
2966;16:31:47;692;75014;14;0
2967;16:31:57;692;75128;14;0
2968;16:32:07;692;75246;14;0
2969;16:32:17;692;75360;14;0
2970;16:32:27;693;75478;14;0
2971;16:32:37;692;75592;15;0
2972;16:32:47;692;75710;15;0
2973;16:32:57;692;75821;15;0
2974;16:33:07;693;75936;14;0
2975;16:33:17;693;76053;14;0
2976;16:33:27;693;76168;15;0
2977;16:33:37;692;76285;15;0
2978;16:33:47;692;76400;16;0
2979;16:33:57;692;76517;16;0
2980;16:34:07;692;76632;18;0
2981;16:34:17;692;76747;17;0
2982;16:34:27;692;76865;16;0
2983;16:34:37;692;76975;15;0
2984;16:34:47;692;77092;16;0
2985;16:34:57;692;77208;16;0
2986;16:35:07;692;77322;17;0
2987;16:35:17;692;77440;18;0
2988;16:35:27;691;77554;18;0
2989;16:35:37;690;77672;18;0
2990;16:35:47;690;77786;18;0
2991;16:35:57;689;77904;17;0
2992;16:36:07;688;78018;16;0
2993;16:36:17;688;78129;16;0
2994;16:36:27;687;78247;15;0
2995;16:36:37;686;78361;14;0
2996;16:36:47;685;78479;14;0
2997;16:36:57;685;78594;15;0
2998;16:37:07;684;78711;16;0
2999;16:37:17;684;78826;15;0
3000;16:37:27;684;78943;16;0
3001;16:37:37;683;79058;15;0
3002;16:37:47;682;79175;15;0
3003;16:37:57;681;79286;15;0
3004;16:38:07;680;79401;15;0
3005;16:38:17;680;79518;15;0
3006;16:38:27;679;79633;14;0
3007;16:38:37;679;79750;14;0
3008;16:38:47;678;79864;15;0
3009;16:38:57;678;79979;15;0
3010;16:39:07;679;80093;16;0
3011;16:39:17;679;80205;17;0
3012;16:39:27;680;80320;17;0
3013;16:39:37;681;80429;18;0
3014;16:39:47;681;80544;18;0
3015;16:39:57;682;80657;18;0
3016;16:40:07;683;80769;19;0
3017;16:40:17;684;80885;19;0
3018;16:40:27;684;80997;19;0
3019;16:40:37;684;81113;20;0
3020;16:40:47;685;81225;20;0
3021;16:40:57;685;81341;20;0
3022;16:41:07;685;81454;21;0
3023;16:41:17;686;81562;21;0
3024;16:41:27;686;81677;22;0
3025;16:41:37;687;81788;21;0
3026;16:41:47;688;81903;20;0
3027;16:41:57;688;82015;20;0
3028;16:42:07;688;82131;19;0
3029;16:42:17;688;82245;18;0
3030;16:42:27;688;82362;17;0
3031;16:42:37;689;82476;16;0
3032;16:42:47;689;82592;16;0
3033;16:42:57;689;82703;14;0
3034;16:43:07;689;82817;15;0
3035;16:43:17;689;82934;15;0
3036;16:43:27;689;83048;15;0
3037;16:43:37;689;83165;16;0
3038;16:43:47;688;83279;15;0
3039;16:43:57;688;83396;16;0
3040;16:44:07;689;83511;15;0
3041;16:44:17;689;83625;15;0
3042;16:44:27;690;83742;14;0
3043;16:44:37;690;83852;14;0
3044;16:44:47;690;83969;15;0
3045;16:44:57;690;84084;15;0
3046;16:45:07;690;84197;16;0
3047;16:45:17;690;84315;16;0
3048;16:45:27;691;84428;16;0
3049;16:45:37;691;84544;15;0
3050;16:45:47;691;84658;14;0
3051;16:45:57;692;84776;14;0
3052;16:46:07;691;84890;14;0
3053;16:46:17;691;85001;15;0
3054;16:46:27;690;85119;14;0
3055;16:46:37;690;85233;14;0
3056;16:46:47;690;85351;14;0
3057;16:46:57;689;85466;15;0
3058;16:47:07;689;85583;15;0
3059;16:47:17;688;85698;15;0
3060;16:47:27;688;85815;15;0
3061;16:47:37;688;85930;15;0
3062;16:47:47;687;86047;16;0
3063;16:47:57;687;86158;17;0
3064;16:48:07;686;86273;18;0
3065;16:48:17;686;86390;19;0
3066;16:48:27;685;86505;20;0
3067;16:48:37;685;86622;18;0
3068;16:48:47;685;86737;19;0
3069;16:48:57;685;86854;21;0
3070;16:49:07;685;86969;22;0
3071;16:49:17;685;87084;23;0
3072;16:49:27;685;87202;22;0
3073;16:49:37;685;87312;22;0
3074;16:49:47;686;87427;23;0
3075;16:49:57;687;87541;22;0
3076;16:50:07;687;87654;22;0
3077;16:50:17;688;87771;21;0
3078;16:50:27;688;87884;20;0
3079;16:50:37;689;88000;20;0
3080;16:50:47;689;88114;19;0
3081;16:50:57;690;88230;19;0
3082;16:51:07;690;88343;20;0
3083;16:51:17;690;88452;19;0
3084;16:51:27;691;88568;18;0
3085;16:51:37;691;88681;18;0
3086;16:51:47;692;88796;17;0
3087;16:51:57;693;88909;18;0
3088;16:52:07;693;89024;18;0
3089;16:52:17;694;89137;19;0
3090;16:52:27;695;89254;20;0
3091;16:52:37;695;89370;19;0
3092;16:52:47;694;89488;19;0
3093;16:52:57;694;89600;20;0
3094;16:53:07;695;89715;19;0
3095;16:53:17;695;89833;19;0
3096;16:53:27;695;89948;18;0
3097;16:53:37;695;90065;19;0
3098;16:53:47;695;90181;20;0
3099;16:53:57;695;90298;20;0
3100;16:54:07;695;90413;19;0
3101;16:54:17;695;90528;19;0
3102;16:54:27;696;90646;20;0
3103;16:54:37;696;90757;20;0
3104;16:54:47;696;90875;20;0
3105;16:54:57;696;90990;19;0
3106;16:55:07;696;91105;19;0
3107;16:55:17;696;91223;19;0
3108;16:55:27;696;91338;18;0
3109;16:55:37;697;91457;20;0
3110;16:55:47;697;91572;21;0
3111;16:55:57;698;91690;21;0
3112;16:56:07;697;91805;20;0
3113;16:56:17;697;91916;19;0
3114;16:56:27;697;92034;19;0
3115;16:56:37;697;92149;18;0
3116;16:56:47;698;92267;19;0
3117;16:56:57;700;92382;18;0
3118;16:57:07;694;92500;17;0
3119;16:57:17;694;92616;17;0
3120;16:57:27;694;92733;18;0
3121;16:57:37;695;92849;17;0
3122;16:57:47;695;92966;17;0
3123;16:57:57;695;93078;17;0
3124;16:58:07;694;93193;17;0
3125;16:58:17;695;93311;15;0
3126;16:58:27;695;93426;15;0
3127;16:58:37;694;93544;15;0
3128;16:58:47;694;93659;14;0
3129;16:58:57;694;93777;15;0
3130;16:59:07;694;93892;16;0
3131;16:59:17;694;94007;16;0
3132;16:59:27;694;94125;16;0
3133;16:59:37;695;94237;17;0
3134;16:59:47;694;94354;16;0
3135;16:59:57;694;94469;15;0
3136;17:00:07;696;94584;16;0
3137;17:00:17;696;94702;17;0
3138;17:00:27;695;94817;17;0
3139;17:00:37;696;94935;16;0
3140;17:00:47;696;95050;17;0
3141;17:00:57;696;95168;17;0
3142;17:01:07;695;95283;18;0
3143;17:01:17;696;95394;18;0
3144;17:01:27;696;95512;18;0
3145;17:01:37;694;95627;17;0
3146;17:01:47;694;95745;17;0
3147;17:01:57;695;95860;16;0
3148;17:02:07;695;95978;15;0
3149;17:02:17;694;96093;15;0
3150;17:02:27;695;96210;14;0
3151;17:02:37;696;96325;15;0
3152;17:02:47;696;96443;15;0
3153;17:02:57;695;96554;15;0
3154;17:03:07;694;96669;14;0
3155;17:03:17;694;96787;14;0
3156;17:03:27;694;96902;14;0
3157;17:03:37;693;97020;14;0
3158;17:03:47;693;97135;16;0
3159;17:03:57;694;97252;15;0
3160;17:04:07;693;97368;15;0
3161;17:04:17;693;97482;16;0
3162;17:04:27;694;97601;17;0
3163;17:04:37;696;97712;17;0
3164;17:04:47;695;97829;17;0
3165;17:04:57;695;97944;17;0
3166;17:05:07;696;98059;17;0
3167;17:05:17;697;98177;17;0
3168;17:05:27;696;98292;17;0
3169;17:05:37;695;98410;17;0
3170;17:05:47;694;98525;17;0
3171;17:05:57;694;98643;18;0
3172;17:06:07;694;98758;17;0
3173;17:06:17;693;98869;17;0
3174;17:06:27;692;98987;16;0
3175;17:06:37;692;99102;17;0
3176;17:06:47;694;99220;16;0
3177;17:06:57;694;99335;17;0
3178;17:07:07;694;99453;17;0
3179;17:07:17;694;99568;18;0
3180;17:07:27;694;99685;19;0
3181;17:07:37;695;99801;18;0
3182;17:07:47;695;99918;17;0
3183;17:07:57;695;100030;17;0
3184;17:08:07;695;100145;17;0
3185;17:08:17;695;100262;16;0
3186;17:08:27;694;100377;17;0
3187;17:08:37;693;100494;17;0
3188;17:08:47;693;100610;17;0
3189;17:08:57;692;100726;17;0
3190;17:09:07;692;100842;17;0
3191;17:09:17;692;100957;16;0
3192;17:09:27;692;101075;15;0
3193;17:09:37;692;101185;16;0
3194;17:09:47;692;101302;15;0
3195;17:09:57;692;101418;15;0
3196;17:10:07;692;101532;15;0
3197;17:10:17;692;101650;15;0
3198;17:10:27;692;101765;16;0
3199;17:10:37;692;101883;16;0
3200;17:10:47;692;101997;16;0
3201;17:10:57;692;102115;16;0
3202;17:11:07;693;102229;15;0
3203;17:11:17;693;102340;16;0
3204;17:11:27;694;102458;16;0
3205;17:11:37;694;102572;15;0
3206;17:11:47;694;102690;15;0
3207;17:11:57;694;102804;16;0
3208;17:12:07;694;102922;15;0
3209;17:12:17;694;103036;14;0
3210;17:12:27;694;103153;15;0
3211;17:12:37;694;103268;15;0
3212;17:12:47;694;103385;15;0
3213;17:12:57;694;103497;14;0
3214;17:13:07;693;103611;14;0
3215;17:13:17;692;103728;14;0
3216;17:13:27;692;103843;14;0
3217;17:13:37;691;103960;15;0
3218;17:13:47;691;104075;14;0
3219;17:13:57;690;104192;14;0
3220;17:14:07;690;104308;14;0
3221;17:14:17;690;104422;14;0
3222;17:14:27;690;104539;14;0
3223;17:14:37;690;104650;15;0
3224;17:14:47;690;104767;15;0
3225;17:14:57;690;104882;15;0
3226;17:15:07;691;104997;15;0
3227;17:15:17;691;105114;17;0
3228;17:15:27;691;105228;17;0
3229;17:15:37;692;105346;18;0
3230;17:15:47;691;105461;18;0
3231;17:15:57;692;105578;18;0
3232;17:16:07;691;105693;18;0
3233;17:16:17;691;105803;19;0
3234;17:16:27;691;105921;18;0
3235;17:16:37;691;106035;19;0
3236;17:16:47;691;106153;18;0
3237;17:16:57;691;106267;20;0
3238;17:17:07;692;106384;19;0
3239;17:17:17;692;106499;19;0
3240;17:17:27;692;106616;18;0
3241;17:17:37;691;106730;19;0
3242;17:17:47;692;106847;18;0
3243;17:17:57;691;106958;18;0
3244;17:18:07;690;107073;18;0
3245;17:18:17;690;107190;19;0
3246;17:18:27;690;107304;18;0
3247;17:18:37;691;107421;18;0
3248;17:18:47;690;107536;17;0
3249;17:18:57;692;107652;17;0
3250;17:19:07;692;107767;17;0
3251;17:19:17;692;107881;18;0
3252;17:19:27;692;107999;17;0
3253;17:19:37;693;108110;17;0
3254;17:19:47;693;108226;17;0
3255;17:19:57;692;108341;17;0
3256;17:20:07;691;108456;17;0
3257;17:20:17;690;108573;16;0
3258;17:20:27;690;108687;17;0
3259;17:20:37;689;108805;16;0
3260;17:20:47;689;108919;15;0
3261;17:20:57;689;109037;15;0
3262;17:21:07;690;109151;15;0
3263;17:21:17;691;109261;16;0
3264;17:21:27;691;109379;16;0
3265;17:21:37;691;109493;16;0
3266;17:21:47;692;109611;15;0
3267;17:21:57;692;109725;15;0
3268;17:22:07;691;109842;15;0
3269;17:22:17;690;109956;15;0
3270;17:22:27;690;110073;15;0
3271;17:22:37;690;110188;15;0
3272;17:22:47;690;110305;15;0
3273;17:22:57;690;110416;15;0
3274;17:23:07;690;110530;16;0
3275;17:23:17;691;110647;15;0
3276;17:23:27;691;110762;16;0
3277;17:23:37;691;110879;16;0
3278;17:23:47;691;110994;15;0
3279;17:23:57;691;111110;15;0
3280;17:24:07;692;111226;16;0
3281;17:24:17;691;111340;16;0
3282;17:24:27;691;111457;15;0
3283;17:24:37;691;111568;16;0
3284;17:24:47;691;111684;16;0
3285;17:24:57;690;111800;16;0
3286;17:25:07;690;111914;16;0
3287;17:25:17;689;112031;16;0
3288;17:25:27;689;112145;16;0
3289;17:25:37;689;112263;16;0
3290;17:25:47;689;112377;16;0
3291;17:25:57;689;112494;14;0
3292;17:26:07;689;112608;15;0
3293;17:26:17;690;112719;16;0
3294;17:26:27;690;112836;17;0
3295;17:26:37;690;112950;17;0
3296;17:26:47;690;113067;17;0
3297;17:26:57;690;113182;19;0
3298;17:27:07;691;113298;18;0
3299;17:27:17;691;113413;19;0
3300;17:27:27;691;113530;19;0
3301;17:27:37;690;113644;19;0
3302;17:27:47;691;113761;20;0
3303;17:27:57;691;113872;21;0
3304;17:28:07;691;113986;22;0
3305;17:28:17;691;114103;22;0
3306;17:28:27;691;114217;22;0
3307;17:28:37;692;114334;21;0
3308;17:28:47;691;114449;21;0
3309;17:28:57;691;114565;20;0
3310;17:29:07;690;114680;20;0
3311;17:29:17;690;114794;20;0
3312;17:29:27;690;114911;19;0
3313;17:29:37;690;115022;19;0
3314;17:29:47;690;115138;19;0
3315;17:29:57;689;115253;20;0
3316;17:30:07;688;115367;19;0
3317;17:30:17;688;115484;18;0
3318;17:30:27;688;115598;18;0
3319;17:30:37;687;115716;17;0
3320;17:30:47;687;115829;16;0
3321;17:30:57;687;115946;16;0
3322;17:31:07;688;116060;16;0
3323;17:31:17;687;116171;16;0
3324;17:31:27;686;116288;16;0
3325;17:31:37;685;116402;16;0
3326;17:31:47;684;116519;15;0
3327;17:31:57;683;116633;14;0
3328;17:32:07;682;116749;14;0
3329;17:32:17;681;116862;13;0
3330;17:32:27;681;116978;13;0
3331;17:32:37;679;117091;13;0
3332;17:32:47;679;117206;13;0
3333;17:32:57;569;117316;12;0
3334;17:33:07;456;117429;11;0
3335;17:33:17;342;117544;11;0
3336;17:33:27;229;117656;11;0
3337;17:33:37;117;117770;11;0
3338;17:33:47;4;117804;10;0
3339;17:33:57;0;117806;10;0
3340;17:34:07;0;117806;10;0
3341;17:34:17;0;117806;10;0
3342;17:34:27;0;117806;10;0
3343;17:34:37;0;117806;10;0
3344;17:34:47;0;117806;10;0
3345;17:34:57;0;117806;10;0
3346;17:35:07;0;117806;10;0
3347;17:35:17;0;117806;10;0
3348;17:35:27;0;117806;10;0
3349;17:35:37;0;117806;10;0
3350;17:35:47;0;117806;10;0
3351;17:35:57;0;117806;10;0
3352;17:36:07;0;117806;10;0
3353;17:36:17;0;117806;10;0
3354;17:36:27;0;117806;10;0
3355;17:36:37;0;117806;10;0
3356;17:36:47;0;117806;9;0
3357;17:36:57;0;117806;9;0
3358;17:37:07;0;117806;9;0
3359;17:37:17;0;117806;9;0
3360;17:37:27;0;117806;9;0
3361;17:37:37;0;117806;9;0
3362;17:37:47;0;117806;9;0
3363;17:37:57;0;117806;9;0
3364;17:38:07;0;117806;9;0
3365;17:38:17;0;117806;9;0
3366;17:38:27;0;117806;9;0
3367;17:38:37;0;117806;9;0
3368;17:38:47;0;117806;9;0
3369;17:38:57;0;117806;9;0
3370;17:39:07;0;117806;9;0
3371;17:39:17;0;117806;9;0
3372;17:39:27;0;117806;9;0
3373;17:39:37;0;117806;9;0
3374;17:39:47;0;117806;9;0
3375;17:39:57;0;117806;9;0
3376;17:40:07;0;117806;9;0
3377;17:40:17;0;117806;9;0
3378;17:40:27;0;117806;9;0
3379;17:40:37;0;117806;9;0
3380;17:40:47;0;117806;9;0
3381;17:40:57;0;117806;9;0
3382;17:41:07;0;117806;9;0
3383;17:41:17;0;117806;9;0
3384;17:41:27;0;117806;9;0
3385;17:41:37;0;117806;9;0
3386;17:41:47;0;117806;9;0
3387;17:41:57;0;117806;9;0
3388;17:42:07;0;117806;9;0
3389;17:42:17;0;117806;9;0
3390;17:42:27;0;117806;9;0
3391;17:42:37;0;117806;9;0
3392;17:42:47;0;117806;8;0
3393;17:42:57;0;117806;7;0
3394;17:43:07;0;117806;7;0
3395;17:43:17;0;117806;6;0
3396;17:43:27;0;117806;5;0
3397;17:43:37;0;117806;5;0
3398;17:43:47;0;117806;4;0
3399;17:43:57;0;117806;4;0
3400;17:44:07;0;117806;3;0
3401;17:44:17;0;117806;2;0
3402;17:44:27;0;117806;2;0
3403;17:44:37;0;117806;1;0
3404;17:44:47;0;117806;1;0
3405;17:44:57;0;117806;0;0
3406;17:45:07;0;117806;0;0
3407;17:45:17;0;117806;0;0
3408;17:45:27;19;117806;0;0
3409;17:45:37;19;117806;0;0
3410;17:45:47;19;117806;0;0
3411;17:45:57;19;117806;0;0
3412;17:46:07;19;117809;0;0
3413;17:46:17;19;117820;0;0
3414;17:46:27;0;117830;0;0
3415;17:46:37;0;117830;0;0
3416;17:46:47;0;117830;0;0
3417;17:46:57;0;117830;0;0
3418;17:47:07;0;117830;0;0
3419;17:47:17;0;117830;0;0
3420;17:47:27;0;117830;0;0
3421;17:47:37;0;117830;0;0
3422;17:47:47;0;117830;0;0
3423;17:47:57;0;117830;0;0
3424;17:48:07;0;117830;0;0
3425;17:48:17;0;117830;0;0
3426;17:48:27;0;117830;0;0
3427;17:48:37;0;117830;0;0
3428;17:48:47;0;117830;0;0
3429;17:48:57;0;117830;0;0
3430;17:49:07;0;117830;0;0
3431;17:49:17;0;117830;0;0
3432;17:49:27;0;117830;0;0
3433;17:49:37;0;117830;0;0
3434;17:49:47;0;117830;0;0
3435;17:49:57;0;117830;0;0
3436;17:50:07;0;117830;0;0
3437;17:50:17;0;117830;0;0
3438;17:50:27;0;117830;0;0
3439;17:50:37;0;117830;0;0
3440;17:50:47;0;117830;0;0
3441;17:50:57;0;117830;0;0
3442;17:51:07;0;117830;0;0
3443;17:51:17;0;117830;0;0
3444;17:51:27;0;117830;0;0
3445;17:51:37;0;117830;0;0
3446;17:51:47;0;117830;0;0
3447;17:51:57;0;117830;0;0
3448;17:52:07;0;117830;0;0
3449;17:52:17;0;117830;0;0
3450;17:52:27;0;117830;0;0
3451;17:52:37;0;117830;0;0
3452;17:52:47;0;117830;0;0
3453;17:52:57;0;117830;0;0
3454;17:53:07;0;117830;0;0
3455;17:53:17;0;117830;0;0
3456;17:53:27;0;117830;0;0
3457;17:53:37;0;117830;0;0
3458;17:53:47;0;117830;0;0
3459;17:53:57;0;117830;0;0
3460;17:54:07;0;117830;0;0
3461;17:54:17;0;117830;0;0
3462;17:54:27;0;117830;0;0
3463;17:54:37;0;117830;0;0
3464;17:54:47;0;117830;0;0
3465;17:54:57;0;117830;0;0
3466;17:55:07;0;117830;0;0
3467;17:55:17;0;117830;0;0
3468;17:55:27;0;117830;0;0
3469;17:55:37;0;117830;0;0
3470;17:55:47;0;117830;0;0
3471;17:55:57;0;117830;0;0
3472;17:56:07;0;117830;0;0
3473;17:56:17;0;117830;0;0
3474;17:56:27;0;117830;0;0
3475;17:56:37;0;117830;0;0
3476;17:56:47;0;117830;0;0
3477;17:56:57;0;117830;0;0
3478;17:57:07;0;117830;0;0
3479;17:57:17;0;117830;0;0
3480;17:57:27;0;117830;0;0
3481;17:57:37;0;117830;0;0
3482;17:57:47;0;117830;0;0
3483;17:57:57;0;117830;0;0
3484;17:58:07;0;117830;0;0
3485;17:58:17;0;117830;0;0
3486;17:58:27;0;117830;0;0
3487;17:58:37;0;117830;0;0
3488;17:58:47;0;117830;0;0
3489;17:58:57;0;117830;0;0
3490;17:59:07;0;117830;0;0
3491;17:59:17;0;117830;0;0
3492;17:59:27;0;117830;0;0
3493;17:59:37;0;117830;0;0
3494;17:59:47;0;117830;0;0
3495;17:59:57;0;117830;0;0
3496;18:00:07;0;117830;0;0
3497;18:00:17;0;117830;0;0
3498;18:00:27;0;117830;0;0
3499;18:00:37;0;117830;0;0
3500;18:00:47;0;117830;0;0
3501;18:00:57;0;117830;0;0
3502;18:01:07;0;117830;0;0
3503;18:01:17;0;117830;0;0
3504;18:01:27;0;117830;0;0
3505;18:01:37;0;117830;0;0
3506;18:01:47;0;117830;0;0
3507;18:01:57;0;117830;0;0
3508;18:02:07;0;117830;0;0
3509;18:02:17;0;117830;0;0
3510;18:02:27;0;117830;0;0
3511;18:02:37;0;117830;0;0
3512;18:02:47;0;117830;0;0
3513;18:02:57;0;117830;0;0
3514;18:03:07;0;117830;0;0
3515;18:03:17;0;117830;0;0
3516;18:03:27;0;117830;0;0
3517;18:03:37;0;117830;0;0
3518;18:03:47;0;117830;0;0
3519;18:03:57;0;117830;0;0
3520;18:04:07;0;117830;0;0
3521;18:04:17;0;117830;0;0
3522;18:04:27;0;117830;0;0
3523;18:04:37;0;117830;0;0
3524;18:04:47;0;117830;0;0
3525;18:04:57;0;117830;0;0
3526;18:05:07;0;117830;0;0
3527;18:05:17;0;117830;0;0
3528;18:05:27;0;117830;0;0
3529;18:05:37;0;117830;0;0
3530;18:05:47;0;117830;0;0
3531;18:05:57;0;117830;0;0
3532;18:06:07;0;117830;0;0
3533;18:06:17;0;117830;0;0
3534;18:06:27;0;117830;0;0
3535;18:06:37;0;117830;0;0
3536;18:06:47;0;117830;0;0
3537;18:06:57;0;117830;0;0
3538;18:07:07;0;117830;0;0
3539;18:07:17;0;117830;0;0
3540;18:07:27;0;117830;0;0
3541;18:07:37;0;117830;0;0
3542;18:07:47;0;117830;0;0
3543;18:07:57;0;117830;0;0
3544;18:08:07;0;117830;0;0
3545;18:08:17;0;117830;0;0
3546;18:08:27;0;117830;0;0
3547;18:08:37;0;117830;0;0
3548;18:08:47;0;117830;0;0
3549;18:08:57;0;117830;0;0
3550;18:09:07;0;117830;0;0
3551;18:09:17;0;117830;0;0
3552;18:09:27;0;117830;0;0
3553;18:09:37;0;117830;0;0
3554;18:09:47;0;117830;0;0
3555;18:09:57;0;117830;0;0
3556;18:10:07;0;117830;0;0
3557;18:10:17;0;117830;0;0
3558;18:10:27;0;117830;0;0
3559;18:10:37;0;117830;0;0
3560;18:10:47;0;117830;0;0
3561;18:10:57;0;117830;0;0
3562;18:11:07;0;117830;0;0
3563;18:11:17;0;117830;0;0
3564;18:11:27;0;117830;0;0
