Id;Date;Heure;Debit;Total;Pression
1;16/10/2025;08:28:38;0;0;-2
2;16/10/2025;08:28:48;0;0;-2
3;16/10/2025;08:28:58;0;0;-2
4;16/10/2025;08:29:08;0;0;-2
5;16/10/2025;08:29:18;0;0;-2
6;16/10/2025;08:29:28;0;0;-2
7;16/10/2025;08:29:38;0;0;-2
8;16/10/2025;08:29:48;0;0;-2
9;16/10/2025;08:29:58;0;0;-2
10;16/10/2025;08:30:08;0;0;-2
11;16/10/2025;08:30:18;0;0;-2
12;16/10/2025;08:30:28;0;0;-2
13;16/10/2025;08:30:38;0;0;-2
14;16/10/2025;08:30:48;0;0;-2
15;16/10/2025;08:30:58;0;0;-2
16;16/10/2025;08:31:08;0;0;-2
17;16/10/2025;08:31:18;0;0;-2
18;16/10/2025;08:31:28;0;0;-2
19;16/10/2025;08:31:38;0;0;-2
20;16/10/2025;08:31:48;0;0;-2
21;16/10/2025;08:31:58;0;0;-2
22;16/10/2025;08:32:08;0;0;-2
23;16/10/2025;08:32:18;0;0;-2
24;16/10/2025;08:32:28;0;0;-2
25;16/10/2025;08:32:38;0;0;-2
26;16/10/2025;08:32:48;0;0;-2
27;16/10/2025;08:32:58;0;0;-2
28;16/10/2025;08:33:08;0;0;-2
29;16/10/2025;08:33:18;0;0;-2
30;16/10/2025;08:33:28;0;0;-2
31;16/10/2025;08:33:38;0;0;-2
32;16/10/2025;08:33:48;0;0;-2
33;16/10/2025;08:33:58;0;0;-2
34;16/10/2025;08:34:08;0;0;-2
35;16/10/2025;08:34:18;0;0;-2
36;16/10/2025;08:34:28;0;0;-2
37;16/10/2025;08:34:38;0;0;-2
38;16/10/2025;08:34:48;0;0;-2
39;16/10/2025;08:34:58;0;0;-2
40;16/10/2025;08:35:08;0;0;-2
41;16/10/2025;08:35:18;0;0;-2
42;16/10/2025;08:35:28;0;0;-2
43;16/10/2025;08:35:38;0;0;-2
44;16/10/2025;08:35:48;0;0;-2
45;16/10/2025;08:35:58;0;0;-2
46;16/10/2025;08:36:08;0;0;-2
47;16/10/2025;08:36:18;0;0;-2
48;16/10/2025;08:36:28;0;0;-2
49;16/10/2025;08:36:38;0;0;-2
50;16/10/2025;08:36:48;0;0;-2
51;16/10/2025;08:36:58;0;0;-2
52;16/10/2025;08:37:08;0;0;-2
53;16/10/2025;08:37:18;0;0;-2
54;16/10/2025;08:37:28;0;0;-2
55;16/10/2025;08:37:38;0;0;-2
56;16/10/2025;08:37:48;0;0;-2
57;16/10/2025;08:37:58;0;0;-2
58;16/10/2025;08:38:08;0;0;-2
59;16/10/2025;08:38:18;0;0;-2
60;16/10/2025;08:38:28;0;0;-2
61;16/10/2025;08:38:38;0;0;-2
62;16/10/2025;08:38:48;0;0;-2
63;16/10/2025;08:38:58;0;0;-2
64;16/10/2025;08:39:08;0;0;-2
65;16/10/2025;08:39:18;0;0;-2
66;16/10/2025;08:39:28;0;0;-2
67;16/10/2025;08:39:38;0;0;-2
68;16/10/2025;08:39:48;0;0;-2
69;16/10/2025;08:39:58;0;0;-2
70;16/10/2025;08:40:08;0;0;-2
71;16/10/2025;08:40:18;0;0;-2
72;16/10/2025;08:40:28;0;0;-2
73;16/10/2025;08:40:38;0;0;-2
74;16/10/2025;08:40:48;0;0;-2
75;16/10/2025;08:40:58;0;0;-2
76;16/10/2025;08:41:08;0;0;-2
77;16/10/2025;08:41:18;0;0;-2
78;16/10/2025;08:41:28;0;0;-2
79;16/10/2025;08:41:38;0;0;-2
80;16/10/2025;08:41:48;0;0;-2
81;16/10/2025;08:41:58;0;0;-2
82;16/10/2025;08:42:08;0;0;-2
83;16/10/2025;08:42:18;0;0;-2
84;16/10/2025;08:42:28;0;0;-2
85;16/10/2025;08:42:38;0;0;-2
86;16/10/2025;08:42:48;0;0;-2
87;16/10/2025;08:42:58;0;0;-2
88;16/10/2025;08:43:08;0;0;-2
89;16/10/2025;08:43:18;0;0;-2
90;16/10/2025;08:43:28;0;0;-2
91;16/10/2025;08:43:38;0;0;-1
92;16/10/2025;08:43:48;0;0;-1
93;16/10/2025;08:43:58;15;0;-1
94;16/10/2025;08:44:08;20;0;-1
95;16/10/2025;08:44:18;20;0;-1
96;16/10/2025;08:44:28;20;0;-1
97;16/10/2025;08:44:38;20;2;-1
98;16/10/2025;08:44:48;20;2;-1
99;16/10/2025;08:44:58;20;5;-1
100;16/10/2025;08:45:08;20;11;-1
101;16/10/2025;08:45:18;15;13;-1
102;16/10/2025;08:45:28;15;13;-1
103;16/10/2025;08:45:38;15;13;-1
104;16/10/2025;08:45:48;15;13;-1
105;16/10/2025;08:45:58;15;13;-1
106;16/10/2025;08:46:08;15;16;-1
107;16/10/2025;08:46:18;0;23;-1
108;16/10/2025;08:46:28;0;23;-1
109;16/10/2025;08:46:38;0;23;-1
110;16/10/2025;08:46:48;0;23;-1
111;16/10/2025;08:46:58;0;23;-1
112;16/10/2025;08:47:08;0;23;-1
113;16/10/2025;08:47:18;0;23;-1
114;16/10/2025;08:47:28;0;23;-1
115;16/10/2025;08:47:38;0;23;-1
116;16/10/2025;08:47:48;0;23;-1
117;16/10/2025;08:47:58;0;23;-1
118;16/10/2025;08:48:08;0;23;-1
119;16/10/2025;08:48:18;0;23;-1
120;16/10/2025;08:48:28;0;23;-1
121;16/10/2025;08:48:38;0;23;-1
122;16/10/2025;08:48:48;0;23;-1
123;16/10/2025;08:48:58;0;23;-1
124;16/10/2025;08:49:08;0;23;-1
125;16/10/2025;08:49:18;0;23;-1
126;16/10/2025;08:49:28;0;23;-1
127;16/10/2025;08:49:38;0;23;-1
128;16/10/2025;08:49:48;0;23;-1
129;16/10/2025;08:49:58;0;23;-1
130;16/10/2025;08:50:08;0;23;-1
131;16/10/2025;08:50:18;0;23;-1
132;16/10/2025;08:50:28;0;23;-1
133;16/10/2025;08:50:38;0;23;-1
134;16/10/2025;08:50:48;0;23;-1
135;16/10/2025;08:50:58;0;23;-1
136;16/10/2025;08:51:08;0;23;-1
137;16/10/2025;08:51:18;0;23;-1
138;16/10/2025;08:51:28;0;23;-1
139;16/10/2025;08:51:38;0;23;-1
140;16/10/2025;08:51:48;0;23;-1
141;16/10/2025;08:51:58;0;23;-1
142;16/10/2025;08:52:08;0;23;-1
143;16/10/2025;08:52:18;0;23;-1
144;16/10/2025;08:52:28;0;23;-1
145;16/10/2025;08:52:38;0;23;-1
146;16/10/2025;08:52:48;0;23;-1
147;16/10/2025;08:52:58;0;23;-1
148;16/10/2025;08:53:08;0;23;-1
149;16/10/2025;08:53:18;0;23;-1
150;16/10/2025;08:53:28;0;23;-1
151;16/10/2025;08:53:38;0;23;-1
152;16/10/2025;08:53:48;0;23;-1
153;16/10/2025;08:53:58;0;23;-1
154;16/10/2025;08:54:08;0;23;-1
155;16/10/2025;08:54:18;0;23;-1
156;16/10/2025;08:54:28;0;23;-1
157;16/10/2025;08:54:38;0;23;-1
158;16/10/2025;08:54:48;0;23;-1
159;16/10/2025;08:54:58;0;23;-1
160;16/10/2025;08:55:08;0;23;-1
161;16/10/2025;08:55:18;0;23;-1
162;16/10/2025;08:55:28;0;23;-1
163;16/10/2025;08:55:38;0;23;-1
164;16/10/2025;08:55:48;0;23;-1
165;16/10/2025;08:55:58;0;23;-1
166;16/10/2025;08:56:08;0;23;-1
167;16/10/2025;08:56:18;0;23;-1
168;16/10/2025;08:56:28;0;23;-1
169;16/10/2025;08:56:38;0;23;-1
170;16/10/2025;08:56:48;0;23;-1
171;16/10/2025;08:56:58;0;23;-1
172;16/10/2025;08:57:08;0;23;-1
173;16/10/2025;08:57:18;0;23;-1
174;16/10/2025;08:57:28;0;23;-1
175;16/10/2025;08:57:38;0;23;-1
176;16/10/2025;08:57:48;0;23;-1
177;16/10/2025;08:57:58;0;23;-1
178;16/10/2025;08:58:08;0;23;-1
179;16/10/2025;08:58:18;0;23;-1
180;16/10/2025;08:58:28;0;23;-1
181;16/10/2025;08:58:38;0;23;-1
182;16/10/2025;08:58:48;0;23;-1
183;16/10/2025;08:58:58;0;23;-1
184;16/10/2025;08:59:08;0;23;-1
185;16/10/2025;08:59:18;0;23;-1
186;16/10/2025;08:59:28;0;23;-1
187;16/10/2025;08:59:38;0;23;-1
188;16/10/2025;08:59:48;0;23;-1
189;16/10/2025;08:59:58;0;23;-1
190;16/10/2025;09:00:08;0;23;-1
191;16/10/2025;09:00:18;0;23;-1
192;16/10/2025;09:00:28;0;23;-1
193;16/10/2025;09:00:38;0;23;-1
194;16/10/2025;09:00:48;0;23;-1
195;16/10/2025;09:00:58;0;23;-1
196;16/10/2025;09:01:08;0;23;-1
197;16/10/2025;09:01:18;0;23;-1
198;16/10/2025;09:01:28;0;23;-1
199;16/10/2025;09:01:38;0;23;-1
200;16/10/2025;09:01:48;0;23;-1
201;16/10/2025;09:01:58;0;23;-1
202;16/10/2025;09:02:08;0;23;-1
203;16/10/2025;09:02:18;0;23;-1
204;16/10/2025;09:02:28;0;23;-1
205;16/10/2025;09:02:38;0;23;-1
206;16/10/2025;09:02:48;0;23;-1
207;16/10/2025;09:02:58;0;23;-1
208;16/10/2025;09:03:08;0;23;-1
209;16/10/2025;09:03:18;0;23;-1
210;16/10/2025;09:03:28;0;23;-1
211;16/10/2025;09:03:38;0;23;-1
212;16/10/2025;09:03:48;0;23;-1
213;16/10/2025;09:03:58;0;23;-1
214;16/10/2025;09:04:08;0;23;-1
215;16/10/2025;09:04:18;0;23;-1
216;16/10/2025;09:04:28;0;23;-1
217;16/10/2025;09:04:38;0;23;-1
218;16/10/2025;09:04:48;0;23;-1
219;16/10/2025;09:04:58;0;23;-1
220;16/10/2025;09:05:08;0;23;-1
221;16/10/2025;09:05:18;0;23;-1
222;16/10/2025;09:05:28;0;23;-1
223;16/10/2025;09:05:38;0;23;-1
224;16/10/2025;09:05:48;0;23;-1
225;16/10/2025;09:05:58;0;23;-1
226;16/10/2025;09:06:08;0;23;-1
227;16/10/2025;09:06:18;0;23;-1
228;16/10/2025;09:06:28;0;23;-1
229;16/10/2025;09:06:38;0;23;-1
230;16/10/2025;09:06:48;0;23;-1
231;16/10/2025;09:06:58;0;23;-1
232;16/10/2025;09:07:08;0;23;-1
233;16/10/2025;09:07:18;0;23;-1
234;16/10/2025;09:07:28;0;23;-1
235;16/10/2025;09:07:38;0;23;-1
236;16/10/2025;09:07:48;0;23;-1
237;16/10/2025;09:07:58;0;23;-1
238;16/10/2025;09:08:08;0;23;-1
239;16/10/2025;09:08:18;0;23;-1
240;16/10/2025;09:08:28;0;23;-1
241;16/10/2025;09:08:38;0;23;-1
242;16/10/2025;09:08:48;0;23;-1
243;16/10/2025;09:08:58;0;23;-1
244;16/10/2025;09:09:08;0;23;-1
245;16/10/2025;09:09:18;0;23;-1
246;16/10/2025;09:09:28;0;23;-1
247;16/10/2025;09:09:38;0;23;-1
248;16/10/2025;09:09:48;0;23;-1
249;16/10/2025;09:09:58;0;23;-1
250;16/10/2025;09:10:08;0;23;-1
251;16/10/2025;09:10:18;0;23;-1
252;16/10/2025;09:10:28;0;23;-1
253;16/10/2025;09:10:38;0;23;-1
254;16/10/2025;09:10:48;0;23;-1
255;16/10/2025;09:10:58;0;23;-1
256;16/10/2025;09:11:08;0;23;-1
257;16/10/2025;09:11:18;0;23;-1
258;16/10/2025;09:11:28;0;23;-1
259;16/10/2025;09:11:38;0;23;-1
260;16/10/2025;09:11:48;0;23;-1
261;16/10/2025;09:11:58;0;23;-1
262;16/10/2025;09:12:08;0;23;-1
263;16/10/2025;09:12:18;0;23;-1
264;16/10/2025;09:12:28;0;23;-1
265;16/10/2025;09:12:38;0;23;-1
266;16/10/2025;09:12:48;0;23;-1
267;16/10/2025;09:12:58;0;23;-1
268;16/10/2025;09:13:08;0;23;-1
269;16/10/2025;09:13:18;0;23;-1
270;16/10/2025;09:13:28;0;23;-1
271;16/10/2025;09:13:38;0;23;-1
272;16/10/2025;09:13:48;0;23;-1
273;16/10/2025;09:13:58;0;23;-1
274;16/10/2025;09:14:08;0;23;-1
275;16/10/2025;09:14:18;0;23;-1
276;16/10/2025;09:14:28;0;23;-1
277;16/10/2025;09:14:38;0;23;-1
278;16/10/2025;09:14:48;0;23;-1
279;16/10/2025;09:14:58;0;23;-1
280;16/10/2025;09:15:08;0;23;-1
281;16/10/2025;09:15:18;0;23;-1
282;16/10/2025;09:15:28;0;23;-1
283;16/10/2025;09:15:38;0;23;-1
284;16/10/2025;09:15:48;0;23;-1
285;16/10/2025;09:15:58;0;23;-1
286;16/10/2025;09:16:08;0;23;-1
287;16/10/2025;09:16:18;0;25;-1
288;16/10/2025;09:16:28;0;25;-1
289;16/10/2025;09:16:38;53;25;3
290;16/10/2025;09:16:48;104;25;8
291;16/10/2025;09:16:58;152;25;14
292;16/10/2025;09:17:08;196;25;21
293;16/10/2025;09:17:18;239;25;29
294;16/10/2025;09:17:28;279;25;37
295;16/10/2025;09:17:38;315;75;45
296;16/10/2025;09:17:48;291;137;48
297;16/10/2025;09:17:58;264;194;49
298;16/10/2025;09:18:08;237;249;50
299;16/10/2025;09:18:18;212;299;48
300;16/10/2025;09:18:28;188;346;46
301;16/10/2025;09:18:38;164;390;43
302;16/10/2025;09:18:48;144;428;41
303;16/10/2025;09:18:58;131;459;40
304;16/10/2025;09:19:08;122;485;39
305;16/10/2025;09:19:18;116;508;38
306;16/10/2025;09:19:28;112;530;38
307;16/10/2025;09:19:38;109;550;38
308;16/10/2025;09:19:48;107;569;39
309;16/10/2025;09:19:58;107;588;39
310;16/10/2025;09:20:08;106;606;39
311;16/10/2025;09:20:18;106;651;40
312;16/10/2025;09:20:28;106;669;39
313;16/10/2025;09:20:38;106;704;39
314;16/10/2025;09:20:48;106;721;40
315;16/10/2025;09:20:58;106;739;39
316;16/10/2025;09:21:08;105;757;39
317;16/10/2025;09:21:18;105;774;40
318;16/10/2025;09:21:28;104;792;39
319;16/10/2025;09:21:38;105;810;40
320;16/10/2025;09:21:48;104;827;40
321;16/10/2025;09:21:58;104;845;40
322;16/10/2025;09:22:08;104;862;40
323;16/10/2025;09:22:18;104;880;40
324;16/10/2025;09:22:28;104;897;40
325;16/10/2025;09:22:38;105;915;40
326;16/10/2025;09:22:48;105;932;40
327;16/10/2025;09:22:58;105;949;41
328;16/10/2025;09:23:08;105;967;41
329;16/10/2025;09:23:18;105;984;40
330;16/10/2025;09:23:28;105;1002;41
331;16/10/2025;09:23:38;105;1019;41
332;16/10/2025;09:23:48;105;1037;41
333;16/10/2025;09:23:58;105;1054;41
334;16/10/2025;09:24:08;105;1071;41
335;16/10/2025;09:24:18;105;1089;41
336;16/10/2025;09:24:28;105;1106;41
337;16/10/2025;09:24:38;105;1124;41
338;16/10/2025;09:24:48;106;1141;42
339;16/10/2025;09:24:58;106;1159;41
340;16/10/2025;09:25:08;106;1176;41
341;16/10/2025;09:25:18;106;1194;41
342;16/10/2025;09:25:28;106;1212;41
343;16/10/2025;09:25:38;106;1230;41
344;16/10/2025;09:25:48;107;1246;41
345;16/10/2025;09:25:58;106;1264;41
346;16/10/2025;09:26:08;106;1282;41
347;16/10/2025;09:26:18;105;1299;41
348;16/10/2025;09:26:28;105;1317;42
349;16/10/2025;09:26:38;106;1335;42
350;16/10/2025;09:26:48;106;1352;42
351;16/10/2025;09:26:58;106;1370;42
352;16/10/2025;09:27:08;106;1388;42
353;16/10/2025;09:27:18;107;1406;42
354;16/10/2025;09:27:28;108;1423;42
355;16/10/2025;09:27:38;107;1440;42
356;16/10/2025;09:27:48;107;1458;41
357;16/10/2025;09:27:58;106;1476;42
358;16/10/2025;09:28:08;106;1494;42
359;16/10/2025;09:28:18;106;1511;42
360;16/10/2025;09:28:28;106;1529;42
361;16/10/2025;09:28:38;106;1547;42
362;16/10/2025;09:28:48;107;1565;42
363;16/10/2025;09:28:58;108;1583;42
364;16/10/2025;09:29:08;108;1600;42
365;16/10/2025;09:29:18;108;1618;42
366;16/10/2025;09:29:28;108;1635;42
367;16/10/2025;09:29:38;108;1654;42
368;16/10/2025;09:29:48;108;1671;42
369;16/10/2025;09:29:58;108;1689;42
370;16/10/2025;09:30:08;108;1707;42
371;16/10/2025;09:30:18;107;1725;42
372;16/10/2025;09:30:28;107;1743;43
373;16/10/2025;09:30:38;107;1761;42
374;16/10/2025;09:30:48;107;1779;42
375;16/10/2025;09:30:58;107;1796;42
376;16/10/2025;09:31:08;107;1815;42
377;16/10/2025;09:31:18;106;1832;42
378;16/10/2025;09:31:28;107;1850;42
379;16/10/2025;09:31:38;107;1868;42
380;16/10/2025;09:31:48;107;1886;42
381;16/10/2025;09:31:58;107;1904;42
382;16/10/2025;09:32:08;107;1922;42
383;16/10/2025;09:32:18;107;1940;42
384;16/10/2025;09:32:28;108;1957;42
385;16/10/2025;09:32:38;108;1975;42
386;16/10/2025;09:32:48;108;1993;42
387;16/10/2025;09:32:58;108;2011;42
388;16/10/2025;09:33:08;108;2029;42
389;16/10/2025;09:33:18;108;2047;42
390;16/10/2025;09:33:28;108;2065;42
391;16/10/2025;09:33:38;108;2083;42
392;16/10/2025;09:33:48;108;2101;43
393;16/10/2025;09:33:58;108;2119;43
394;16/10/2025;09:34:08;107;2136;43
395;16/10/2025;09:34:18;107;2155;42
396;16/10/2025;09:34:28;107;2172;43
397;16/10/2025;09:34:38;106;2191;42
398;16/10/2025;09:34:48;106;2208;43
399;16/10/2025;09:34:58;107;2227;42
400;16/10/2025;09:35:08;107;2245;42
401;16/10/2025;09:35:18;108;2263;42
402;16/10/2025;09:35:28;108;2280;42
403;16/10/2025;09:35:38;108;2299;42
404;16/10/2025;09:35:48;109;2316;42
405;16/10/2025;09:35:58;109;2334;42
406;16/10/2025;09:36:08;108;2352;43
407;16/10/2025;09:36:18;108;2370;42
408;16/10/2025;09:36:28;108;2388;43
409;16/10/2025;09:36:38;108;2406;43
410;16/10/2025;09:36:48;108;2423;43
411;16/10/2025;09:36:58;108;2442;43
412;16/10/2025;09:37:08;108;2459;43
413;16/10/2025;09:37:18;108;2478;42
414;16/10/2025;09:37:28;108;2496;43
415;16/10/2025;09:37:38;108;2513;42
416;16/10/2025;09:37:48;108;2531;42
417;16/10/2025;09:37:58;108;2549;42
418;16/10/2025;09:38:08;108;2567;42
419;16/10/2025;09:38:18;107;2585;42
420;16/10/2025;09:38:28;107;2603;42
421;16/10/2025;09:38:38;108;2621;42
422;16/10/2025;09:38:48;108;2639;43
423;16/10/2025;09:38:58;109;2657;43
424;16/10/2025;09:39:08;109;2676;43
425;16/10/2025;09:39:18;109;2693;43
426;16/10/2025;09:39:28;111;2711;42
427;16/10/2025;09:39:38;111;2729;42
428;16/10/2025;09:39:48;111;2747;42
429;16/10/2025;09:39:58;111;2766;42
430;16/10/2025;09:40:08;111;2783;42
431;16/10/2025;09:40:18;110;2802;42
432;16/10/2025;09:40:28;109;2820;42
433;16/10/2025;09:40:38;109;2838;42
434;16/10/2025;09:40:48;109;2856;42
435;16/10/2025;09:40:58;110;2873;42
436;16/10/2025;09:41:08;110;2892;43
437;16/10/2025;09:41:18;110;2910;43
438;16/10/2025;09:41:28;111;2928;43
439;16/10/2025;09:41:38;111;2946;42
440;16/10/2025;09:41:48;111;2964;42
441;16/10/2025;09:41:58;110;2982;43
442;16/10/2025;09:42:08;110;3000;43
443;16/10/2025;09:42:18;110;3019;43
444;16/10/2025;09:42:28;110;3037;43
445;16/10/2025;09:42:38;109;3054;43
446;16/10/2025;09:42:48;109;3073;43
447;16/10/2025;09:42:58;109;3091;43
448;16/10/2025;09:43:08;109;3109;43
449;16/10/2025;09:43:18;109;3127;44
450;16/10/2025;09:43:28;109;3146;44
451;16/10/2025;09:43:38;109;3164;44
452;16/10/2025;09:43:48;109;3182;43
453;16/10/2025;09:43:58;109;3200;43
454;16/10/2025;09:44:08;109;3218;44
455;16/10/2025;09:44:18;109;3236;43
456;16/10/2025;09:44:28;109;3254;43
457;16/10/2025;09:44:38;109;3272;42
458;16/10/2025;09:44:48;109;3291;43
459;16/10/2025;09:44:58;109;3309;43
460;16/10/2025;09:45:08;109;3327;43
461;16/10/2025;09:45:18;109;3346;43
462;16/10/2025;09:45:28;109;3364;43
463;16/10/2025;09:45:38;109;3382;43
464;16/10/2025;09:45:48;109;3400;43
465;16/10/2025;09:45:58;109;3418;43
466;16/10/2025;09:46:08;109;3436;43
467;16/10/2025;09:46:18;109;3455;43
468;16/10/2025;09:46:28;109;3473;43
469;16/10/2025;09:46:38;109;3491;43
470;16/10/2025;09:46:48;108;3509;43
471;16/10/2025;09:46:58;108;3528;43
472;16/10/2025;09:47:08;108;3546;43
473;16/10/2025;09:47:18;108;3565;43
474;16/10/2025;09:47:28;109;3583;43
475;16/10/2025;09:47:38;109;3600;43
476;16/10/2025;09:47:48;109;3619;43
477;16/10/2025;09:47:58;109;3637;43
478;16/10/2025;09:48:08;110;3656;43
479;16/10/2025;09:48:18;111;3674;43
480;16/10/2025;09:48:28;110;3692;43
481;16/10/2025;09:48:38;109;3710;43
482;16/10/2025;09:48:48;110;3729;42
483;16/10/2025;09:48:58;110;3747;42
484;16/10/2025;09:49:08;111;3766;42
485;16/10/2025;09:49:18;111;3783;42
486;16/10/2025;09:49:28;110;3802;43
487;16/10/2025;09:49:38;110;3820;43
488;16/10/2025;09:49:48;111;3838;43
489;16/10/2025;09:49:58;111;3857;43
490;16/10/2025;09:50:08;111;3875;44
491;16/10/2025;09:50:18;111;3894;44
492;16/10/2025;09:50:28;110;3912;44
493;16/10/2025;09:50:38;110;3931;44
494;16/10/2025;09:50:48;110;3949;44
495;16/10/2025;09:50:58;109;3967;44
496;16/10/2025;09:51:08;109;3986;44
497;16/10/2025;09:51:18;109;4004;44
498;16/10/2025;09:51:28;109;4023;45
499;16/10/2025;09:51:38;109;4041;44
500;16/10/2025;09:51:48;111;4059;44
501;16/10/2025;09:51:58;111;4078;44
502;16/10/2025;09:52:08;111;4096;44
503;16/10/2025;09:52:18;111;4115;43
504;16/10/2025;09:52:28;111;4133;43
505;16/10/2025;09:52:38;111;4151;42
506;16/10/2025;09:52:48;111;4170;42
507;16/10/2025;09:52:58;111;4188;43
508;16/10/2025;09:53:08;112;4207;43
509;16/10/2025;09:53:18;112;4225;43
510;16/10/2025;09:53:28;112;4244;43
511;16/10/2025;09:53:38;112;4263;43
512;16/10/2025;09:53:48;112;4282;43
513;16/10/2025;09:53:58;112;4300;43
514;16/10/2025;09:54:08;111;4319;43
515;16/10/2025;09:54:18;110;4337;43
516;16/10/2025;09:54:28;110;4355;43
517;16/10/2025;09:54:38;110;4374;42
518;16/10/2025;09:54:48;110;4392;43
519;16/10/2025;09:54:58;110;4411;43
520;16/10/2025;09:55:08;111;4429;43
521;16/10/2025;09:55:18;112;4448;43
522;16/10/2025;09:55:28;112;4466;43
523;16/10/2025;09:55:38;112;4485;43
524;16/10/2025;09:55:48;112;4504;44
525;16/10/2025;09:55:58;112;4522;44
526;16/10/2025;09:56:08;113;4540;44
527;16/10/2025;09:56:18;112;4559;44
528;16/10/2025;09:56:28;113;4577;44
529;16/10/2025;09:56:38;113;4596;44
530;16/10/2025;09:56:48;113;4615;44
531;16/10/2025;09:56:58;113;4634;44
532;16/10/2025;09:57:08;114;4653;44
533;16/10/2025;09:57:18;113;4672;44
534;16/10/2025;09:57:28;113;4690;44
535;16/10/2025;09:57:38;113;4708;44
536;16/10/2025;09:57:48;113;4727;44
537;16/10/2025;09:57:58;113;4746;44
538;16/10/2025;09:58:08;113;4765;44
539;16/10/2025;09:58:18;113;4784;45
540;16/10/2025;09:58:28;113;4803;45
541;16/10/2025;09:58:38;114;4822;44
542;16/10/2025;09:58:48;114;4841;45
543;16/10/2025;09:58:58;114;4859;45
544;16/10/2025;09:59:08;114;4878;44
545;16/10/2025;09:59:18;115;4897;44
546;16/10/2025;09:59:28;114;4915;44
547;16/10/2025;09:59:38;114;4934;44
548;16/10/2025;09:59:48;114;4953;44
549;16/10/2025;09:59:58;113;4972;44
550;16/10/2025;10:00:08;112;4991;44
551;16/10/2025;10:00:18;112;5010;44
552;16/10/2025;10:00:28;112;5029;44
553;16/10/2025;10:00:38;112;5048;44
554;16/10/2025;10:00:48;113;5067;44
555;16/10/2025;10:00:58;113;5085;44
556;16/10/2025;10:01:08;113;5104;44
557;16/10/2025;10:01:18;113;5123;44
558;16/10/2025;10:01:28;113;5141;44
559;16/10/2025;10:01:38;113;5161;45
560;16/10/2025;10:01:48;113;5179;44
561;16/10/2025;10:01:58;113;5199;45
562;16/10/2025;10:02:08;113;5217;44
563;16/10/2025;10:02:18;114;5237;44
564;16/10/2025;10:02:28;114;5255;44
565;16/10/2025;10:02:38;114;5274;44
566;16/10/2025;10:02:48;114;5312;44
567;16/10/2025;10:02:58;114;5331;44
568;16/10/2025;10:03:08;114;5350;43
569;16/10/2025;10:03:18;114;5369;44
570;16/10/2025;10:03:28;114;5388;44
571;16/10/2025;10:03:38;114;5407;44
572;16/10/2025;10:03:48;114;5426;44
573;16/10/2025;10:03:58;114;5445;45
574;16/10/2025;10:04:08;115;5463;45
575;16/10/2025;10:04:18;115;5482;45
576;16/10/2025;10:04:28;114;5502;45
577;16/10/2025;10:04:38;114;5520;45
578;16/10/2025;10:04:48;114;5540;44
579;16/10/2025;10:04:58;114;5559;44
580;16/10/2025;10:05:08;114;5578;44
581;16/10/2025;10:05:18;113;5597;44
582;16/10/2025;10:05:28;112;5616;44
583;16/10/2025;10:05:38;113;5635;44
584;16/10/2025;10:05:48;114;5653;44
585;16/10/2025;10:05:58;114;5673;45
586;16/10/2025;10:06:08;114;5692;44
587;16/10/2025;10:06:18;114;5710;44
588;16/10/2025;10:06:28;114;5730;44
589;16/10/2025;10:06:38;115;5749;44
590;16/10/2025;10:06:48;115;5768;44
591;16/10/2025;10:06:58;115;5787;44
592;16/10/2025;10:07:08;115;5807;44
593;16/10/2025;10:07:18;116;5826;45
594;16/10/2025;10:07:28;116;5844;44
595;16/10/2025;10:07:38;117;5864;44
596;16/10/2025;10:07:48;117;5883;44
597;16/10/2025;10:07:58;116;5902;45
598;16/10/2025;10:08:08;116;5921;45
599;16/10/2025;10:08:18;99;5941;38
600;16/10/2025;10:08:28;82;5960;32
601;16/10/2025;10:08:38;66;5979;26
602;16/10/2025;10:08:48;49;5998;19
603;16/10/2025;10:08:58;33;6018;13
604;16/10/2025;10:09:08;17;6036;6
605;16/10/2025;10:09:18;0;6044;-1
606;16/10/2025;10:09:28;0;6044;-1
607;16/10/2025;10:09:38;0;6044;-1
608;16/10/2025;10:09:48;0;6044;-1
609;16/10/2025;10:09:58;0;6044;-1
610;16/10/2025;10:10:08;0;6044;-1
611;16/10/2025;10:10:18;0;6044;-1
612;16/10/2025;10:10:28;0;6044;-1
613;16/10/2025;10:10:38;0;6044;-1
614;16/10/2025;10:10:48;0;6044;-1
615;16/10/2025;10:10:58;0;6044;-1
616;16/10/2025;10:11:08;0;6044;-1
617;16/10/2025;10:11:18;0;6044;-1
618;16/10/2025;10:11:28;0;6044;-1
619;16/10/2025;10:11:38;0;6044;-1
620;16/10/2025;10:11:48;0;6044;-1
621;16/10/2025;10:11:58;0;6044;-1
622;16/10/2025;10:12:08;0;6044;-1
623;16/10/2025;10:12:18;0;6044;-1
624;16/10/2025;10:12:28;0;6044;-1
625;16/10/2025;10:12:38;0;6044;-1
626;16/10/2025;10:12:48;0;6044;-1
627;16/10/2025;10:12:58;0;6044;-1
628;16/10/2025;10:13:08;0;6044;-1
629;16/10/2025;10:13:18;0;6044;-1
630;16/10/2025;10:13:28;0;6044;-1
631;16/10/2025;10:13:38;0;6044;-1
632;16/10/2025;10:13:48;0;6044;-1
633;16/10/2025;10:13:58;0;6044;-1
634;16/10/2025;10:14:08;0;6044;-1
635;16/10/2025;10:14:18;0;6044;-1
636;16/10/2025;10:14:28;0;6044;-1
637;16/10/2025;10:14:38;0;6044;-1
638;16/10/2025;10:14:48;0;6044;-1
639;16/10/2025;10:14:58;0;6044;-1
640;16/10/2025;10:15:08;0;6044;-1
641;16/10/2025;10:15:18;0;6044;-1
642;16/10/2025;10:15:28;0;6044;-1
643;16/10/2025;10:15:38;0;6044;-1
644;16/10/2025;10:15:48;0;6044;-1
645;16/10/2025;10:15:58;0;6044;-1
646;16/10/2025;10:16:08;0;6044;-1
647;16/10/2025;10:16:18;0;6044;-1
648;16/10/2025;10:16:28;0;6044;-1
649;16/10/2025;10:16:38;0;6044;-1
650;16/10/2025;10:16:48;0;6044;-1
651;16/10/2025;10:16:58;0;6044;-1
652;16/10/2025;10:17:08;0;6044;-1
653;16/10/2025;10:17:18;0;6044;-1
654;16/10/2025;10:17:28;0;6044;-1
655;16/10/2025;10:17:38;0;6044;-1
656;16/10/2025;10:17:48;0;6044;-1
657;16/10/2025;10:17:58;0;6044;-1
658;16/10/2025;10:18:08;0;6044;-1
659;16/10/2025;10:18:18;0;6044;-1
660;16/10/2025;10:18:28;0;6044;-1
661;16/10/2025;10:18:38;0;6044;-1
662;16/10/2025;10:18:48;0;6044;-1
663;16/10/2025;10:18:58;0;6044;-1
664;16/10/2025;10:19:08;0;6044;-1
665;16/10/2025;10:19:18;0;6044;-1
666;16/10/2025;10:19:28;0;6044;-1
667;16/10/2025;10:19:38;0;6044;-1
668;16/10/2025;10:19:48;0;6044;-1
669;16/10/2025;10:19:58;0;6044;-1
670;16/10/2025;10:20:08;0;6044;-1
671;16/10/2025;10:20:18;0;6044;-1
672;16/10/2025;10:20:28;0;6044;-1
673;16/10/2025;10:20:38;0;6044;-1
674;16/10/2025;10:20:48;0;6044;-1
675;16/10/2025;10:20:58;0;6044;-1
676;16/10/2025;10:21:08;0;6044;-1
677;16/10/2025;10:21:18;0;6044;-1
678;16/10/2025;10:21:28;0;6044;-1
679;16/10/2025;10:21:38;0;6044;-1
680;16/10/2025;10:21:48;0;6044;-1
681;16/10/2025;10:21:58;0;6044;-1
682;16/10/2025;10:22:08;0;6044;-1
683;16/10/2025;10:22:18;0;6044;-1
684;16/10/2025;10:22:28;0;6044;-1
685;16/10/2025;10:22:38;0;6044;-1
686;16/10/2025;10:22:48;0;6044;-1
687;16/10/2025;10:22:58;0;6044;-1
688;16/10/2025;10:23:08;0;6044;-1
689;16/10/2025;10:23:18;0;6044;-1
690;16/10/2025;10:23:28;0;6044;-1
691;16/10/2025;10:23:38;0;6044;-1
692;16/10/2025;10:23:48;0;6044;-1
693;16/10/2025;10:23:58;0;6044;-1
694;16/10/2025;10:24:08;0;6044;-1
695;16/10/2025;10:24:18;0;6044;-1
696;16/10/2025;10:24:28;0;6044;-1
697;16/10/2025;10:24:38;0;6044;-1
698;16/10/2025;10:24:48;0;6044;-1
699;16/10/2025;10:24:58;0;6044;-1
700;16/10/2025;10:25:08;0;6044;-1
701;16/10/2025;10:25:18;0;6044;-1
702;16/10/2025;10:25:28;0;6044;-1
703;16/10/2025;10:25:38;0;6044;-1
704;16/10/2025;10:25:48;0;6044;-1
705;16/10/2025;10:25:58;0;6044;-1
706;16/10/2025;10:26:08;0;6044;-1
707;16/10/2025;10:26:18;0;6044;-1
708;16/10/2025;10:26:28;0;6044;-1
709;16/10/2025;10:26:38;0;6044;-1
710;16/10/2025;10:26:48;0;6044;-1
711;16/10/2025;10:26:58;0;6044;-1
712;16/10/2025;10:27:08;0;6044;-1
713;16/10/2025;10:27:18;0;6044;-1
714;16/10/2025;10:27:28;0;6044;-1
715;16/10/2025;10:27:38;0;6044;-1
716;16/10/2025;10:27:48;0;6044;-1
717;16/10/2025;10:27:58;0;6044;-1
718;16/10/2025;10:28:08;0;6044;-1
719;16/10/2025;10:28:18;0;6044;-1
720;16/10/2025;10:28:28;0;6044;-1
721;16/10/2025;10:28:38;0;6044;-1
722;16/10/2025;10:28:48;0;6044;-1
723;16/10/2025;10:28:58;0;6044;-1
724;16/10/2025;10:29:08;0;6044;-1
725;16/10/2025;10:29:18;0;6044;-2
726;16/10/2025;10:29:28;0;6044;-2
727;16/10/2025;10:29:38;0;6044;-2
728;16/10/2025;10:29:48;0;6044;-2
729;16/10/2025;10:29:58;0;6044;-1
730;16/10/2025;10:30:08;0;6044;-1
731;16/10/2025;10:30:18;0;6044;-1
732;16/10/2025;10:30:28;0;6044;-1
733;16/10/2025;10:30:38;0;6044;-1
734;16/10/2025;10:30:48;0;6044;-1
735;16/10/2025;10:30:58;0;6044;-1
736;16/10/2025;10:31:08;0;6044;-1
737;16/10/2025;10:31:18;0;6044;-1
738;16/10/2025;10:31:28;0;6044;-1
739;16/10/2025;10:31:38;0;6044;-1
740;16/10/2025;10:31:48;0;6044;-1
741;16/10/2025;10:31:58;0;6044;-2
742;16/10/2025;10:32:08;0;6044;-2
743;16/10/2025;10:32:18;0;6044;-1
744;16/10/2025;10:32:28;0;6044;-1
745;16/10/2025;10:32:38;0;6044;-2
746;16/10/2025;10:32:48;0;6044;-2
747;16/10/2025;10:32:58;0;6044;-2
748;16/10/2025;10:33:08;0;6044;-1
749;16/10/2025;10:33:18;0;6044;-1
750;16/10/2025;10:33:28;0;6044;-1
751;16/10/2025;10:33:38;0;6044;-1
752;16/10/2025;10:33:48;0;6044;-1
753;16/10/2025;10:33:58;0;6044;-1
754;16/10/2025;10:34:08;0;6044;-1
755;16/10/2025;10:34:18;0;6044;-1
756;16/10/2025;10:34:28;0;6044;-1
757;16/10/2025;10:34:38;0;6044;-1
758;16/10/2025;10:34:48;0;6044;-1
759;16/10/2025;10:34:58;0;6044;-1
760;16/10/2025;10:35:08;0;6044;-1
761;16/10/2025;10:35:18;0;6044;-1
762;16/10/2025;10:35:28;0;6044;-1
763;16/10/2025;10:35:38;0;6044;-2
764;16/10/2025;10:35:48;0;6044;-2
765;16/10/2025;10:35:58;0;6044;-2
766;16/10/2025;10:36:08;0;6044;-2
767;16/10/2025;10:36:18;0;6044;-2
768;16/10/2025;10:36:28;0;6044;-2
769;16/10/2025;10:36:38;0;6044;-2
770;16/10/2025;10:36:48;0;6044;-2
771;16/10/2025;10:36:58;0;6044;-2
772;16/10/2025;10:37:08;0;6044;-2
773;16/10/2025;10:37:18;0;6044;-2
774;16/10/2025;10:37:28;0;6044;-2
775;16/10/2025;10:37:38;0;6044;-2
776;16/10/2025;10:37:48;0;6044;-2
777;16/10/2025;10:37:58;0;6044;-2
778;16/10/2025;10:38:08;0;6044;-2
779;16/10/2025;10:38:18;0;6044;-2
780;16/10/2025;10:38:28;0;6044;-2
781;16/10/2025;10:38:38;0;6044;-2
782;16/10/2025;10:38:48;0;6044;-2
783;16/10/2025;10:38:58;0;6044;-2
784;16/10/2025;10:39:08;0;6044;-2
785;16/10/2025;10:39:18;0;6044;-2
786;16/10/2025;10:39:28;0;6044;-2
787;16/10/2025;10:39:38;0;6044;-2
788;16/10/2025;10:39:48;0;6044;-2
789;16/10/2025;10:39:58;0;6044;-2
790;16/10/2025;10:40:08;0;6044;-2
791;16/10/2025;10:40:18;0;6044;-2
792;16/10/2025;10:40:28;0;6044;-2
793;16/10/2025;10:40:38;0;6044;-2
794;16/10/2025;10:40:48;0;6044;-2
795;16/10/2025;10:40:58;0;6044;-2
796;16/10/2025;10:41:08;0;6044;-2
797;16/10/2025;10:41:18;0;6044;-2
798;16/10/2025;10:41:28;0;6044;-2
799;16/10/2025;10:41:38;0;6044;-2
800;16/10/2025;10:41:48;0;6044;-2
801;16/10/2025;10:41:58;0;6044;-2
802;16/10/2025;10:42:08;0;6044;-2
803;16/10/2025;10:42:18;0;6044;-2
804;16/10/2025;10:42:28;0;6044;-2
805;16/10/2025;10:42:38;0;6044;-2
806;16/10/2025;10:42:48;0;6044;-2
807;16/10/2025;10:42:58;0;6044;-2
808;16/10/2025;10:43:08;0;6044;-2
809;16/10/2025;10:43:18;0;6044;-2
810;16/10/2025;10:43:28;0;6044;-2
811;16/10/2025;10:43:38;0;6044;-2
812;16/10/2025;10:43:48;0;6044;-2
813;16/10/2025;10:43:58;0;6044;-2
814;16/10/2025;10:44:08;0;6044;-2
815;16/10/2025;10:44:18;0;6044;-2
816;16/10/2025;10:44:28;0;6044;-2
817;16/10/2025;10:44:38;0;6044;-2
818;16/10/2025;10:44:48;0;6044;-2
819;16/10/2025;10:44:58;0;6044;-2
820;16/10/2025;10:45:08;0;6044;-2
821;16/10/2025;10:45:18;0;6044;-2
822;16/10/2025;10:45:28;0;6044;-2
823;16/10/2025;10:45:38;0;6044;-2
824;16/10/2025;10:45:48;0;6044;-2
825;16/10/2025;10:45:58;0;6044;-2
826;16/10/2025;10:46:08;0;6044;-2
827;16/10/2025;10:46:18;0;6044;-2
828;16/10/2025;10:46:28;0;6044;-2
829;16/10/2025;10:46:38;0;6044;-2
830;16/10/2025;10:46:48;0;6044;-2
831;16/10/2025;10:46:58;0;6044;-2
832;16/10/2025;10:47:08;0;6044;-2
833;16/10/2025;10:47:18;0;6044;-2
834;16/10/2025;10:47:28;0;6044;-2
835;16/10/2025;10:47:38;0;6044;-2
836;16/10/2025;10:47:48;0;6044;-2
837;16/10/2025;10:47:58;0;6044;-2
838;16/10/2025;10:48:08;0;6044;-2
839;16/10/2025;10:48:18;0;6044;-2
840;16/10/2025;10:48:28;0;6044;-2
841;16/10/2025;10:48:38;0;6044;-2
842;16/10/2025;10:48:48;0;6044;-2
843;16/10/2025;10:48:58;0;6044;-2
844;16/10/2025;10:49:08;0;6044;-2
845;16/10/2025;10:49:18;0;6044;-2
846;16/10/2025;10:49:28;0;6044;-2
847;16/10/2025;10:49:38;0;6044;-2
848;16/10/2025;10:49:48;0;6044;-2
849;16/10/2025;10:49:58;0;6044;-2
850;16/10/2025;10:50:08;0;6044;-2
851;16/10/2025;10:50:18;0;6044;-2
852;16/10/2025;10:50:28;0;6044;-2
853;16/10/2025;10:50:38;0;6044;-2
854;16/10/2025;10:50:48;0;6044;-2
855;16/10/2025;10:50:58;0;6044;-2
856;16/10/2025;10:51:08;0;6044;-2
857;16/10/2025;10:51:18;0;6044;-2
858;16/10/2025;10:51:28;0;6044;-2
859;16/10/2025;10:51:38;0;6044;-2
860;16/10/2025;10:51:48;0;6044;-2
861;16/10/2025;10:51:58;0;6044;-2
862;16/10/2025;10:52:08;0;6044;-2
863;16/10/2025;10:52:18;0;6044;-2
864;16/10/2025;10:52:28;0;6044;-2
865;16/10/2025;10:52:38;0;6044;-2
866;16/10/2025;10:52:48;0;6044;-2
867;16/10/2025;10:52:58;0;6044;-2
868;16/10/2025;10:53:08;0;6044;-2
869;16/10/2025;10:53:18;0;6044;-2
870;16/10/2025;10:53:28;0;6044;-2
871;16/10/2025;10:53:38;0;6044;-2
872;16/10/2025;10:53:48;0;6044;-2
873;16/10/2025;10:53:58;0;6044;-2
874;16/10/2025;10:54:08;0;6044;-2
875;16/10/2025;10:54:18;0;6044;-2
876;16/10/2025;10:54:28;0;6044;-2
877;16/10/2025;10:54:38;0;6044;-2
878;16/10/2025;10:54:48;0;6044;-2
879;16/10/2025;10:54:58;0;6044;-2
880;16/10/2025;10:55:08;0;6044;-2
881;16/10/2025;10:55:18;0;6044;-2
882;16/10/2025;10:55:28;0;6044;-2
883;16/10/2025;10:55:38;0;6044;-2
884;16/10/2025;10:55:48;0;6044;-2
885;16/10/2025;10:55:58;0;6044;-2
886;16/10/2025;10:56:08;0;6044;-2
887;16/10/2025;10:56:18;0;6044;-2
888;16/10/2025;10:56:28;0;6044;-2
889;16/10/2025;10:56:38;0;6044;-2
890;16/10/2025;10:56:48;0;6044;-2
891;16/10/2025;10:56:58;0;6044;-2
892;16/10/2025;10:57:08;0;6044;-2
893;16/10/2025;10:57:18;0;6044;-2
894;16/10/2025;10:57:28;0;6044;-2
895;16/10/2025;10:57:38;0;6044;-2
896;16/10/2025;10:57:48;0;6044;-2
897;16/10/2025;10:57:58;0;6044;-2
898;16/10/2025;10:58:08;0;6044;-2
899;16/10/2025;10:58:18;0;6044;-2
900;16/10/2025;10:58:28;0;6044;-2
901;16/10/2025;10:58:38;0;6044;-2
902;16/10/2025;10:58:48;0;6044;-2
903;16/10/2025;10:58:58;0;6044;-2
904;16/10/2025;10:59:08;0;6044;-2
905;16/10/2025;10:59:18;0;6044;-2
906;16/10/2025;10:59:28;0;6044;-2
907;16/10/2025;10:59:38;0;6044;-2
908;16/10/2025;10:59:48;0;6044;-2
909;16/10/2025;10:59:58;0;6044;-2
910;16/10/2025;11:00:08;0;6044;-2
911;16/10/2025;11:00:18;0;6044;-2
912;16/10/2025;11:00:28;0;6044;-2
913;16/10/2025;11:00:38;0;6044;-2
914;16/10/2025;11:00:48;0;6044;-2
915;16/10/2025;11:00:58;0;6044;-2
916;16/10/2025;11:01:08;0;6044;-2
917;16/10/2025;11:01:18;0;6044;-2
918;16/10/2025;11:01:28;0;6044;-2
919;16/10/2025;11:01:38;0;6044;-2
920;16/10/2025;11:01:48;0;6044;-2
921;16/10/2025;11:01:58;0;6044;-2
922;16/10/2025;11:02:08;0;6044;-2
923;16/10/2025;11:02:18;0;6044;-2
924;16/10/2025;11:02:28;0;6044;-2
925;16/10/2025;11:02:38;0;6044;-2
926;16/10/2025;11:02:48;0;6044;-2
927;16/10/2025;11:02:58;0;6044;-2
928;16/10/2025;11:03:08;0;6044;-2
929;16/10/2025;11:03:18;0;6044;-2
930;16/10/2025;11:03:28;0;6044;-2
931;16/10/2025;11:03:38;0;6044;-2
932;16/10/2025;11:03:48;0;6044;-2
933;16/10/2025;11:03:58;0;6044;-2
934;16/10/2025;11:04:08;0;6044;-2
935;16/10/2025;11:04:18;0;6044;-2
936;16/10/2025;11:04:28;0;6044;-2
937;16/10/2025;11:04:38;0;6044;-2
938;16/10/2025;11:04:48;0;6044;-2
939;16/10/2025;11:04:58;0;6044;-2
940;16/10/2025;11:05:08;0;6044;-2
941;16/10/2025;11:05:18;0;6044;-2
942;16/10/2025;11:05:28;0;6044;-2
943;16/10/2025;11:05:38;0;6044;-2
944;16/10/2025;11:05:48;0;6044;-2
945;16/10/2025;11:05:58;0;6044;-2
946;16/10/2025;11:06:08;0;6044;-2
947;16/10/2025;11:06:18;0;6044;-2
948;16/10/2025;11:06:28;0;6044;-2
949;16/10/2025;11:06:38;0;6044;-2
950;16/10/2025;11:06:48;0;6044;-2
951;16/10/2025;11:06:58;0;6044;-2
952;16/10/2025;11:07:08;0;6044;-2
953;16/10/2025;11:07:18;0;6044;-2
954;16/10/2025;11:07:28;0;6044;-2
955;16/10/2025;11:07:38;0;6044;-2
956;16/10/2025;11:07:48;0;6044;-2
957;16/10/2025;11:07:58;0;6044;-2
958;16/10/2025;11:08:08;0;6044;-2
959;16/10/2025;11:08:18;0;6044;-2
960;16/10/2025;11:08:28;0;6044;-2
961;16/10/2025;11:08:38;0;6044;-2
962;16/10/2025;11:08:48;0;6044;-2
963;16/10/2025;11:08:58;0;6044;-2
964;16/10/2025;11:09:08;0;6044;-2
965;16/10/2025;11:09:18;0;6044;-2
966;16/10/2025;11:09:28;0;6044;-1
967;16/10/2025;11:09:38;0;6044;-2
968;16/10/2025;11:09:48;0;6044;-1
969;16/10/2025;11:09:58;0;6044;-1
970;16/10/2025;11:10:08;0;6044;-2
971;16/10/2025;11:10:18;0;6044;-2
972;16/10/2025;11:10:28;0;6044;-2
973;16/10/2025;11:10:38;0;6044;-2
974;16/10/2025;11:10:48;0;6044;-2
975;16/10/2025;11:10:58;0;6044;-2
976;16/10/2025;11:11:08;0;6044;-2
977;16/10/2025;11:11:18;0;6044;-2
978;16/10/2025;11:11:28;0;6044;-2
979;16/10/2025;11:11:38;0;6044;-2
980;16/10/2025;11:11:48;0;6044;-2
981;16/10/2025;11:11:58;0;6044;-2
982;16/10/2025;11:12:08;0;6044;-2
983;16/10/2025;11:12:18;0;6044;-2
984;16/10/2025;11:12:28;0;6044;-2
985;16/10/2025;11:12:38;0;6044;-2
986;16/10/2025;11:12:48;0;6044;-2
987;16/10/2025;11:12:58;0;6044;-1
988;16/10/2025;11:13:08;0;6044;-1
989;16/10/2025;11:13:18;0;6044;-1
990;16/10/2025;11:13:28;0;6044;-2
991;16/10/2025;11:13:38;0;6044;-2
992;16/10/2025;11:13:48;0;6044;-2
993;16/10/2025;11:13:58;0;6044;-2
994;16/10/2025;11:14:08;0;6044;-2
995;16/10/2025;11:14:18;0;6044;-2
996;16/10/2025;11:14:28;0;6044;-2
997;16/10/2025;11:14:38;0;6044;-2
998;16/10/2025;11:14:48;0;6044;-2
999;16/10/2025;11:14:58;0;6044;-2
1000;16/10/2025;11:15:08;0;6044;-1
1001;16/10/2025;11:15:18;0;6044;-2
1002;16/10/2025;11:15:28;0;6044;-2
1003;16/10/2025;11:15:38;0;6044;-2
1004;16/10/2025;11:15:48;0;6044;-2
1005;16/10/2025;11:15:58;0;6044;-2
1006;16/10/2025;11:16:08;0;6044;-2
1007;16/10/2025;11:16:18;0;6044;-2
1008;16/10/2025;11:16:28;0;6044;-2
1009;16/10/2025;11:16:38;0;6044;-2
1010;16/10/2025;11:16:48;0;6044;-2
1011;16/10/2025;11:16:58;0;6044;-2
1012;16/10/2025;11:17:08;0;6044;-2
1013;16/10/2025;11:17:18;0;6044;-1
1014;16/10/2025;11:17:28;0;6044;-1
1015;16/10/2025;11:17:38;0;6044;-1
1016;16/10/2025;11:17:48;0;6044;0
1017;16/10/2025;11:17:58;0;6044;0
1018;16/10/2025;11:18:08;0;6044;0
1019;16/10/2025;11:18:18;0;6044;0
1020;16/10/2025;11:18:28;0;6044;0
1021;16/10/2025;11:18:38;0;6044;0
1022;16/10/2025;11:18:48;0;6044;0
1023;16/10/2025;11:18:58;0;6044;0
1024;16/10/2025;11:19:08;0;6044;0
1025;16/10/2025;11:19:18;0;6044;0
1026;16/10/2025;11:19:28;0;6044;0
1027;16/10/2025;11:19:38;0;6044;0
1028;16/10/2025;11:19:48;0;6044;0
1029;16/10/2025;11:19:58;0;6044;0
1030;16/10/2025;11:20:08;0;6044;0
1031;16/10/2025;11:20:18;0;6044;0
1032;16/10/2025;11:20:28;0;6044;0
1033;16/10/2025;11:20:38;0;6044;0
1034;16/10/2025;11:20:48;0;6044;0
1035;16/10/2025;11:20:58;0;6044;0
1036;16/10/2025;11:21:08;0;6044;-1
1037;16/10/2025;11:21:18;0;6044;-1
1038;16/10/2025;11:21:28;0;6044;-1
1039;16/10/2025;11:21:38;0;6044;-1
1040;16/10/2025;11:21:48;0;6044;-1
1041;16/10/2025;11:21:58;0;6044;-1
1042;16/10/2025;11:22:08;0;6044;-1
1043;16/10/2025;11:22:18;0;6044;-1
1044;16/10/2025;11:22:28;0;6044;-1
1045;16/10/2025;11:22:38;0;6044;-1
1046;16/10/2025;11:22:48;0;6044;-1
1047;16/10/2025;11:22:58;0;6044;-1
1048;16/10/2025;11:23:08;0;6044;-1
1049;16/10/2025;11:23:18;0;6044;-1
1050;16/10/2025;11:23:28;0;6044;-1
1051;16/10/2025;11:23:38;0;6044;-1
1052;16/10/2025;11:23:48;0;6044;-1
1053;16/10/2025;11:23:58;0;6044;-1
1054;16/10/2025;11:24:08;0;6044;-1
1055;16/10/2025;11:24:18;0;6044;-1
1056;16/10/2025;11:24:28;0;6044;-1
1057;16/10/2025;11:24:38;0;6044;-1
1058;16/10/2025;11:24:48;0;6044;-1
1059;16/10/2025;11:24:58;0;6044;-1
1060;16/10/2025;11:25:08;0;6044;-1
1061;16/10/2025;11:25:18;0;6044;-1
1062;16/10/2025;11:25:28;0;6044;-1
1063;16/10/2025;11:25:38;0;6044;-1
1064;16/10/2025;11:25:48;0;6044;-1
1065;16/10/2025;11:25:58;0;6044;-1
1066;16/10/2025;11:26:08;0;6044;-1
1067;16/10/2025;11:26:18;0;6044;-1
1068;16/10/2025;11:26:28;0;6044;-1
1069;16/10/2025;11:26:38;0;6044;-1
1070;16/10/2025;11:26:48;0;6044;-1
1071;16/10/2025;11:26:58;0;6044;-1
1072;16/10/2025;11:27:08;0;6044;-1
1073;16/10/2025;11:27:18;0;6044;-1
1074;16/10/2025;11:27:28;0;6044;-1
1075;16/10/2025;11:27:38;0;6044;-1
1076;16/10/2025;11:27:48;0;6044;-1
1077;16/10/2025;11:27:58;0;6044;-1
1078;16/10/2025;11:28:08;0;6044;-1
1079;16/10/2025;11:28:18;0;6044;-1
1080;16/10/2025;11:28:28;0;6044;-1
1081;16/10/2025;11:28:38;0;6044;-1
1082;16/10/2025;11:28:48;0;6044;-1
1083;16/10/2025;11:28:58;0;6044;-1
1084;16/10/2025;11:29:08;0;6044;-1
1085;16/10/2025;11:29:18;0;6044;-1
1086;16/10/2025;11:29:28;0;6044;-1
1087;16/10/2025;11:29:38;0;6044;-1
1088;16/10/2025;11:29:48;0;6044;-1
1089;16/10/2025;11:29:58;0;6044;-1
1090;16/10/2025;11:30:08;0;6044;-1
1091;16/10/2025;11:30:18;0;6044;-1
1092;16/10/2025;11:30:28;0;6044;-1
1093;16/10/2025;11:30:38;0;6044;-1
1094;16/10/2025;11:30:48;0;6044;-1
1095;16/10/2025;11:30:58;0;6044;-1
1096;16/10/2025;11:31:08;0;6044;-1
1097;16/10/2025;11:31:18;0;6044;-1
1098;16/10/2025;11:31:28;0;6044;-1
1099;16/10/2025;11:31:38;0;6044;-1
1100;16/10/2025;11:31:48;0;6044;-1
1101;16/10/2025;11:31:58;0;6044;-1
1102;16/10/2025;11:32:08;0;6044;-1
1103;16/10/2025;11:32:18;0;6044;-1
1104;16/10/2025;11:32:28;0;6044;-1
1105;16/10/2025;11:32:38;0;6044;-1
1106;16/10/2025;11:32:48;0;6044;-1
1107;16/10/2025;11:32:58;0;6044;-1
1108;16/10/2025;11:33:08;0;6044;-1
1109;16/10/2025;11:33:18;0;6044;-1
1110;16/10/2025;11:33:28;0;6044;-1
1111;16/10/2025;11:33:38;0;6044;-1
1112;16/10/2025;11:33:48;0;6044;-1
1113;16/10/2025;11:33:58;0;6044;-1
1114;16/10/2025;11:34:08;0;6044;-1
1115;16/10/2025;11:34:18;0;6044;-1
1116;16/10/2025;11:34:28;0;6044;-1
1117;16/10/2025;11:34:38;0;6044;-1
1118;16/10/2025;11:34:48;0;6044;-1
1119;16/10/2025;11:34:58;0;6044;-1
1120;16/10/2025;11:35:08;0;6044;-1
1121;16/10/2025;11:35:18;0;6044;-1
1122;16/10/2025;11:35:28;0;6044;-1
1123;16/10/2025;11:35:38;0;6044;-1
1124;16/10/2025;11:35:48;0;6044;-1
1125;16/10/2025;11:35:58;0;6044;-1
1126;16/10/2025;11:36:08;0;6044;-1
1127;16/10/2025;11:36:18;0;6044;-1
1128;16/10/2025;11:36:28;0;6044;-1
1129;16/10/2025;11:36:38;0;6044;-1
1130;16/10/2025;11:36:48;0;6044;-1
1131;16/10/2025;11:36:58;0;6044;-1
1132;16/10/2025;11:37:08;0;6044;-1
1133;16/10/2025;11:37:18;0;6044;-1
1134;16/10/2025;11:37:28;0;6044;-1
1135;16/10/2025;11:37:38;0;6044;-1
1136;16/10/2025;11:37:48;0;6044;-1
1137;16/10/2025;11:37:58;0;6044;-1
1138;16/10/2025;11:38:08;0;6044;-1
1139;16/10/2025;11:38:18;0;6044;-1
1140;16/10/2025;11:38:28;0;6044;-1
1141;16/10/2025;11:38:38;0;6044;-1
1142;16/10/2025;11:38:48;0;6044;-1
1143;16/10/2025;11:38:58;0;6044;-1
1144;16/10/2025;11:39:08;0;6044;-1
1145;16/10/2025;11:39:18;0;6044;-1
1146;16/10/2025;11:39:28;0;6044;-1
1147;16/10/2025;11:39:38;0;6044;-1
1148;16/10/2025;11:39:48;0;6044;-1
1149;16/10/2025;11:39:58;0;6044;-1
1150;16/10/2025;11:40:08;0;6044;-1
1151;16/10/2025;11:40:18;0;6044;-1
1152;16/10/2025;11:40:28;0;6044;-1
1153;16/10/2025;11:40:38;0;6044;-1
1154;16/10/2025;11:40:48;0;6044;-1
1155;16/10/2025;11:40:58;0;6044;-1
1156;16/10/2025;11:41:08;0;6044;-1
1157;16/10/2025;11:41:18;0;6044;-1
1158;16/10/2025;11:41:28;0;6044;-1
1159;16/10/2025;11:41:38;0;6044;-1
1160;16/10/2025;11:41:48;0;6044;-1
1161;16/10/2025;11:41:58;0;6044;-1
1162;16/10/2025;11:42:08;0;6044;-1
1163;16/10/2025;11:42:18;0;6044;-1
1164;16/10/2025;11:42:28;0;6044;-1
1165;16/10/2025;11:42:38;0;6044;-1
1166;16/10/2025;11:42:48;0;6044;-1
1167;16/10/2025;11:42:58;0;6044;-1
1168;16/10/2025;11:43:08;0;6044;-1
1169;16/10/2025;11:43:18;0;6044;-1
1170;16/10/2025;11:43:28;0;6044;-1
1171;16/10/2025;11:43:38;0;6044;-1
1172;16/10/2025;11:43:48;0;6044;-1
1173;16/10/2025;11:43:58;0;6044;-1
1174;16/10/2025;11:44:08;0;6044;-1
1175;16/10/2025;11:44:18;0;6044;-1
1176;16/10/2025;11:44:28;0;6044;-1
1177;16/10/2025;11:44:38;0;6044;-1
1178;16/10/2025;11:44:48;0;6044;-1
1179;16/10/2025;11:44:58;0;6044;-1
1180;16/10/2025;11:45:08;0;6044;-1
1181;16/10/2025;11:45:18;0;6044;-1
1182;16/10/2025;11:45:28;0;6044;-1
1183;16/10/2025;11:45:38;0;6044;-1
1184;16/10/2025;11:45:48;0;6044;-1
1185;16/10/2025;11:45:58;0;6044;-1
1186;16/10/2025;11:46:08;0;6044;-1
1187;16/10/2025;11:46:18;0;6044;-1
1188;16/10/2025;11:46:28;0;6044;-1
1189;16/10/2025;11:46:38;0;6044;-1
1190;16/10/2025;11:46:48;0;6044;-1
1191;16/10/2025;11:46:58;0;6044;-1
1192;16/10/2025;11:47:08;0;6044;-1
1193;16/10/2025;11:47:18;0;6044;-1
1194;16/10/2025;11:47:28;0;6044;-1
1195;16/10/2025;11:47:38;0;6044;-1
1196;16/10/2025;11:47:48;0;6044;-1
1197;16/10/2025;11:47:58;0;6044;-1
1198;16/10/2025;11:48:08;0;6044;-1
1199;16/10/2025;11:48:18;0;6044;-1
1200;16/10/2025;11:48:28;0;6044;-1
1201;16/10/2025;11:48:38;0;6044;-1
1202;16/10/2025;11:48:48;0;6044;-1
1203;16/10/2025;11:48:58;0;6044;-1
1204;16/10/2025;11:49:08;0;6044;-1
1205;16/10/2025;11:49:18;0;6044;-1
1206;16/10/2025;11:49:28;0;6044;-1
1207;16/10/2025;11:49:38;0;6044;-1
1208;16/10/2025;11:49:48;0;6044;-1
1209;16/10/2025;11:49:58;0;6044;-1
1210;16/10/2025;11:50:08;0;6044;-1
1211;16/10/2025;11:50:18;0;6044;-1
1212;16/10/2025;11:50:28;0;6044;-1
1213;16/10/2025;11:50:38;0;6044;-1
1214;16/10/2025;11:50:48;0;6044;-1
1215;16/10/2025;11:50:58;0;6044;-1
1216;16/10/2025;11:51:08;0;6044;-1
1217;16/10/2025;11:51:18;0;6044;-1
1218;16/10/2025;11:51:28;0;6044;-1
1219;16/10/2025;11:51:38;0;6044;-1
1220;16/10/2025;11:51:48;0;6044;-1
1221;16/10/2025;11:51:58;0;6044;-1
1222;16/10/2025;11:52:08;0;6044;-1
1223;16/10/2025;11:52:18;0;6044;-1
1224;16/10/2025;11:52:28;0;6044;-1
1225;16/10/2025;11:52:38;0;6044;-2
1226;16/10/2025;11:52:48;0;6044;-2
1227;16/10/2025;11:52:58;0;6044;-2
1228;16/10/2025;11:53:08;0;0;-2
1229;16/10/2025;11:53:18;0;0;-2
1230;16/10/2025;11:53:28;0;0;-2
1231;16/10/2025;11:53:38;0;0;-2
1232;16/10/2025;11:53:48;0;0;-2
1233;16/10/2025;11:53:58;0;0;-2
1234;16/10/2025;11:54:08;0;0;-2
1235;16/10/2025;11:54:18;0;0;-2
1236;16/10/2025;11:54:28;0;0;-2
1237;16/10/2025;11:54:38;0;0;-2
1238;16/10/2025;11:54:48;0;0;-2
1239;16/10/2025;11:54:58;0;0;-2
1240;16/10/2025;11:55:08;0;0;-2
1241;16/10/2025;11:55:18;0;0;-2
1242;16/10/2025;11:55:28;0;0;-2
1243;16/10/2025;11:55:38;0;0;-2
1244;16/10/2025;11:55:48;0;0;-2
1245;16/10/2025;11:55:58;0;0;-2
1246;16/10/2025;11:56:08;0;0;-2
1247;16/10/2025;11:56:18;0;0;-2
1248;16/10/2025;11:56:28;0;0;-2
1249;16/10/2025;11:56:38;0;0;-2
1250;16/10/2025;11:56:48;0;0;-2
1251;16/10/2025;11:56:58;0;0;-2
1252;16/10/2025;11:57:08;0;0;-2
1253;16/10/2025;11:57:18;0;0;-2
1254;16/10/2025;11:57:28;0;0;-2
1255;16/10/2025;11:57:38;0;0;-2
1256;16/10/2025;11:57:48;0;0;-2
1257;16/10/2025;11:57:58;0;0;-2
1258;16/10/2025;11:58:08;0;0;-2
1259;16/10/2025;11:58:18;0;0;-2
1260;16/10/2025;11:58:28;0;0;-2
1261;16/10/2025;11:58:38;0;0;-2
1262;16/10/2025;11:58:48;0;0;-2
1263;16/10/2025;11:58:58;0;0;-2
1264;16/10/2025;11:59:08;0;0;-2
1265;16/10/2025;11:59:18;0;0;-2
1266;16/10/2025;11:59:28;0;0;-2
1267;16/10/2025;11:59:38;0;0;-2
1268;16/10/2025;11:59:48;0;0;-2
1269;16/10/2025;11:59:58;0;0;-2
1270;16/10/2025;12:00:08;0;0;-2
1271;16/10/2025;12:00:18;0;0;-2
1272;16/10/2025;12:00:28;0;0;-2
1273;16/10/2025;12:00:38;0;0;-2
1274;16/10/2025;12:00:48;0;0;-2
1275;16/10/2025;12:00:58;0;0;-2
1276;16/10/2025;12:01:08;0;0;-2
1277;16/10/2025;12:01:18;9;0;-1
1278;16/10/2025;12:01:28;12;0;-1
1279;16/10/2025;12:01:38;22;0;4
1280;16/10/2025;12:01:48;41;0;13
1281;16/10/2025;12:01:58;60;0;21
1282;16/10/2025;12:02:08;80;0;31
1283;16/10/2025;12:02:18;98;8;38
1284;16/10/2025;12:02:28;109;15;46
1285;16/10/2025;12:02:38;127;24;55
1286;16/10/2025;12:02:48;137;46;59
1287;16/10/2025;12:02:58;137;68;58
1288;16/10/2025;12:03:08;141;90;63
1289;16/10/2025;12:03:18;145;112;65
1290;16/10/2025;12:03:28;151;134;71
1291;16/10/2025;12:03:38;156;158;77
1292;16/10/2025;12:03:48;160;181;82
1293;16/10/2025;12:03:58;166;205;92
1294;16/10/2025;12:04:08;174;228;102
1295;16/10/2025;12:04:18;179;254;107
1296;16/10/2025;12:04:28;184;281;115
1297;16/10/2025;12:04:38;188;309;120
1298;16/10/2025;12:04:48;191;338;125
1299;16/10/2025;12:04:58;194;368;131
1300;16/10/2025;12:05:08;195;400;133
1301;16/10/2025;12:05:18;195;433;135
1302;16/10/2025;12:05:28;194;466;138
1303;16/10/2025;12:05:38;194;498;138
1304;16/10/2025;12:05:48;193;529;140
1305;16/10/2025;12:05:58;194;561;140
1306;16/10/2025;12:06:08;193;593;140
1307;16/10/2025;12:06:18;193;626;140
1308;16/10/2025;12:06:28;193;658;139
1309;16/10/2025;12:06:38;194;690;138
1310;16/10/2025;12:06:48;195;722;139
1311;16/10/2025;12:06:58;195;755;138
1312;16/10/2025;12:07:08;195;787;140
1313;16/10/2025;12:07:18;195;819;138
1314;16/10/2025;12:07:28;194;850;141
1315;16/10/2025;12:07:38;194;882;141
1316;16/10/2025;12:07:48;193;915;143
1317;16/10/2025;12:07:58;193;947;141
1318;16/10/2025;12:08:08;192;979;142
1319;16/10/2025;12:08:18;192;1011;140
1320;16/10/2025;12:08:28;192;1043;140
1321;16/10/2025;12:08:38;193;1076;138
1322;16/10/2025;12:08:48;192;1108;139
1323;16/10/2025;12:08:58;193;1141;136
1324;16/10/2025;12:09:08;193;1172;136
1325;16/10/2025;12:09:18;193;1203;138
1326;16/10/2025;12:09:28;193;1236;138
1327;16/10/2025;12:09:38;193;1268;141
1328;16/10/2025;12:09:48;193;1301;140
1329;16/10/2025;12:09:58;193;1333;139
1330;16/10/2025;12:10:08;192;1366;140
1331;16/10/2025;12:10:18;192;1398;139
1332;16/10/2025;12:10:28;193;1431;140
1333;16/10/2025;12:10:38;193;1463;138
1334;16/10/2025;12:10:48;194;1494;135
1335;16/10/2025;12:10:58;194;1527;134
1336;16/10/2025;12:11:08;195;1559;133
1337;16/10/2025;12:11:18;195;1591;132
1338;16/10/2025;12:11:28;195;1624;133
1339;16/10/2025;12:11:38;195;1656;133
1340;16/10/2025;12:11:48;194;1689;133
1341;16/10/2025;12:11:58;194;1721;134
1342;16/10/2025;12:12:08;195;1754;135
1343;16/10/2025;12:12:18;196;1786;134
1344;16/10/2025;12:12:28;198;1818;136
1345;16/10/2025;12:12:38;198;1850;134
1346;16/10/2025;12:12:48;199;1882;132
1347;16/10/2025;12:12:58;199;1916;132
1348;16/10/2025;12:13:08;199;1948;131
1349;16/10/2025;12:13:18;195;1981;121
1350;16/10/2025;12:13:28;189;2014;109
1351;16/10/2025;12:13:38;180;2047;95
1352;16/10/2025;12:13:48;172;2079;81
1353;16/10/2025;12:13:58;163;2112;68
1354;16/10/2025;12:14:08;155;2144;55
1355;16/10/2025;12:14:18;147;2174;42
1356;16/10/2025;12:14:28;143;2202;38
1357;16/10/2025;12:14:38;139;2227;39
1358;16/10/2025;12:14:48;139;2250;36
1359;16/10/2025;12:14:58;139;2274;37
1360;16/10/2025;12:15:08;138;2297;36
1361;16/10/2025;12:15:18;138;2320;36
1362;16/10/2025;12:15:28;138;2344;35
1363;16/10/2025;12:15:38;138;2367;37
1364;16/10/2025;12:15:48;138;2389;36
1365;16/10/2025;12:15:58;137;2412;37
1366;16/10/2025;12:16:08;137;2435;38
1367;16/10/2025;12:16:18;137;2458;38
1368;16/10/2025;12:16:28;137;2481;38
1369;16/10/2025;12:16:38;137;2526;39
1370;16/10/2025;12:16:48;137;2549;39
1371;16/10/2025;12:16:58;139;2571;39
1372;16/10/2025;12:17:08;140;2593;38
1373;16/10/2025;12:17:18;141;2615;38
1374;16/10/2025;12:17:28;142;2637;38
1375;16/10/2025;12:17:38;143;2660;39
1376;16/10/2025;12:17:48;141;2685;40
1377;16/10/2025;12:17:58;141;2708;39
1378;16/10/2025;12:18:08;141;2732;41
1379;16/10/2025;12:18:18;140;2756;41
1380;16/10/2025;12:18:28;139;2780;41
1381;16/10/2025;12:18:38;139;2803;41
1382;16/10/2025;12:18:48;139;2826;41
1383;16/10/2025;12:18:58;139;2849;42
1384;16/10/2025;12:19:08;138;2872;43
1385;16/10/2025;12:19:18;138;2895;42
1386;16/10/2025;12:19:28;138;2918;41
1387;16/10/2025;12:19:38;138;2941;42
1388;16/10/2025;12:19:48;137;2964;41
1389;16/10/2025;12:19:58;137;2987;41
1390;16/10/2025;12:20:08;136;3010;41
1391;16/10/2025;12:20:18;135;3033;40
1392;16/10/2025;12:20:28;134;3056;40
1393;16/10/2025;12:20:38;134;3077;41
1394;16/10/2025;12:20:48;134;3100;41
1395;16/10/2025;12:20:58;134;3122;42
1396;16/10/2025;12:21:08;134;3145;42
1397;16/10/2025;12:21:18;134;3167;42
1398;16/10/2025;12:21:28;134;3190;42
1399;16/10/2025;12:21:38;133;3212;44
1400;16/10/2025;12:21:48;133;3234;45
1401;16/10/2025;12:21:58;132;3256;44
1402;16/10/2025;12:22:08;133;3278;44
1403;16/10/2025;12:22:18;133;3300;45
1404;16/10/2025;12:22:28;134;3322;47
1405;16/10/2025;12:22:38;135;3343;47
1406;16/10/2025;12:22:48;137;3366;46
1407;16/10/2025;12:22:58;138;3387;46
1408;16/10/2025;12:23:08;138;3410;47
1409;16/10/2025;12:23:18;138;3433;47
1410;16/10/2025;12:23:28;138;3456;47
1411;16/10/2025;12:23:38;137;3479;45
1412;16/10/2025;12:23:48;137;3502;45
1413;16/10/2025;12:23:58;136;3524;45
1414;16/10/2025;12:24:08;136;3547;45
1415;16/10/2025;12:24:18;137;3570;45
1416;16/10/2025;12:24:28;136;3592;45
1417;16/10/2025;12:24:38;135;3615;45
1418;16/10/2025;12:24:48;135;3638;44
1419;16/10/2025;12:24:58;135;3660;44
1420;16/10/2025;12:25:08;134;3683;44
1421;16/10/2025;12:25:18;134;3705;44
1422;16/10/2025;12:25:28;132;3727;46
1423;16/10/2025;12:25:38;131;3748;47
1424;16/10/2025;12:25:48;131;3771;47
1425;16/10/2025;12:25:58;130;3793;47
1426;16/10/2025;12:26:08;130;3815;48
1427;16/10/2025;12:26:18;130;3837;48
1428;16/10/2025;12:26:28;128;3859;47
1429;16/10/2025;12:26:38;129;3881;46
1430;16/10/2025;12:26:48;130;3902;46
1431;16/10/2025;12:26:58;130;3924;45
1432;16/10/2025;12:27:08;130;3946;46
1433;16/10/2025;12:27:18;131;3967;46
1434;16/10/2025;12:27:28;131;3988;46
1435;16/10/2025;12:27:38;133;4010;49
1436;16/10/2025;12:27:48;134;4031;51
1437;16/10/2025;12:27:58;134;4053;50
1438;16/10/2025;12:28:08;135;4075;51
1439;16/10/2025;12:28:18;135;4098;51
1440;16/10/2025;12:28:28;136;4121;51
1441;16/10/2025;12:28:38;137;4143;50
1442;16/10/2025;12:28:48;136;4166;48
1443;16/10/2025;12:28:58;137;4187;47
1444;16/10/2025;12:29:08;137;4209;48
1445;16/10/2025;12:29:18;138;4232;48
1446;16/10/2025;12:29:28;138;4253;48
1447;16/10/2025;12:29:38;140;4276;50
1448;16/10/2025;12:29:48;140;4298;51
1449;16/10/2025;12:29:58;142;4320;52
1450;16/10/2025;12:30:08;142;4344;53
1451;16/10/2025;12:30:18;141;4368;52
1452;16/10/2025;12:30:28;141;4391;53
1453;16/10/2025;12:30:38;141;4414;52
1454;16/10/2025;12:30:48;140;4438;51
1455;16/10/2025;12:30:58;140;4461;52
1456;16/10/2025;12:31:08;138;4485;52
1457;16/10/2025;12:31:18;137;4508;53
1458;16/10/2025;12:31:28;137;4531;53
1459;16/10/2025;12:31:38;136;4554;54
1460;16/10/2025;12:31:48;135;4577;54
1461;16/10/2025;12:31:58;137;4600;56
1462;16/10/2025;12:32:08;136;4623;55
1463;16/10/2025;12:32:18;136;4645;55
1464;16/10/2025;12:32:28;137;4668;55
1465;16/10/2025;12:32:38;137;4690;56
1466;16/10/2025;12:32:48;137;4713;55
1467;16/10/2025;12:32:58;135;4736;56
1468;16/10/2025;12:33:08;134;4759;55
1469;16/10/2025;12:33:18;134;4781;56
1470;16/10/2025;12:33:28;133;4804;55
1471;16/10/2025;12:33:38;133;4826;55
1472;16/10/2025;12:33:48;132;4849;55
1473;16/10/2025;12:33:58;131;4870;55
1474;16/10/2025;12:34:08;132;4892;55
1475;16/10/2025;12:34:18;133;4915;56
1476;16/10/2025;12:34:28;134;4937;55
1477;16/10/2025;12:34:38;135;4959;56
1478;16/10/2025;12:34:48;137;4982;57
1479;16/10/2025;12:34:58;139;5004;57
1480;16/10/2025;12:35:08;142;5026;59
1481;16/10/2025;12:35:18;143;5048;60
1482;16/10/2025;12:35:28;144;5072;62
1483;16/10/2025;12:35:38;144;5095;62
1484;16/10/2025;12:35:48;144;5119;63
1485;16/10/2025;12:35:58;144;5142;63
1486;16/10/2025;12:36:08;143;5166;65
1487;16/10/2025;12:36:18;143;5190;64
1488;16/10/2025;12:36:28;143;5214;63
1489;16/10/2025;12:36:38;143;5238;62
1490;16/10/2025;12:36:48;142;5261;63
1491;16/10/2025;12:36:58;141;5285;63
1492;16/10/2025;12:37:08;140;5308;64
1493;16/10/2025;12:37:18;140;5331;64
1494;16/10/2025;12:37:28;140;5355;63
1495;16/10/2025;12:37:38;138;5378;64
1496;16/10/2025;12:37:48;138;5402;65
1497;16/10/2025;12:37:58;138;5425;65
1498;16/10/2025;12:38:08;138;5448;64
1499;16/10/2025;12:38:18;138;5471;65
1500;16/10/2025;12:38:28;138;5495;65
1501;16/10/2025;12:38:38;138;5518;65
1502;16/10/2025;12:38:48;138;5541;64
1503;16/10/2025;12:38:58;137;5563;63
1504;16/10/2025;12:39:08;137;5586;65
1505;16/10/2025;12:39:18;137;5610;67
1506;16/10/2025;12:39:28;137;5632;64
1507;16/10/2025;12:39:38;138;5656;64
1508;16/10/2025;12:39:48;138;5678;64
1509;16/10/2025;12:39:58;138;5701;66
1510;16/10/2025;12:40:08;138;5724;67
1511;16/10/2025;12:40:18;137;5747;67
1512;16/10/2025;12:40:28;136;5769;67
1513;16/10/2025;12:40:38;135;5791;68
1514;16/10/2025;12:40:48;134;5814;70
1515;16/10/2025;12:40:58;133;5836;71
1516;16/10/2025;12:41:08;133;5859;70
1517;16/10/2025;12:41:18;134;5881;69
1518;16/10/2025;12:41:28;134;5903;68
1519;16/10/2025;12:41:38;134;5926;67
1520;16/10/2025;12:41:48;135;5948;67
1521;16/10/2025;12:41:58;135;5970;67
1522;16/10/2025;12:42:08;135;5992;67
1523;16/10/2025;12:42:18;134;6013;68
1524;16/10/2025;12:42:28;133;6036;69
1525;16/10/2025;12:42:38;133;6058;68
1526;16/10/2025;12:42:48;131;6080;67
1527;16/10/2025;12:42:58;130;6102;68
1528;16/10/2025;12:43:08;130;6124;68
1529;16/10/2025;12:43:18;130;6145;68
1530;16/10/2025;12:43:28;132;6167;68
1531;16/10/2025;12:43:38;134;6189;69
1532;16/10/2025;12:43:48;136;6211;71
1533;16/10/2025;12:43:58;139;6231;74
1534;16/10/2025;12:44:08;142;6253;74
1535;16/10/2025;12:44:18;145;6274;74
1536;16/10/2025;12:44:28;147;6297;74
1537;16/10/2025;12:44:38;147;6321;74
1538;16/10/2025;12:44:48;148;6345;74
1539;16/10/2025;12:44:58;147;6369;77
1540;16/10/2025;12:45:08;147;6393;77
1541;16/10/2025;12:45:18;147;6418;78
1542;16/10/2025;12:45:28;147;6442;79
1543;16/10/2025;12:45:38;147;6466;82
1544;16/10/2025;12:45:48;147;6490;83
1545;16/10/2025;12:45:58;147;6515;83
1546;16/10/2025;12:46:08;147;6540;82
1547;16/10/2025;12:46:18;147;6564;84
1548;16/10/2025;12:46:28;147;6589;81
1549;16/10/2025;12:46:38;146;6614;82
1550;16/10/2025;12:46:48;146;6638;79
1551;16/10/2025;12:46:58;146;6663;77
1552;16/10/2025;12:47:08;146;6687;79
1553;16/10/2025;12:47:18;146;6711;78
1554;16/10/2025;12:47:28;146;6735;75
1555;16/10/2025;12:47:38;146;6759;77
1556;16/10/2025;12:47:48;146;6784;77
1557;16/10/2025;12:47:58;146;6808;78
1558;16/10/2025;12:48:08;144;6833;79
1559;16/10/2025;12:48:18;144;6857;79
1560;16/10/2025;12:48:28;143;6881;79
1561;16/10/2025;12:48:38;144;6905;81
1562;16/10/2025;12:48:48;143;6929;80
1563;16/10/2025;12:48:58;141;6952;81
1564;16/10/2025;12:49:08;140;6976;80
1565;16/10/2025;12:49:18;139;7000;79
1566;16/10/2025;12:49:28;138;7023;79
1567;16/10/2025;12:49:38;137;7047;80
1568;16/10/2025;12:49:48;137;7071;80
1569;16/10/2025;12:49:58;137;7094;79
1570;16/10/2025;12:50:08;138;7117;77
1571;16/10/2025;12:50:18;138;7140;78
1572;16/10/2025;12:50:28;138;7162;79
1573;16/10/2025;12:50:38;136;7184;78
1574;16/10/2025;12:50:48;135;7207;77
1575;16/10/2025;12:50:58;133;7229;75
1576;16/10/2025;12:51:08;131;7252;75
1577;16/10/2025;12:51:18;130;7274;75
1578;16/10/2025;12:51:28;126;7296;72
1579;16/10/2025;12:51:38;122;7319;70
1580;16/10/2025;12:51:48;104;7340;60
1581;16/10/2025;12:51:58;93;7361;56
1582;16/10/2025;12:52:08;87;7382;53
1583;16/10/2025;12:52:18;84;7402;52
1584;16/10/2025;12:52:28;79;7422;51
1585;16/10/2025;12:52:38;78;7440;51
1586;16/10/2025;12:52:48;80;7446;52
1587;16/10/2025;12:52:58;101;7449;62
1588;16/10/2025;12:53:08;115;9;72
1589;16/10/2025;12:53:18;124;25;75
1590;16/10/2025;12:53:28;130;41;76
1591;16/10/2025;12:53:38;137;57;84
1592;16/10/2025;12:53:48;146;76;89
1593;16/10/2025;12:53:58;152;99;91
1594;16/10/2025;12:54:08;152;121;93
1595;16/10/2025;12:54:18;153;145;88
1596;16/10/2025;12:54:28;154;170;94
1597;16/10/2025;12:54:38;150;195;92
1598;16/10/2025;12:54:48;151;220;86
1599;16/10/2025;12:54:58;152;245;83
1600;16/10/2025;12:55:08;151;271;84
1601;16/10/2025;12:55:18;154;297;87
1602;16/10/2025;12:55:28;155;323;85
1603;16/10/2025;12:55:38;156;344;78
1604;16/10/2025;12:55:48;163;371;79
1605;16/10/2025;12:55:58;163;398;77
1606;16/10/2025;12:56:08;162;425;81
1607;16/10/2025;12:56:18;163;452;76
1608;16/10/2025;12:56:28;163;479;68
1609;16/10/2025;12:56:38;164;506;66
1610;16/10/2025;12:56:48;165;533;66
1611;16/10/2025;12:56:58;166;561;63
1612;16/10/2025;12:57:08;167;587;61
1613;16/10/2025;12:57:18;168;613;58
1614;16/10/2025;12:57:28;167;641;58
1615;16/10/2025;12:57:38;166;669;60
1616;16/10/2025;12:57:48;166;698;58
1617;16/10/2025;12:57:58;164;726;56
1618;16/10/2025;12:58:08;163;754;56
1619;16/10/2025;12:58:18;163;782;61
1620;16/10/2025;12:58:28;162;811;60
1621;16/10/2025;12:58:38;162;838;59
1622;16/10/2025;12:58:48;162;865;59
1623;16/10/2025;12:58:58;162;891;67
1624;16/10/2025;12:59:08;162;918;65
1625;16/10/2025;12:59:18;161;945;65
1626;16/10/2025;12:59:28;160;972;60
1627;16/10/2025;12:59:38;160;999;56
1628;16/10/2025;12:59:48;159;1026;52
1629;16/10/2025;12:59:58;159;1053;51
1630;16/10/2025;13:00:08;157;1079;46
1631;16/10/2025;13:00:18;156;1106;48
1632;16/10/2025;13:00:28;156;1132;46
1633;16/10/2025;13:00:38;155;1157;45
1634;16/10/2025;13:00:48;153;1183;42
1635;16/10/2025;13:00:58;153;1209;47
1636;16/10/2025;13:01:08;152;1234;43
1637;16/10/2025;13:01:18;150;1260;43
1638;16/10/2025;13:01:28;150;1285;43
1639;16/10/2025;13:01:38;150;1310;48
1640;16/10/2025;13:01:48;149;1335;48
1641;16/10/2025;13:01:58;147;1360;52
1642;16/10/2025;13:02:08;146;1385;48
1643;16/10/2025;13:02:18;145;1410;52
1644;16/10/2025;13:02:28;147;1433;54
1645;16/10/2025;13:02:38;145;1457;55
1646;16/10/2025;13:02:48;144;1482;50
1647;16/10/2025;13:02:58;143;1506;50
1648;16/10/2025;13:03:08;144;1530;51
1649;16/10/2025;13:03:18;143;1554;54
1650;16/10/2025;13:03:28;143;1579;54
1651;16/10/2025;13:03:38;141;1602;52
1652;16/10/2025;13:03:48;140;1626;51
1653;16/10/2025;13:03:58;140;1649;53
1654;16/10/2025;13:04:08;121;1672;46
1655;16/10/2025;13:04:18;100;1696;38
1656;16/10/2025;13:04:28;80;1718;31
1657;16/10/2025;13:04:38;59;1742;23
1658;16/10/2025;13:04:48;39;1764;14
1659;16/10/2025;13:04:58;21;1788;7
1660;16/10/2025;13:05:08;0;1794;-1
1661;16/10/2025;13:05:18;0;1794;-1
1662;16/10/2025;13:05:28;0;1794;-1
1663;16/10/2025;13:05:38;0;1794;-1
1664;16/10/2025;13:05:48;0;1794;-1
1665;16/10/2025;13:05:58;0;1794;-1
1666;16/10/2025;13:06:08;0;1794;-1
1667;16/10/2025;13:06:18;0;1794;-1
1668;16/10/2025;13:06:28;0;1794;-1
1669;16/10/2025;13:06:38;0;1794;-1
1670;16/10/2025;13:06:48;0;1794;-1
1671;16/10/2025;13:06:58;0;1794;-1
1672;16/10/2025;13:07:08;0;1794;-1
1673;16/10/2025;13:07:18;0;1794;-1
1674;16/10/2025;13:07:28;0;1794;-1
1675;16/10/2025;13:07:38;0;1794;-1
1676;16/10/2025;13:07:48;0;1794;-1
1677;16/10/2025;13:07:58;0;1794;-1
1678;16/10/2025;13:08:08;0;1794;-1
1679;16/10/2025;13:08:18;0;1794;-1
1680;16/10/2025;13:08:28;8;1794;-1
1681;16/10/2025;13:08:38;8;1794;-1
1682;16/10/2025;13:08:48;8;1794;-1
1683;16/10/2025;13:08:58;8;1794;-1
1684;16/10/2025;13:09:08;8;1794;-1
1685;16/10/2025;13:09:18;8;1794;-1
1686;16/10/2025;13:09:28;8;1799;-1
1687;16/10/2025;13:09:38;0;1801;-1
1688;16/10/2025;13:09:48;0;1801;-1
1689;16/10/2025;13:09:58;0;1801;-1
1690;16/10/2025;13:10:08;0;1801;-1
1691;16/10/2025;13:10:18;0;1801;-1
1692;16/10/2025;13:10:28;0;1801;-1
1693;16/10/2025;13:10:38;0;1801;-1
1694;16/10/2025;13:10:48;0;1801;-1
1695;16/10/2025;13:10:58;0;1801;-1
1696;16/10/2025;13:11:08;0;1801;-1
1697;16/10/2025;13:11:18;0;1801;-1
1698;16/10/2025;13:11:28;0;1801;-1
1699;16/10/2025;13:11:38;0;1801;-1
1700;16/10/2025;13:11:48;0;1801;-1
1701;16/10/2025;13:11:58;0;1801;-1
1702;16/10/2025;13:12:08;0;1801;-1
1703;16/10/2025;13:12:18;0;1801;-1
1704;16/10/2025;13:12:28;0;1801;-1
1705;16/10/2025;13:12:38;0;1801;-1
1706;16/10/2025;13:12:48;0;1801;-1
1707;16/10/2025;13:12:58;0;1801;-1
1708;16/10/2025;13:13:08;0;1801;-1
1709;16/10/2025;13:13:18;0;1801;-1
1710;16/10/2025;13:13:28;0;1801;-1
1711;16/10/2025;13:13:38;0;1801;-1
1712;16/10/2025;13:13:48;0;1801;-1
1713;16/10/2025;13:13:58;0;1801;-1
1714;16/10/2025;13:14:08;0;1801;-1
1715;16/10/2025;13:14:18;0;1801;-1
1716;16/10/2025;13:14:28;0;1801;-1
1717;16/10/2025;13:14:38;0;1801;-1
1718;16/10/2025;13:14:48;0;1801;-1
1719;16/10/2025;13:14:58;0;1801;-1
1720;16/10/2025;13:15:08;0;1801;-1
1721;16/10/2025;13:15:18;0;1801;-1
1722;16/10/2025;13:15:28;0;1801;-1
1723;16/10/2025;13:15:38;0;1801;-1
1724;16/10/2025;13:15:48;0;1801;-1
1725;16/10/2025;13:15:58;0;1801;-1
1726;16/10/2025;13:16:08;0;1801;-1
1727;16/10/2025;13:16:18;0;1801;-1
1728;16/10/2025;13:16:28;0;1801;-1
1729;16/10/2025;13:16:38;0;1801;-1
1730;16/10/2025;13:16:48;0;1801;-1
1731;16/10/2025;13:16:58;60;1801;-1
1732;16/10/2025;13:17:08;111;1801;-1
1733;16/10/2025;13:17:18;170;1801;-1
1734;16/10/2025;13:17:28;243;1801;0
1735;16/10/2025;13:17:38;319;1801;0
1736;16/10/2025;13:17:48;396;1801;0
1737;16/10/2025;13:17:58;473;1819;1
1738;16/10/2025;13:18:08;490;1877;1
1739;16/10/2025;13:18:18;516;1942;1
1740;16/10/2025;13:18:28;535;2020;1
1741;16/10/2025;13:18:38;540;2107;1
1742;16/10/2025;13:18:48;541;2193;1
1743;16/10/2025;13:18:58;473;2285;1
1744;16/10/2025;13:19:08;395;2374;0
1745;16/10/2025;13:19:18;318;2465;0
1746;16/10/2025;13:19:28;241;2555;0
1747;16/10/2025;13:19:38;163;2647;-1
1748;16/10/2025;13:19:48;86;2736;-1
1749;16/10/2025;13:19:58;9;2776;-2
1750;16/10/2025;13:20:08;0;2784;-2
1751;16/10/2025;13:20:18;0;2784;-2
1752;16/10/2025;13:20:28;0;2784;-2
1753;16/10/2025;13:20:38;0;2784;-2
1754;16/10/2025;13:20:48;0;2784;-2
1755;16/10/2025;13:20:58;0;2784;-2
1756;16/10/2025;13:21:08;0;2784;-1
1757;16/10/2025;13:21:18;0;2784;-1
1758;16/10/2025;13:21:28;0;2784;-1
1759;16/10/2025;13:21:38;0;2784;-1
1760;16/10/2025;13:21:48;0;2784;-1
1761;16/10/2025;13:21:58;0;2784;-1
1762;16/10/2025;13:22:08;0;2784;-1
1763;16/10/2025;13:22:18;0;2784;-1
1764;16/10/2025;13:22:28;0;2784;-1
1765;16/10/2025;13:22:38;0;2784;-1
1766;16/10/2025;13:22:48;0;2784;-1
1767;16/10/2025;13:22:58;0;2784;-2
1768;16/10/2025;13:23:08;0;2784;-1
1769;16/10/2025;13:23:18;0;2784;-1
1770;16/10/2025;13:23:28;0;2784;-1
1771;16/10/2025;13:23:38;0;2784;-2
1772;16/10/2025;13:23:48;0;2784;-2
1773;16/10/2025;13:23:58;0;2784;-1
1774;16/10/2025;13:24:08;0;2784;-1
1775;16/10/2025;13:24:18;0;2784;-2
1776;16/10/2025;13:24:28;0;2784;-2
1777;16/10/2025;13:24:38;0;2784;-2
1778;16/10/2025;13:24:48;0;2784;-2
1779;16/10/2025;13:24:58;0;2784;-2
1780;16/10/2025;13:25:08;0;2784;-2
1781;16/10/2025;13:25:18;0;2784;-2
1782;16/10/2025;13:25:28;0;2784;-2
1783;16/10/2025;13:25:38;0;2784;-2
1784;16/10/2025;13:25:48;0;2784;-1
1785;16/10/2025;13:25:58;0;2784;-1
1786;16/10/2025;13:26:08;0;2784;-1
1787;16/10/2025;13:26:18;0;2784;-1
1788;16/10/2025;13:26:28;0;2784;-2
1789;16/10/2025;13:26:38;0;2784;-1
1790;16/10/2025;13:26:48;0;2784;-1
1791;16/10/2025;13:26:58;0;2784;-2
1792;16/10/2025;13:27:08;0;2784;-2
1793;16/10/2025;13:27:18;0;2784;-2
1794;16/10/2025;13:27:28;0;2784;-2
1795;16/10/2025;13:27:38;0;2784;-2
1796;16/10/2025;13:27:48;0;2784;-2
1797;16/10/2025;13:27:58;0;2784;-2
1798;16/10/2025;13:28:08;0;2784;-2
1799;16/10/2025;13:28:18;0;2784;-2
1800;16/10/2025;13:28:28;0;2784;-2
1801;16/10/2025;13:28:38;0;2784;-2
1802;16/10/2025;13:28:48;0;2784;-2
1803;16/10/2025;13:28:58;0;2784;-2
1804;16/10/2025;13:29:08;0;2784;-2
1805;16/10/2025;13:29:18;34;2784;-1
1806;16/10/2025;13:29:28;82;2784;-1
1807;16/10/2025;13:29:38;115;2784;-1
1808;16/10/2025;13:29:48;173;2784;-1
1809;16/10/2025;13:29:58;215;2784;-1
1810;16/10/2025;13:30:08;246;2784;-1
1811;16/10/2025;13:30:18;266;2806;-1
1812;16/10/2025;13:30:28;237;2856;-1
1813;16/10/2025;13:30:38;188;2896;-1
1814;16/10/2025;13:30:48;155;2951;-1
1815;16/10/2025;13:30:58;98;3010;-1
1816;16/10/2025;13:31:08;55;3051;-1
1817;16/10/2025;13:31:18;24;3080;-1
1818;16/10/2025;13:31:28;5;3093;-1
1819;16/10/2025;13:31:38;0;3095;-1
1820;16/10/2025;13:31:48;0;3095;-1
1821;16/10/2025;13:31:58;0;3095;-1
1822;16/10/2025;13:32:08;0;3095;-1
1823;16/10/2025;13:32:18;0;3095;-1
1824;16/10/2025;13:32:28;0;3095;-1
1825;16/10/2025;13:32:38;0;3095;-1
1826;16/10/2025;13:32:48;0;3095;-2
1827;16/10/2025;13:32:58;0;3095;-2
1828;16/10/2025;13:33:08;0;3095;-2
1829;16/10/2025;13:33:18;0;3095;-2
1830;16/10/2025;13:33:28;0;3095;-2
1831;16/10/2025;13:33:38;0;3095;-1
1832;16/10/2025;13:33:48;0;3095;-1
1833;16/10/2025;13:33:58;0;3095;-1
1834;16/10/2025;13:34:08;0;3095;-1
1835;16/10/2025;13:34:18;0;3095;-1
1836;16/10/2025;13:34:28;0;3095;-1
1837;16/10/2025;13:34:38;0;3095;-1
1838;16/10/2025;13:34:48;0;3095;-1
1839;16/10/2025;13:34:58;0;3095;-1
1840;16/10/2025;13:35:08;0;3095;-1
1841;16/10/2025;13:35:18;0;3095;-1
1842;16/10/2025;13:35:28;0;3095;-1
1843;16/10/2025;13:35:38;0;3095;-1
1844;16/10/2025;13:35:48;0;3095;-1
1845;16/10/2025;13:35:58;0;3095;-1
1846;16/10/2025;13:36:08;0;3095;-1
1847;16/10/2025;13:36:18;0;3095;-1
1848;16/10/2025;13:36:28;0;3095;-1
1849;16/10/2025;13:36:38;14;3095;-1
1850;16/10/2025;13:36:48;29;3095;-1
1851;16/10/2025;13:36:58;52;3095;-1
1852;16/10/2025;13:37:08;76;3095;-1
1853;16/10/2025;13:37:18;109;3095;-1
1854;16/10/2025;13:37:28;138;3095;-1
1855;16/10/2025;13:37:38;155;3107;-1
1856;16/10/2025;13:37:48;176;3133;-1
1857;16/10/2025;13:37:58;253;3152;0
1858;16/10/2025;13:38:08;319;3179;0
1859;16/10/2025;13:38:18;386;3218;0
1860;16/10/2025;13:38:28;451;3258;0
1861;16/10/2025;13:38:38;519;3276;1
1862;16/10/2025;13:38:48;559;3307;1
1863;16/10/2025;13:38:58;534;3375;1
1864;16/10/2025;13:39:08;449;3479;0
1865;16/10/2025;13:39:18;360;3586;0
1866;16/10/2025;13:39:28;269;3695;0
1867;16/10/2025;13:39:38;171;3808;-1
1868;16/10/2025;13:39:48;75;3905;-1
1869;16/10/2025;13:39:58;17;3923;-1
1870;16/10/2025;13:40:08;8;3935;-1
1871;16/10/2025;13:40:18;0;3941;-1
1872;16/10/2025;13:40:28;0;3941;-1
1873;16/10/2025;13:40:38;0;3941;-1
1874;16/10/2025;13:40:48;0;3941;-1
1875;16/10/2025;13:40:58;0;3941;-1
1876;16/10/2025;13:41:08;0;3941;-1
1877;16/10/2025;13:41:18;0;3941;-1
1878;16/10/2025;13:41:28;0;3941;-1
1879;16/10/2025;13:41:38;0;3941;-1
1880;16/10/2025;13:41:48;0;3941;-2
1881;16/10/2025;13:41:58;0;3941;-1
1882;16/10/2025;13:42:08;0;3941;-1
1883;16/10/2025;13:42:18;0;3941;-1
1884;16/10/2025;13:42:28;0;3941;-1
1885;16/10/2025;13:42:38;0;3941;-1
1886;16/10/2025;13:42:48;0;3941;-1
1887;16/10/2025;13:42:58;0;3941;-1
1888;16/10/2025;13:43:08;0;3941;-1
1889;16/10/2025;13:43:18;0;3941;-1
1890;16/10/2025;13:43:28;0;3941;-1
1891;16/10/2025;13:43:38;0;3941;-1
1892;16/10/2025;13:43:48;0;3941;-1
1893;16/10/2025;13:43:58;0;3941;-1
1894;16/10/2025;13:44:08;0;3941;-1
1895;16/10/2025;13:44:18;79;3941;-1
1896;16/10/2025;13:44:28;159;3941;-1
1897;16/10/2025;13:44:38;159;3941;-1
1898;16/10/2025;13:44:48;159;3941;-1
1899;16/10/2025;13:44:58;159;3941;-1
1900;16/10/2025;13:45:08;159;3941;-1
1901;16/10/2025;13:45:18;159;4014;-1
1902;16/10/2025;13:45:28;80;4105;-2
1903;16/10/2025;13:45:38;0;4141;-2
1904;16/10/2025;13:45:48;0;4141;-2
1905;16/10/2025;13:45:58;0;4141;-2
1906;16/10/2025;13:46:08;0;4141;-2
1907;16/10/2025;13:46:18;0;4141;-2
1908;16/10/2025;13:46:28;0;4141;-2
1909;16/10/2025;13:46:38;0;4141;-1
1910;16/10/2025;13:46:48;0;4141;-1
1911;16/10/2025;13:46:58;0;4141;-1
1912;16/10/2025;13:47:08;0;4141;-1
1913;16/10/2025;13:47:18;35;4141;-1
1914;16/10/2025;13:47:28;79;4148;-1
1915;16/10/2025;13:47:38;156;4148;-1
1916;16/10/2025;13:47:48;237;4148;-1
1917;16/10/2025;13:47:58;318;4148;-1
1918;16/10/2025;13:48:08;401;4148;0
1919;16/10/2025;13:48:18;483;4187;0
1920;16/10/2025;13:48:28;531;4231;0
1921;16/10/2025;13:48:38;548;4319;0
1922;16/10/2025;13:48:48;505;4409;0
1923;16/10/2025;13:48:58;457;4505;0
1924;16/10/2025;13:49:08;377;4600;0
1925;16/10/2025;13:49:18;294;4697;-1
1926;16/10/2025;13:49:28;211;4793;-1
1927;16/10/2025;13:49:38;128;4902;-1
1928;16/10/2025;13:49:48;67;4942;-1
1929;16/10/2025;13:49:58;34;4981;-1
1930;16/10/2025;13:50:08;0;4992;-2
1931;16/10/2025;13:50:18;0;4992;-2
1932;16/10/2025;13:50:28;0;4992;-1
1933;16/10/2025;13:50:38;0;4992;-1
1934;16/10/2025;13:50:48;0;4992;-1
1935;16/10/2025;13:50:58;0;4992;-1
1936;16/10/2025;13:51:08;0;4992;-1
1937;16/10/2025;13:51:18;0;4992;-1
1938;16/10/2025;13:51:28;0;4992;-1
1939;16/10/2025;13:51:38;1;4992;-1
1940;16/10/2025;13:51:48;1;4992;-1
1941;16/10/2025;13:51:58;1;4992;-1
1942;16/10/2025;13:52:08;1;4992;-1
1943;16/10/2025;13:52:18;1;4992;-1
1944;16/10/2025;13:52:28;1;4992;-1
1945;16/10/2025;13:52:38;1;4992;-1
1946;16/10/2025;13:52:48;0;4992;-1
1947;16/10/2025;13:52:58;0;4992;-1
1948;16/10/2025;13:53:08;0;4992;-1
1949;16/10/2025;13:53:18;78;4992;-1
1950;16/10/2025;13:53:28;78;5002;-1
1951;16/10/2025;13:53:38;78;5002;-1
1952;16/10/2025;13:53:48;78;5002;-1
1953;16/10/2025;13:53:58;78;5002;-1
1954;16/10/2025;13:54:08;78;5002;-1
1955;16/10/2025;13:54:18;124;5030;1
1956;16/10/2025;13:54:28;98;5074;6
1957;16/10/2025;13:54:38;149;5074;15
1958;16/10/2025;13:54:48;196;5074;25
1959;16/10/2025;13:54:58;240;5074;36
1960;16/10/2025;13:55:08;281;5094;46
1961;16/10/2025;13:55:18;320;5109;57
1962;16/10/2025;13:55:28;314;5163;68
1963;16/10/2025;13:55:38;303;5225;77
1964;16/10/2025;13:55:48;289;5281;82
1965;16/10/2025;13:55:58;278;5334;86
1966;16/10/2025;13:56:08;269;5383;90
1967;16/10/2025;13:56:18;262;5431;95
1968;16/10/2025;13:56:28;255;5476;98
1969;16/10/2025;13:56:38;243;5524;98
1970;16/10/2025;13:56:48;230;5569;98
1971;16/10/2025;13:56:58;217;5613;96
1972;16/10/2025;13:57:08;204;5653;95
1973;16/10/2025;13:57:18;191;5693;94
1974;16/10/2025;13:57:28;179;5732;92
1975;16/10/2025;13:57:38;167;5768;90
1976;16/10/2025;13:57:48;160;5799;90
1977;16/10/2025;13:57:58;156;5829;89
1978;16/10/2025;13:58:08;153;5856;90
1979;16/10/2025;13:58:18;151;5882;90
1980;16/10/2025;13:58:28;150;5907;89
1981;16/10/2025;13:58:38;150;5932;89
1982;16/10/2025;13:58:48;150;5956;89
1983;16/10/2025;13:58:58;150;5981;90
1984;16/10/2025;13:59:08;149;6006;90
1985;16/10/2025;13:59:18;148;6031;89
1986;16/10/2025;13:59:28;147;6056;89
1987;16/10/2025;13:59:38;146;6081;87
1988;16/10/2025;13:59:48;146;6105;86
1989;16/10/2025;13:59:58;144;6130;86
1990;16/10/2025;14:00:08;144;6155;86
1991;16/10/2025;14:00:18;144;6179;85
1992;16/10/2025;14:00:28;143;6202;84
1993;16/10/2025;14:00:38;143;6227;84
1994;16/10/2025;14:00:48;143;6250;83
1995;16/10/2025;14:00:58;143;6274;83
1996;16/10/2025;14:01:08;143;6298;83
1997;16/10/2025;14:01:18;142;6322;83
1998;16/10/2025;14:01:28;141;6345;84
1999;16/10/2025;14:01:38;141;6369;84
2000;16/10/2025;14:01:48;141;6393;85
2001;16/10/2025;14:01:58;141;6417;85
2002;16/10/2025;14:02:08;141;6439;85
2003;16/10/2025;14:02:18;141;6462;85
2004;16/10/2025;14:02:28;142;6486;83
2005;16/10/2025;14:02:38;142;6509;83
2006;16/10/2025;14:02:48;142;6533;83
2007;16/10/2025;14:02:58;142;6556;83
2008;16/10/2025;14:03:08;142;6580;84
2009;16/10/2025;14:03:18;142;6603;84
2010;16/10/2025;14:03:28;142;6627;85
2011;16/10/2025;14:03:38;142;6651;86
2012;16/10/2025;14:03:48;143;6673;86
2013;16/10/2025;14:03:58;122;6697;73
2014;16/10/2025;14:04:08;102;6721;60
2015;16/10/2025;14:04:18;82;6744;48
2016;16/10/2025;14:04:28;62;6768;35
2017;16/10/2025;14:04:38;41;6791;23
2018;16/10/2025;14:04:48;29;6816;10
2019;16/10/2025;14:04:58;8;6819;-1
2020;16/10/2025;14:05:08;8;6819;-1
2021;16/10/2025;14:05:18;8;6819;-1
2022;16/10/2025;14:05:28;8;6819;-1
2023;16/10/2025;14:05:38;8;6819;-1
2024;16/10/2025;14:05:48;8;6820;-1
2025;16/10/2025;14:05:58;0;6824;-1
2026;16/10/2025;14:06:08;0;6824;-1
2027;16/10/2025;14:06:18;0;6824;-1
2028;16/10/2025;14:06:28;0;6824;-1
2029;16/10/2025;14:06:38;0;6824;-1
2030;16/10/2025;14:06:48;0;6824;-1
2031;16/10/2025;14:06:58;0;6824;-1
2032;16/10/2025;14:07:08;0;6824;-2
2033;16/10/2025;14:07:18;0;6824;-2
2034;16/10/2025;14:07:28;0;6824;-2
2035;16/10/2025;14:07:38;0;6824;-2
2036;16/10/2025;14:07:48;0;6824;-2
2037;16/10/2025;14:07:58;0;6824;-2
2038;16/10/2025;14:08:08;0;6824;-2
2039;16/10/2025;14:08:18;0;6824;-2
2040;16/10/2025;14:08:28;0;6824;-1
2041;16/10/2025;14:08:38;0;6824;-1
2042;16/10/2025;14:08:48;0;6824;-1
2043;16/10/2025;14:08:58;0;6824;-1
2044;16/10/2025;14:09:08;0;6824;-1
2045;16/10/2025;14:09:18;0;6824;-1
2046;16/10/2025;14:09:28;0;6824;-1
2047;16/10/2025;14:09:38;0;6824;-1
2048;16/10/2025;14:09:48;0;6824;-2
