Id;Heure;Profondeur;Vitesse;Effort
1;07:59:07;0;0;461,12
2;07:59:08;0;0;461,12
3;07:59:09;0;0;461,12
4;07:59:10;0;0;461,12
5;07:59:11;0;0;461,12
6;07:59:12;0;0;454,57
7;07:59:13;0;0;454,57
8;07:59:14;0;0;461,12
9;07:59:15;0;0;454,57
10;07:59:16;0;0;454,57
11;07:59:17;0;0;461,12
12;07:59:18;0;0;454,57
13;07:59:19;0;0;461,12
14;07:59:20;0;0;461,12
15;07:59:21;0;0;461,12
16;07:59:22;0;0;461,12
17;07:59:23;0;0;461,12
18;07:59:24;0;0;461,12
19;07:59:25;0;0;461,12
20;07:59:26;0;0;461,12
21;07:59:27;0;0;461,12
22;07:59:28;0;0;461,12
23;07:59:29;0;0;461,12
24;07:59:30;0;0;461,12
25;07:59:31;0;0;461,12
26;07:59:32;0;0;461,12
27;07:59:33;0;0;461,12
28;07:59:34;0;0;461,12
29;07:59:35;0;0;461,12
30;07:59:36;0;0;461,12
31;07:59:37;0;0;461,12
32;07:59:38;0;0;454,57
33;07:59:39;0;0;454,57
34;07:59:40;0;0;461,12
35;07:59:41;0;0;461,12
36;07:59:42;0;0;454,57
37;07:59:43;0;0;454,57
38;07:59:44;0;0;454,57
39;07:59:45;0;0;461,12
40;07:59:46;0;0;461,12
41;07:59:47;0;0;454,57
42;07:59:48;0;0;461,12
43;07:59:49;0;0;454,57
44;07:59:50;0;0;454,57
45;07:59:51;0;0;454,57
46;07:59:52;0;0;454,57
47;07:59:53;0;0;454,57
48;07:59:54;0;0;454,57
49;07:59:55;0;0;454,57
50;07:59:56;0;0;461,12
51;07:59:57;0;0;454,57
52;07:59:58;0;0;448,02
53;07:59:59;0;0;454,57
54;08:00:00;0;0;448,02
55;08:00:01;0;0;454,57
56;08:00:02;0;0;454,57
57;08:00:03;0;0;454,57
58;08:00:04;0;0;448,02
59;08:00:05;0;0;454,57
60;08:00:06;0;0;454,57
61;08:00:07;0;0;454,57
62;08:00:08;0;0;448,02
63;08:00:09;0;0;448,02
64;08:00:10;0;0;448,02
65;08:00:11;0;0;448,02
66;08:00:12;0;0;448,02
67;08:00:13;0;0;448,02
68;08:00:14;0;0;448,02
69;08:00:15;0;0;448,02
70;08:00:16;0;0;454,57
71;08:00:17;0;0;448,02
72;08:00:18;0;0;448,02
73;08:00:19;0;0;454,57
74;08:00:20;0;0;448,02
75;08:00:21;0;0;448,02
76;08:00:22;0;0;448,02
77;08:00:23;0;0;448,02
78;08:00:24;0;0;454,57
79;08:00:25;0;0;448,02
80;08:00:26;0;0;454,57
81;08:00:27;0;0;448,02
82;08:00:28;0;0;448,02
83;08:00:29;0;0;448,02
84;08:00:30;0;0;448,02
85;08:00:31;0;0;448,02
86;08:00:32;0;0;448,02
87;08:00:33;0;0;454,57
88;08:00:34;0;0;454,57
89;08:00:35;0;0;448,02
90;08:00:36;0;0;454,57
91;08:00:37;0;0;448,02
92;08:00:38;0;0;448,02
93;08:00:39;0;0;448,02
94;08:00:40;0;0;448,02
95;08:00:41;0;0;448,02
96;08:00:42;0;0;448,02
97;08:00:43;0;0;454,57
98;08:00:44;0;0;441,47
99;08:00:45;0;0;448,02
100;08:00:46;0;0;454,57
101;08:00:47;0;0;441,47
102;08:00:48;0;0;448,02
103;08:00:49;0;0;448,02
104;08:00:50;0;0;454,57
105;08:00:51;0;0;448,02
106;08:00:52;0;0;441,47
107;08:00:53;0;0;441,47
108;08:00:54;0;0;448,02
109;08:00:55;0;0;454,57
110;08:00:56;0;0;448,02
111;08:00:57;0;0;448,02
112;08:00:58;0;0;441,47
113;08:00:59;0;0;448,02
114;08:01:00;0;0;448,02
115;08:01:01;0;0;448,02
116;08:01:02;0;0;448,02
117;08:01:03;0;0;448,02
118;08:01:04;0;0;448,02
119;08:01:05;0;0;441,47
120;08:01:06;0;0;448,02
121;08:01:07;0;0;448,02
122;08:01:08;0;0;448,02
123;08:01:09;0;0;448,02
124;08:01:10;0;0;441,47
125;08:01:11;0;0;448,02
126;08:01:12;0;0;441,47
127;08:01:13;0;0;441,47
128;08:01:14;0;0;448,02
129;08:01:15;0;0;441,47
130;08:01:16;0;0;448,02
131;08:01:17;0;0;448,02
132;08:01:18;0;0;441,47
133;08:01:19;0;0;448,02
134;08:01:20;0;0;448,02
135;08:01:21;0;0;441,47
136;08:01:22;0;0;441,47
137;08:01:23;0;0;448,02
138;08:01:24;0;0;448,02
139;08:01:25;0;0;441,47
140;08:01:26;0;0;448,02
141;08:01:27;0;0;448,02
142;08:01:28;0;0;448,02
143;08:01:29;0;0;441,47
144;08:01:30;0;0;448,02
145;08:01:31;0;0;448,02
146;08:01:32;0;0;448,02
147;08:01:33;0;0;448,02
148;08:01:34;0;0;448,02
149;08:01:35;0;0;448,02
150;08:01:36;0;0;448,02
151;08:01:37;0;0;441,47
152;08:01:38;0;0;448,02
153;08:01:39;0;0;448,02
154;08:01:40;0;0;441,47
155;08:01:41;0;0;448,02
156;08:01:42;0;0;448,02
157;08:01:43;0;0;448,02
158;08:01:44;0;0;448,02
159;08:01:45;0;0;448,02
160;08:01:46;0;0;448,02
161;08:01:47;0;0;448,02
162;08:01:48;0;0;448,02
163;08:01:49;0;0;448,02
164;08:01:50;0;0;448,02
165;08:01:51;0;0;441,47
166;08:01:52;0;0;454,57
167;08:01:53;0;0;448,02
168;08:01:54;0;0;448,02
169;08:01:55;0;0;454,57
170;08:01:56;0;0;454,57
171;08:01:57;0;0;454,57
172;08:01:58;0;0;448,02
173;08:01:59;0;0;448,02
174;08:02:00;0;0;448,02
175;08:02:01;0;0;448,02
176;08:02:02;0;0;448,02
177;08:02:03;0;0;454,57
178;08:02:04;0;0;448,02
179;08:02:05;0;0;448,02
180;08:02:06;0;0;454,57
181;08:02:07;0;0;448,02
182;08:02:08;0;0;454,57
183;08:02:09;0;0;448,02
184;08:02:10;0;0;448,02
185;08:02:11;0;0;454,57
186;08:02:12;0;0;448,02
187;08:02:13;0;0;454,57
188;08:02:14;0;0;454,57
189;08:02:15;0;0;454,57
190;08:02:16;0;0;448,02
191;08:02:17;0;0;448,02
192;08:02:18;0;0;454,57
193;08:02:19;0;0;448,02
194;08:02:20;0;0;454,57
195;08:02:21;0;0;448,02
196;08:02:22;0;0;454,57
197;08:02:23;0;0;454,57
198;08:02:24;0;0;454,57
199;08:02:25;0;0;454,57
200;08:02:26;0;0;448,02
201;08:02:27;0;0;448,02
202;08:02:28;0;0;448,02
203;08:02:29;0;0;448,02
204;08:02:30;0;0;448,02
205;08:02:31;0;0;448,02
206;08:02:32;0;0;454,57
207;08:02:33;0;0;448,02
208;08:02:34;0;0;448,02
209;08:02:35;0;0;448,02
210;08:02:36;0;0;454,57
211;08:02:37;0;0;454,57
212;08:02:38;0;0;454,57
213;08:02:39;0;0;454,57
214;08:02:40;0;0;454,57
215;08:02:41;0;0;448,02
216;08:02:42;0;0;448,02
217;08:02:43;0;0;454,57
218;08:02:44;0;0;454,57
219;08:02:45;0;0;448,02
220;08:02:46;0;0;454,57
221;08:02:47;0;0;448,02
222;08:02:48;0;0;448,02
223;08:02:49;0;0;454,57
224;08:02:50;0;0;448,02
225;08:02:51;0;0;448,02
226;08:02:52;0;0;448,02
227;08:02:53;0;0;448,02
228;08:02:54;0;0;448,02
229;08:02:55;0;0;454,57
230;08:02:56;0;0;454,57
231;08:02:57;0;0;454,57
232;08:02:58;0;0;461,12
233;08:02:59;0;0;448,02
234;08:03:00;0;0;454,57
235;08:03:01;0;0;448,02
236;08:03:02;0;0;454,57
237;08:03:03;0;0;448,02
238;08:03:04;0;0;454,57
239;08:03:05;0;0;454,57
240;08:03:06;0;0;448,02
241;08:03:07;0;0;454,57
242;08:03:08;0;0;454,57
243;08:03:09;0;0;448,02
244;08:03:10;0;0;448,02
245;08:03:11;0;0;454,57
246;08:03:12;0;0;448,02
247;08:03:13;0;0;454,57
248;08:03:14;0;0;448,02
249;08:03:15;0;0;454,57
250;08:03:16;0;0;448,02
251;08:03:17;0;0;448,02
252;08:03:18;0;0;454,57
253;08:03:19;0;0;448,02
254;08:03:20;0;0;454,57
255;08:03:21;0;0;454,57
256;08:03:22;0;0;454,57
257;08:03:23;0;0;448,02
258;08:03:24;0;0;454,57
259;08:03:25;0;0;454,57
260;08:03:26;0;0;454,57
261;08:03:27;0;0;448,02
262;08:03:28;0;0;448,02
263;08:03:29;0;0;454,57
264;08:03:30;0;0;454,57
265;08:03:31;0;0;448,02
266;08:03:32;0;0;454,57
267;08:03:33;0;0;448,02
268;08:03:34;0;0;454,57
269;08:03:35;0;0;454,57
270;08:03:36;0;0;448,02
271;08:03:37;0;0;448,02
272;08:03:38;0;0;448,02
273;08:03:39;0;0;454,57
274;08:03:40;0;0;454,57
275;08:03:41;0;0;448,02
276;08:03:42;0;0;454,57
277;08:03:43;0;0;448,02
278;08:03:44;0;0;448,02
279;08:03:45;0;0;448,02
280;08:03:46;0;0;454,57
281;08:03:47;0;0;454,57
282;08:03:48;0;0;448,02
283;08:03:49;0;0;454,57
284;08:03:50;0;0;454,57
285;08:03:51;0;0;454,57
286;08:03:52;0;0;454,57
287;08:03:53;0;0;454,57
288;08:03:54;0;0;454,57
289;08:03:55;0;0;454,57
290;08:03:56;0;0;454,57
291;08:03:57;0;0;448,02
292;08:03:58;0;0;448,02
293;08:03:59;0;0;454,57
294;08:04:00;0;0;448,02
295;08:04:01;0;0;448,02
296;08:04:02;0;0;454,57
297;08:04:03;0;0;454,57
298;08:04:04;0;0;454,57
299;08:04:05;0;0;448,02
300;08:04:06;0;0;454,57
301;08:04:07;0;0;454,57
302;08:04:08;0;0;454,57
303;08:04:09;0;0;448,02
304;08:04:10;0;0;454,57
305;08:04:11;0;0;461,12
306;08:04:12;0;0;454,57
307;08:04:13;0;0;454,57
308;08:04:14;0;0;454,57
309;08:04:15;0;0;454,57
310;08:04:16;0;0;454,57
311;08:04:17;0;0;454,57
312;08:04:18;0;0;454,57
313;08:04:19;0;0;454,57
314;08:04:20;0;0;448,02
315;08:04:21;0;0;454,57
316;08:04:22;0;0;454,57
317;08:04:23;0;0;454,57
318;08:04:24;0;0;454,57
319;08:04:25;0;0;454,57
320;08:04:26;0;0;454,57
321;08:04:27;0;0;454,57
322;08:04:28;0;0;454,57
323;08:04:29;0;0;448,02
324;08:04:30;0;0;454,57
325;08:04:31;0;0;454,57
326;08:04:32;0;0;454,57
327;08:04:33;0;0;454,57
328;08:04:34;0;0;454,57
329;08:04:35;0;0;448,02
330;08:04:36;0;0;461,12
331;08:04:37;0;0;454,57
332;08:04:38;0;0;454,57
333;08:04:39;0;0;454,57
334;08:04:40;0;0;454,57
335;08:04:41;0;0;454,57
336;08:04:42;0;0;454,57
337;08:04:43;0;0;454,57
338;08:04:44;0;0;454,57
339;08:04:45;0;0;454,57
340;08:04:46;0;0;454,57
341;08:04:47;0;0;448,02
342;08:04:48;0;0;454,57
343;08:04:49;0;0;454,57
344;08:04:50;0;0;454,57
345;08:04:51;0;0;454,57
346;08:04:52;0;0;454,57
347;08:04:53;0;0;454,57
348;08:04:54;0;0;454,57
349;08:04:55;0;0;454,57
350;08:04:56;0;0;454,57
351;08:04:57;0;0;454,57
352;08:04:58;0;0;454,57
353;08:04:59;0;0;454,57
354;08:05:00;0;0;454,57
355;08:05:01;0;0;454,57
356;08:05:02;0;0;454,57
357;08:05:03;0;0;448,02
358;08:05:04;0;0;454,57
359;08:05:05;0;0;448,02
360;08:05:06;0;0;454,57
361;08:05:07;0;0;454,57
362;08:05:08;0;0;454,57
363;08:05:09;0;0;454,57
364;08:05:10;0;0;448,02
365;08:05:11;0;0;454,57
366;08:05:12;0;0;454,57
367;08:05:13;0;0;454,57
368;08:05:14;0;0;454,57
369;08:05:15;0;0;454,57
370;08:05:16;0;0;454,57
371;08:05:17;0;0;454,57
372;08:05:18;0;0;454,57
373;08:05:19;0;0;454,57
374;08:05:20;0;0;454,57
375;08:05:21;0;0;454,57
376;08:05:22;0;0;454,57
377;08:05:23;0;0;454,57
378;08:05:24;0;0;454,57
379;08:05:25;0;0;454,57
380;08:05:26;0;0;454,57
381;08:05:27;0;0;454,57
382;08:05:28;0;0;454,57
383;08:05:29;0;0;454,57
384;08:05:30;0;0;461,12
385;08:05:31;0;0;454,57
386;08:05:32;0;0;461,12
387;08:05:33;0;0;454,57
388;08:05:34;0;0;461,12
389;08:05:35;0;0;461,12
390;08:05:36;0;0;454,57
391;08:05:37;0;0;454,57
392;08:05:38;0;0;454,57
393;08:05:39;0;0;454,57
394;08:05:40;0;0;454,57
395;08:05:41;0;0;454,57
396;08:05:42;0;0;461,12
397;08:05:43;0;0;454,57
398;08:05:44;0;0;454,57
399;08:05:45;0;0;454,57
400;08:05:46;0;0;454,57
401;08:05:47;0;0;454,57
402;08:05:48;0;0;454,57
403;08:05:49;0;0;454,57
404;08:05:50;0;0;454,57
405;08:05:51;0;0;454,57
406;08:05:52;0;0;454,57
407;08:05:53;0;0;461,12
408;08:05:54;0;0;454,57
409;08:05:55;0;0;461,12
410;08:05:56;0;0;461,12
411;08:05:57;0;0;461,12
412;08:05:58;0;0;454,57
413;08:05:59;0;0;461,12
414;08:06:00;0;0;454,57
415;08:06:01;0;0;461,12
416;08:06:02;0;0;454,57
417;08:06:03;0;0;461,12
418;08:06:04;0;0;454,57
419;08:06:05;0;0;454,57
420;08:06:06;0;0;461,12
421;08:06:07;0;0;454,57
422;08:06:08;0;0;454,57
423;08:06:09;0;0;448,02
424;08:06:10;0;0;461,12
425;08:06:11;0;0;454,57
426;08:06:12;0;0;454,57
427;08:06:13;0;0;454,57
428;08:06:14;0;0;461,12
429;08:06:15;0;0;454,57
430;08:06:16;0;0;454,57
431;08:06:17;0;0;461,12
432;08:06:18;0;0;454,57
433;08:06:19;0;0;454,57
434;08:06:20;0;0;461,12
435;08:06:21;0;0;461,12
436;08:06:22;0;0;461,12
437;08:06:23;0;0;454,57
438;08:06:24;0;0;461,12
439;08:06:25;0;0;454,57
440;08:06:26;0;0;454,57
441;08:06:27;0;0;461,12
442;08:06:28;0;0;461,12
443;08:06:29;0;0;454,57
444;08:06:30;0;0;454,57
445;08:06:31;0;0;454,57
446;08:06:32;0;0;461,12
447;08:06:33;0;0;454,57
448;08:06:34;0;0;454,57
449;08:06:35;0;0;454,57
450;08:06:36;0;0;461,12
451;08:06:37;0;0;454,57
452;08:06:38;0;0;454,57
453;08:06:39;0;0;461,12
454;08:06:40;0;0;461,12
455;08:06:41;0;0;461,12
456;08:06:42;0;0;454,57
457;08:06:43;0;0;461,12
458;08:06:44;0;0;461,12
459;08:06:45;0;0;546,925
460;08:06:46;0;0;612,425
461;08:06:47;0;0;625,525
462;08:06:48;0;0;632,73
463;08:06:49;0;0;632,73
464;08:06:50;0;0;632,73
465;08:06:51;0;0;632,73
466;08:06:52;0;0;625,525
467;08:06:53;0;0;632,73
468;08:06:54;0;0;625,525
469;08:06:55;0;0;625,525
470;08:06:56;0;0;612,425
471;08:06:57;0;0;618,975
472;08:06:58;0;0;618,975
473;08:06:59;0;0;612,425
474;08:07:00;0;0;612,425
475;08:07:01;0;0;612,425
476;08:07:02;0;0;605,875
477;08:07:03;0;0;605,875
478;08:07:04;0;0;605,875
479;08:07:05;0;0;605,875
480;08:07:06;0;0;599,325
481;08:07:07;0;0;599,325
482;08:07:08;0;0;599,325
483;08:07:09;0;0;592,775
484;08:07:10;0;0;592,775
485;08:07:11;0;0;592,775
486;08:07:12;0;0;586,225
487;08:07:13;0;0;592,775
488;08:07:14;0;0;586,225
489;08:07:15;0;0;586,225
490;08:07:16;0;0;586,225
491;08:07:17;0;0;579,675
492;08:07:18;0;0;579,675
493;08:07:19;0;0;579,675
494;08:07:20;0;0;579,675
495;08:07:21;0;0;579,675
496;08:07:22;0;0;573,125
497;08:07:23;0;0;579,675
498;08:07:24;0;0;573,125
499;08:07:25;0;0;579,675
500;08:07:26;0;0;573,125
501;08:07:27;0;0;579,675
502;08:07:28;0;0;573,125
503;08:07:29;0;0;573,125
504;08:07:30;0;0;573,125
505;08:07:31;0;0;573,125
506;08:07:32;0;0;573,125
507;08:07:33;0;0;573,125
508;08:07:34;0;0;573,125
509;08:07:35;0;0;573,125
510;08:07:36;0;0;566,575
511;08:07:37;0;0;573,125
512;08:07:38;0;0;566,575
513;08:07:39;0;0;566,575
514;08:07:40;0;0;566,575
515;08:07:41;0;0;566,575
516;08:07:42;0;0;566,575
517;08:07:43;0;0;566,575
518;08:07:44;0;0;566,575
519;08:07:45;0;0;566,575
520;08:07:46;0;0;560,025
521;08:07:47;0;0;566,575
522;08:07:48;0;0;566,575
523;08:07:49;0;0;579,675
524;08:07:50;0;0;573,125
525;08:07:51;0;0;573,125
526;08:07:52;0;0;573,125
527;08:07:53;0;0;579,675
528;08:07:54;0;0;579,675
529;08:07:55;0;0;573,125
530;08:07:56;0;0;573,125
531;08:07:57;0;0;560,025
532;08:07:58;0;0;560,025
533;08:07:59;0;0;553,475
534;08:08:00;0;0;560,025
535;08:08:01;0;0;553,475
536;08:08:02;0;0;560,025
537;08:08:03;0;0;553,475
538;08:08:04;0;0;560,025
539;08:08:05;0;0;480,77
540;08:08:06;0;0;474,22
541;08:08:07;0;0;474,22
542;08:08:08;0;0;474,22
543;08:08:09;0;0;448,02
544;08:08:10;0,1;1,8;448,02
545;08:08:11;0,2;4,4;553,475
546;08:08:12;0,3;6;678,58
547;08:08:13;0,4;6,1;751,285
548;08:08:14;0,5;6,4;744,08
549;08:08:15;0,6;8,4;632,73
550;08:08:16;0,8;8,6;467,67
551;08:08:17;0,9;8,9;269,86
552;08:08:18;0,9;2,6;170,955
553;08:08:19;0,9;0;118,555
554;08:08:20;0,9;0;79,255
555;08:08:21;0,9;0,1;45,85
556;08:08:22;0,9;0;32,75
557;08:08:23;0,8;5,9;66,155
558;08:08:24;0,8;1,4;125,105
559;08:08:25;0,8;0;210,91
560;08:08:26;0,8;0;263,31
561;08:08:27;0,8;0;309,815
562;08:08:28;0,8;0;322,915
563;08:08:29;0,8;0;342,565
564;08:08:30;0,8;0;342,565
565;08:08:31;0,8;0;355,665
566;08:08:32;0,8;0;362,215
567;08:08:33;0,8;0;362,215
568;08:08:34;0,8;0;362,215
569;08:08:35;0,8;0;362,215
570;08:08:36;0,8;0;368,765
571;08:08:37;0,8;0;368,765
572;08:08:38;0,8;0;375,315
573;08:08:39;0,8;0;368,765
574;08:08:40;0,8;0;375,315
575;08:08:41;0,8;0;368,765
576;08:08:42;0,8;0;375,315
577;08:08:43;0,8;0;375,315
578;08:08:44;0,8;0;375,315
579;08:08:45;0,8;0;381,865
580;08:08:46;0,8;0;375,315
581;08:08:47;0,8;0;375,315
582;08:08:48;0,8;0;375,315
583;08:08:49;0,8;0;381,865
584;08:08:50;0,8;0;381,865
585;08:08:51;0,8;0;375,315
586;08:08:52;0,8;0;381,865
587;08:08:53;0,8;0;381,865
588;08:08:54;0,8;0;388,415
589;08:08:55;0,8;0;381,865
590;08:08:56;0,8;0;381,865
591;08:08:57;0,8;0;388,415
592;08:08:58;0,8;0;388,415
593;08:08:59;0,8;0;381,865
594;08:09:00;0,8;0;388,415
595;08:09:01;0,8;0;394,965
596;08:09:02;0,8;0;388,415
597;08:09:03;0,8;0;388,415
598;08:09:04;0,8;0;394,965
599;08:09:05;0,8;0;394,965
600;08:09:06;0,8;0;388,415
601;08:09:07;0,8;0;394,965
602;08:09:08;0,8;0;394,965
603;08:09:09;0,8;0;394,965
604;08:09:10;0,8;0;388,415
605;08:09:11;0,8;0;394,965
606;08:09:12;0,8;0;394,965
607;08:09:13;0,8;0;394,965
608;08:09:14;0,8;0;394,965
609;08:09:15;0,8;0;394,965
610;08:09:16;0,8;0;394,965
611;08:09:17;0,8;0;394,965
612;08:09:18;0,8;0;394,965
613;08:09:19;0,8;0;394,965
614;08:09:20;0,8;0;394,965
615;08:09:21;0,8;0;394,965
616;08:09:22;0,8;0;394,965
617;08:09:23;0,8;0;402,17
618;08:09:24;0,8;0;402,17
619;08:09:25;0,8;0;394,965
620;08:09:26;0,8;0;402,17
621;08:09:27;0,8;0;402,17
622;08:09:28;0,8;0;402,17
623;08:09:29;0,8;0;402,17
624;08:09:30;0,8;0;408,72
625;08:09:31;0,8;0;402,17
626;08:09:32;0,8;0;402,17
627;08:09:33;0,8;0;402,17
628;08:09:34;0,8;0;408,72
629;08:09:35;0,8;0;402,17
630;08:09:36;0,8;0;402,17
631;08:09:37;0,8;0;408,72
632;08:09:38;0,8;0;408,72
633;08:09:39;0,8;0;402,17
634;08:09:40;0,8;0;402,17
635;08:09:41;0,8;0;408,72
636;08:09:42;0,8;0;408,72
637;08:09:43;0,8;0;402,17
638;08:09:44;0,8;0;408,72
639;08:09:45;0,8;0;408,72
640;08:09:46;0,8;0;408,72
641;08:09:47;0,8;0;408,72
642;08:09:48;0,8;0;408,72
643;08:09:49;0,8;0;408,72
644;08:09:50;0,8;0;408,72
645;08:09:51;0,8;0;408,72
646;08:09:52;0,8;0;408,72
647;08:09:53;0,8;0;408,72
648;08:09:54;0;46;402,17
649;08:09:55;0;0;408,72
650;08:09:56;0;0;408,72
651;08:09:57;0;0;0
652;08:09:58;0;0;0
653;08:09:59;0;0;0
654;08:10:00;0;0;0
655;08:10:01;0;0;0
656;08:10:02;0;0;0
657;08:10:03;0;0;0
658;08:10:04;0;0;0
659;08:10:05;0;0;0
660;08:10:06;0;0;0
661;08:10:07;0;0;0
662;08:10:08;0;0;0
663;08:10:09;0;0;0
664;08:10:10;0;0;0
665;08:10:11;0;0,5;0
666;08:10:12;0,1;3,2;0
667;08:10:13;0,2;7,1;0
668;08:10:14;0,4;9,9;0
669;08:10:15;0,6;11,2;0
670;08:10:16;0,8;11,4;0
671;08:10:17;1;11,5;0
672;08:10:18;1,1;11,4;0
673;08:10:19;1,3;11,2;0
674;08:10:20;1,5;12,3;0
675;08:10:21;1,8;12,7;0
676;08:10:22;2;15,2;0
677;08:10:23;2,3;17,1;0
678;08:10:24;2,6;16,9;0
679;08:10:25;2,9;17,5;0
680;08:10:26;3,2;19,1;0
681;08:10:27;3,6;22;0
682;08:10:28;3,9;21,9;0
683;08:10:29;4,3;22,4;0
684;08:10:30;4,7;22,5;0
685;08:10:31;5;22;0
686;08:10:32;5,4;22,4;0
687;08:10:33;5,8;23,6;0
688;08:10:34;6,2;23,5;0
689;08:10:35;6,6;23,8;0
690;08:10:36;7;23,7;0
691;08:10:37;7,4;23,9;0
692;08:10:38;7,8;24,1;0
693;08:10:39;8,2;24;0
694;08:10:40;8,6;24;0
695;08:10:41;9;24;0
696;08:10:42;9,4;23,9;0
697;08:10:43;9,8;24;0
698;08:10:44;10,2;24,1;0
699;08:10:45;10,6;24;0
700;08:10:46;11;24,2;0
701;08:10:47;11,4;24,3;0
702;08:10:48;11,8;24,2;0
703;08:10:49;12,2;24,2;0
704;08:10:50;12,6;24,2;0
705;08:10:51;13;24;0
706;08:10:52;13,4;24,1;0
707;08:10:53;13,8;24,2;0
708;08:10:54;14,2;24;0
709;08:10:55;14,6;24,2;0
710;08:10:56;15;24,4;0
711;08:10:57;15,4;24,3;0
712;08:10:58;15,9;24,4;0
713;08:10:59;16,3;24,4;0
714;08:11:00;16,7;24,4;0
715;08:11:01;17,1;24,3;0
716;08:11:02;17,5;24,4;0
717;08:11:03;17,9;24,5;0
718;08:11:04;18,3;24,3;0
719;08:11:05;18,7;24,4;0
720;08:11:06;19,1;24,6;0
721;08:11:07;19,5;24,4;0
722;08:11:08;19,9;24,5;0
723;08:11:09;20,3;24,5;0
724;08:11:10;20,7;24,3;0
725;08:11:11;21,1;24,4;0
726;08:11:12;21,6;24,5;0
727;08:11:13;22;24,4;0
728;08:11:14;22,4;24,4;0
729;08:11:15;22,8;24,6;0
730;08:11:16;23,2;24,4;0
731;08:11:17;23,6;24,4;0
732;08:11:18;24;24,5;0
733;08:11:19;24,4;24,4;0
734;08:11:20;24,8;24,4;0
735;08:11:21;25,2;24,6;0
736;08:11:22;25,6;24,5;0
737;08:11:23;26;24,5;0
738;08:11:24;26,4;24,6;0
739;08:11:25;26,9;24,6;0
740;08:11:26;27,3;24,4;0
741;08:11:27;27,7;24,6;0
742;08:11:28;28,1;24,5;0
743;08:11:29;28,5;24,4;0
744;08:11:30;28,9;24,6;0
745;08:11:31;29,3;24,5;0
746;08:11:32;29,7;24,5;0
747;08:11:33;30,1;24,6;0
748;08:11:34;30,5;24,5;0
749;08:11:35;30,9;24,4;0
750;08:11:36;31,3;24,5;0
751;08:11:37;31,8;24,5;0
752;08:11:38;32,2;24,4;0
753;08:11:39;32,6;24,5;0
754;08:11:40;33;24,5;0
755;08:11:41;33,4;24,4;0
756;08:11:42;33,8;24,6;0
757;08:11:43;34,2;24,7;0
758;08:11:44;34,6;24,4;0
759;08:11:45;35;24,5;0
760;08:11:46;35,4;24,6;0
761;08:11:47;35,8;24,4;0
762;08:11:48;36,3;24,6;0
763;08:11:49;36,7;24,6;0
764;08:11:50;37,1;24,5;0
765;08:11:51;37,5;24,6;0
766;08:11:52;37,9;24,7;0
767;08:11:53;38,3;24,5;0
768;08:11:54;38,7;24,4;0
769;08:11:55;39,1;24,6;0
770;08:11:56;39,5;24,4;0
771;08:11:57;39,9;24,6;0
772;08:11:58;40,3;24,7;0
773;08:11:59;40,8;24,5;0
774;08:12:00;41,2;24,6;0
775;08:12:01;41,6;24,7;0
776;08:12:02;42;24,5;0
777;08:12:03;42,4;24,5;0
778;08:12:04;42,8;24,6;0
779;08:12:05;43,2;24,6;0
780;08:12:06;43,6;24,6;0
781;08:12:07;44;24,7;0
782;08:12:08;44,4;24,6;0
783;08:12:09;44,9;24,6;0
784;08:12:10;45,3;24,7;0
785;08:12:11;45,7;24,6;0
786;08:12:12;46,1;24,4;0
787;08:12:13;46,5;24,7;0
788;08:12:14;46,9;24,6;0
789;08:12:15;47,3;24,4;0
790;08:12:16;47,7;24,6;0
791;08:12:17;48,1;24,7;0
792;08:12:18;48,5;24,5;0
793;08:12:19;49;24,7;0
794;08:12:20;49,4;24,6;0
795;08:12:21;49,8;24,5;0
796;08:12:22;50,2;24,6;0
797;08:12:23;50,6;24,7;0
798;08:12:24;51;24,6;0
799;08:12:25;51,4;24,7;0
800;08:12:26;51,8;24,8;0
801;08:12:27;52,2;24,6;0
802;08:12:28;52,7;24,7;0
803;08:12:29;53,1;24,7;0
804;08:12:30;53,5;24,6;0
805;08:12:31;53,9;24,6;0
806;08:12:32;54,3;24,7;0
807;08:12:33;54,7;24,6;0
808;08:12:34;55,1;24,6;0
809;08:12:35;55,5;24,8;0
810;08:12:36;55,9;24,7;0
811;08:12:37;56,3;24,6;0
812;08:12:38;56,8;24,6;0
813;08:12:39;57,2;24,7;0
814;08:12:40;57,6;24,5;0
815;08:12:41;58;24,7;0
816;08:12:42;58,4;24,7;0
817;08:12:43;58,8;24,6;0
818;08:12:44;59,2;24,8;0
819;08:12:45;59,6;24,8;0
820;08:12:46;60,1;24,6;0
821;08:12:47;60,5;24,7;0
822;08:12:48;60,9;24,7;0
823;08:12:49;61,3;24,6;0
824;08:12:50;61,7;24,7;0
825;08:12:51;62,1;24,8;0
826;08:12:52;62,5;24,6;0
827;08:12:53;62,9;24,7;0
828;08:12:54;63,3;24,8;0
829;08:12:55;63,8;24,6;0
830;08:12:56;64,2;24,6;0
831;08:12:57;64,6;24,7;0
832;08:12:58;65;24,6;0
833;08:12:59;65,4;24,6;0
834;08:13:00;65,8;24,8;0
835;08:13:01;66,2;24,6;0
836;08:13:02;66,6;24,7;0
837;08:13:03;67;24,8;0
838;08:13:04;67,5;24,7;0
839;08:13:05;67,9;24,6;0
840;08:13:06;68,3;24,8;0
841;08:13:07;68,7;24,7;0
842;08:13:08;69,1;24,6;0
843;08:13:09;69,5;24,8;0
844;08:13:10;69,9;24,9;0
845;08:13:11;70,3;24,7;0
846;08:13:12;70,8;24,8;0
847;08:13:13;71,2;24,7;0
848;08:13:14;71,6;24,6;0
849;08:13:15;72;24,7;0
850;08:13:16;72,4;24,8;0
851;08:13:17;72,8;24,6;0
852;08:13:18;73,2;24,7;0
853;08:13:19;73,6;24,9;0
854;08:13:20;74,1;24,6;0
855;08:13:21;74,5;24,8;0
856;08:13:22;74,9;24,8;0
857;08:13:23;75,3;24,7;0
858;08:13:24;75,7;24,7;0
859;08:13:25;76,1;24,8;0
860;08:13:26;76,5;24,7;0
861;08:13:27;76,9;24,7;0
862;08:13:28;77,3;24,9;0
863;08:13:29;77,8;24,8;0
864;08:13:30;78,2;24,7;0
865;08:13:31;78,6;24,7;0
866;08:13:32;79;24,7;0
867;08:13:33;79,4;24,6;0
868;08:13:34;79,8;24,8;0
869;08:13:35;80,2;24,8;0
870;08:13:36;80,6;24,6;0
871;08:13:37;81,1;24,8;0
872;08:13:38;81,5;24,8;0
873;08:13:39;81,9;24,7;0
874;08:13:40;82,3;24,7;0
875;08:13:41;82,7;24,9;0
876;08:13:42;83,1;24,6;0
877;08:13:43;83,5;24,8;0
878;08:13:44;83,9;24,9;0
879;08:13:45;84,4;24,7;0
880;08:13:46;84,8;24,8;0
881;08:13:47;85,2;24,8;0
882;08:13:48;85,6;24,7;0
883;08:13:49;86;24,6;0
884;08:13:50;86,4;24,8;0
885;08:13:51;86,8;24,8;0
886;08:13:52;87,3;24,7;0
887;08:13:53;87,7;24,8;0
888;08:13:54;88,1;24,8;0
889;08:13:55;88,5;24,7;0
890;08:13:56;88,9;24,8;0
891;08:13:57;89,3;24,8;0
892;08:13:58;89,7;24,6;0
893;08:13:59;90,1;24,7;0
894;08:14:00;90,6;24,9;0
895;08:14:01;91;24,7;0
896;08:14:02;91,4;24,8;0
897;08:14:03;91,8;25;0
898;08:14:04;92,2;24,7;0
899;08:14:05;92,6;24,8;0
900;08:14:06;93;24,8;0
901;08:14:07;93,5;24,8;0
902;08:14:08;93,9;24,8;0
903;08:14:09;94,3;24,8;0
904;08:14:10;94,7;24,8;0
905;08:14:11;95,1;24,7;0
906;08:14:12;95,5;25;0
907;08:14:13;95,9;24,8;0
908;08:14:14;96,3;24,7;0
909;08:14:15;96,8;24,8;0
910;08:14:16;97,2;24,8;0
911;08:14:17;97,6;24,7;0
912;08:14:18;98;24,9;0
913;08:14:19;98,4;24,9;0
914;08:14:20;98,8;24,7;0
915;08:14:21;99,2;24,9;0
916;08:14:22;99,7;25;0
917;08:14:23;100,1;24,8;0
918;08:14:24;100,5;24,7;0
919;08:14:25;100,9;24,9;0
920;08:14:26;101,3;24,7;0
921;08:14:27;101,7;24,8;0
922;08:14:28;102,1;25;0
923;08:14:29;102,6;24,8;0
924;08:14:30;103;24,8;0
925;08:14:31;103,4;24,9;0
926;08:14:32;103,8;24,8;0
927;08:14:33;104,2;24,7;0
928;08:14:34;104,6;24,8;0
929;08:14:35;105;24,8;0
930;08:14:36;105,4;24,7;0
931;08:14:37;105,9;24,9;0
932;08:14:38;106,3;25;0
933;08:14:39;106,7;24,8;0
934;08:14:40;107,1;24,8;0
935;08:14:41;107,5;24,9;0
936;08:14:42;107,9;24,7;0
937;08:14:43;108,3;24,8;0
938;08:14:44;108,8;24,9;0
939;08:14:45;109,2;24,7;0
940;08:14:46;109,6;24,8;0
941;08:14:47;110;25;0
942;08:14:48;110,4;24,8;0
943;08:14:49;110,8;24,8;0
944;08:14:50;111,2;24,8;0
945;08:14:51;111,7;24,8;0
946;08:14:52;112,1;24,6;0
947;08:14:53;112,5;24,4;0
948;08:14:54;112,9;24,4;0
949;08:14:55;113,3;24,3;0
950;08:14:56;113,7;24,5;0
951;08:14:57;114,1;24,4;0
952;08:14:58;114,5;24,3;0
953;08:14:59;114,9;24,4;0
954;08:15:00;115,3;24,9;0
955;08:15:01;115,7;24,8;0
956;08:15:02;116,2;24,9;0
957;08:15:03;116,6;25;0
958;08:15:04;117;24,8;0
959;08:15:05;117,4;24,9;0
960;08:15:06;117,8;25;0
961;08:15:07;118,2;24,8;0
962;08:15:08;118,6;24,8;0
963;08:15:09;119,1;24,8;0
964;08:15:10;119,5;24,8;0
965;08:15:11;119,9;24,8;0
966;08:15:12;120,3;24,8;0
967;08:15:13;120,7;25;0
968;08:15:14;121,1;24,8;0
969;08:15:15;121,5;24,8;0
970;08:15:16;122;25,1;0
971;08:15:17;122,4;24,7;0
972;08:15:18;122,8;24,8;0
973;08:15:19;123,2;25;0
974;08:15:20;123,6;24,8;0
975;08:15:21;124;24,8;0
976;08:15:22;124,4;24,9;0
977;08:15:23;124,9;25;0
978;08:15:24;125,3;24,8;0
979;08:15:25;125,7;24,9;0
980;08:15:26;126,1;24,9;0
981;08:15:27;126,5;24,7;0
982;08:15:28;126,9;24,9;0
983;08:15:29;127,3;24,9;0
984;08:15:30;127,8;24,8;0
985;08:15:31;128,2;24,8;0
986;08:15:32;128,6;25;0
987;08:15:33;129;24,8;0
988;08:15:34;129,4;24,8;0
989;08:15:35;129,8;24,9;0
990;08:15:36;130,2;24,8;0
991;08:15:37;130,7;24,8;0
992;08:15:38;131,1;24,9;0
993;08:15:39;131,5;24,9;0
994;08:15:40;131,9;24,8;0
995;08:15:41;132,3;25;0
996;08:15:42;132,7;25;0
997;08:15:43;133,1;24,7;0
998;08:15:44;133,6;24,8;0
999;08:15:45;134;24,9;0
1000;08:15:46;134,4;24,8;0
1001;08:15:47;134,8;25;0
1002;08:15:48;135,2;24,8;0
1003;08:15:49;135,6;24,9;0
1004;08:15:50;136;24,8;0
1005;08:15:51;136,5;25,1;0
1006;08:15:52;136,9;24,8;0
1007;08:15:53;137,3;24,7;0
1008;08:15:54;137,7;25;0
1009;08:15:55;138,1;24,8;0
1010;08:15:56;138,5;24,9;0
1011;08:15:57;138,9;25;0
1012;08:15:58;139,4;25;0
1013;08:15:59;139,8;24,8;0
1014;08:16:00;140,2;25;0
1015;08:16:01;140,6;25;0
1016;08:16:02;141;24,7;0
1017;08:16:03;141,4;24,9;0
1018;08:16:04;141,8;24,9;0
1019;08:16:05;142,3;24,9;0
1020;08:16:06;142,7;24,8;0
1021;08:16:07;143,1;25,1;0
1022;08:16:08;143,5;24,8;0
1023;08:16:09;143,9;24,9;0
1024;08:16:10;144,3;24,9;0
1025;08:16:11;144,8;24,8;0
1026;08:16:12;145,2;24,8;0
1027;08:16:13;145,6;24,9;0
1028;08:16:14;146;24,9;0
1029;08:16:15;146,4;24,8;0
1030;08:16:16;146,8;25;0
1031;08:16:17;147,2;25;0
1032;08:16:18;147,7;24,8;0
1033;08:16:19;148,1;25;0
1034;08:16:20;148,5;24,9;0
1035;08:16:21;148,9;24,8;0
1036;08:16:22;149,3;24,8;0
1037;08:16:23;149,7;25;0
1038;08:16:24;150,1;24,8;0
1039;08:16:25;150,6;24,9;0
1040;08:16:26;151;25,1;0
1041;08:16:27;151,4;24,8;0
1042;08:16:28;151,8;24,8;0
1043;08:16:29;152,2;25;0
1044;08:16:30;152,6;24,9;0
1045;08:16:31;153,1;24,8;0
1046;08:16:32;153,5;25;0
1047;08:16:33;153,9;24,9;0
1048;08:16:34;154,3;24,9;0
1049;08:16:35;154,7;24,9;0
1050;08:16:36;155,1;25;0
1051;08:16:37;155,5;24,8;0
1052;08:16:38;156;24,8;0
1053;08:16:39;156,4;25,1;0
1054;08:16:40;156,8;24,8;0
1055;08:16:41;157,2;25;0
1056;08:16:42;157,6;25;0
1057;08:16:43;158;24,9;0
1058;08:16:44;158,5;24,9;0
1059;08:16:45;158,9;25;0
1060;08:16:46;159,3;24,8;0
1061;08:16:47;159,7;24,8;0
1062;08:16:48;160,1;25;0
1063;08:16:49;160,5;24,8;0
1064;08:16:50;160,9;24,9;0
1065;08:16:51;161,4;25;0
1066;08:16:52;161,8;25;0
1067;08:16:53;162,2;24,8;0
1068;08:16:54;162,6;25;0
1069;08:16:55;163;24,9;0
1070;08:16:56;163,4;24,8;0
1071;08:16:57;163,8;25;0
1072;08:16:58;164,3;25;0
1073;08:16:59;164,7;25;0
1074;08:17:00;165,1;24,9;0
1075;08:17:01;165,5;25,1;0
1076;08:17:02;165,9;24,8;0
1077;08:17:03;166,3;24,8;0
1078;08:17:04;166,8;25;0
1079;08:17:05;167,2;24,9;0
1080;08:17:06;167,6;24,8;0
1081;08:17:07;168;25;0
1082;08:17:08;168,4;24,9;0
1083;08:17:09;168,8;24,8;0
1084;08:17:10;169,2;25;0
1085;08:17:11;169,7;25;0
1086;08:17:12;170,1;24,8;0
1087;08:17:13;170,5;24,8;0
1088;08:17:14;170,9;25,1;0
1089;08:17:15;171,3;24,8;0
1090;08:17:16;171,7;25;0
1091;08:17:17;172,2;25;0
1092;08:17:18;172,6;24,9;0
1093;08:17:19;173;24,9;0
1094;08:17:20;173,4;25;0
1095;08:17:21;173,8;24,8;0
1096;08:17:22;174,2;24,9;0
1097;08:17:23;174,6;25;0
1098;08:17:24;175,1;24,9;0
1099;08:17:25;175,5;24,9;0
1100;08:17:26;175,9;25;0
1101;08:17:27;176,3;25;0
1102;08:17:28;176,7;24,8;0
1103;08:17:29;177,1;25;0
1104;08:17:30;177,6;24,9;0
1105;08:17:31;178;24,9;0
1106;08:17:32;178,4;24,9;0
1107;08:17:33;178,8;25,1;0
1108;08:17:34;179,2;24,9;0
1109;08:17:35;179,6;25;0
1110;08:17:36;180,1;25,1;0
1111;08:17:37;180,5;24,9;0
1112;08:17:38;180,9;24,8;0
1113;08:17:39;181,3;25;0
1114;08:17:40;181,7;24,9;0
1115;08:17:41;182,1;24,8;0
1116;08:17:42;182,5;25,1;0
1117;08:17:43;183;25;0
1118;08:17:44;183,4;24,9;0
1119;08:17:45;183,8;25;0
1120;08:17:46;184,2;25;0
1121;08:17:47;184,6;24,7;0
1122;08:17:48;185;25;0
1123;08:17:49;185,5;25;0
1124;08:17:50;185,9;25;0
1125;08:17:51;186,3;24,8;0
1126;08:17:52;186,7;25,1;0
1127;08:17:53;187,1;24,9;0
1128;08:17:54;187,5;25;0
1129;08:17:55;187,9;25;0
1130;08:17:56;188,4;24,9;0
1131;08:17:57;188,8;24,8;0
1132;08:17:58;189,2;25;0
1133;08:17:59;189,6;25;0
1134;08:18:00;190;24,9;0
1135;08:18:01;190,4;25,1;0
1136;08:18:02;190,9;25,1;0
1137;08:18:03;191,3;24,8;0
1138;08:18:04;191,7;24,8;0
1139;08:18:05;192,1;25;0
1140;08:18:06;192,5;24,8;0
1141;08:18:07;192,9;25;0
1142;08:18:08;193,4;25;0
1143;08:18:09;193,8;25;0
1144;08:18:10;194,2;24,9;0
1145;08:18:11;194,6;25,1;0
1146;08:18:12;195;24,8;0
1147;08:18:13;195,4;24,9;0
1148;08:18:14;195,8;25;0
1149;08:18:15;196,3;25;0
1150;08:18:16;196,7;24,8;0
1151;08:18:17;197,1;25,1;0
1152;08:18:18;197,5;25;0
1153;08:18:19;197,9;25;0
1154;08:18:20;198,3;24,9;0
1155;08:18:21;198,8;25,1;0
1156;08:18:22;199,2;24,8;0
1157;08:18:23;199,6;25;0
1158;08:18:24;200;25;0
1159;08:18:25;200,4;24,9;0
1160;08:18:26;200,8;25;0
1161;08:18:27;201,3;25,1;0
1162;08:18:28;201,7;24,9;0
1163;08:18:29;202,1;24,9;0
1164;08:18:30;202,5;25;0
1165;08:18:31;202,9;25;0
1166;08:18:32;203,3;24,9;0
1167;08:18:33;203,8;25;0
1168;08:18:34;204,2;25,1;0
1169;08:18:35;204,6;24,9;0
1170;08:18:36;205;25,1;0
1171;08:18:37;205,4;25,1;0
1172;08:18:38;205,8;24,9;0
1173;08:18:39;206,2;24,9;0
1174;08:18:40;206,7;25,1;0
1175;08:18:41;207,1;24,8;0
1176;08:18:42;207,5;25;0
1177;08:18:43;207,9;25,1;0
1178;08:18:44;208,3;25;0
1179;08:18:45;208,7;24,9;0
1180;08:18:46;209,2;25,1;0
1181;08:18:47;209,6;24,9;0
1182;08:18:48;210;24,9;0
1183;08:18:49;210,4;24,9;0
1184;08:18:50;210,8;25,1;0
1185;08:18:51;211,2;24,8;0
1186;08:18:52;211,7;25,1;0
1187;08:18:53;212,1;25,1;0
1188;08:18:54;212,5;25;0
1189;08:18:55;212,9;25;0
1190;08:18:56;213,3;25,1;0
1191;08:18:57;213,7;24,8;0
1192;08:18:58;214,2;25;0
1193;08:18:59;214,6;25;0
1194;08:19:00;215;25;0
1195;08:19:01;215,4;24,9;0
1196;08:19:02;215,8;25,1;0
1197;08:19:03;216,2;25;0
1198;08:19:04;216,7;25;0
1199;08:19:05;217,1;25;0
1200;08:19:06;217,5;24,9;0
1201;08:19:07;217,9;24,9;0
1202;08:19:08;218,3;25;0
1203;08:19:09;218,7;25,1;0
1204;08:19:10;219,1;24,8;0
1205;08:19:11;219,6;25;0
1206;08:19:12;220;25,1;0
1207;08:19:13;220,4;24,9;0
1208;08:19:14;220,8;24,8;0
1209;08:19:15;221,2;25,1;0
1210;08:19:16;221,6;24,8;0
1211;08:19:17;222,1;24,9;0
1212;08:19:18;222,5;25,1;0
1213;08:19:19;222,9;25;0
1214;08:19:20;223,3;25;0
1215;08:19:21;223,7;25;0
1216;08:19:22;224,1;25,1;0
1217;08:19:23;224,6;25;0
1218;08:19:24;225;24,9;0
1219;08:19:25;225,4;25;0
1220;08:19:26;225,8;25,1;0
1221;08:19:27;226,2;24,8;0
1222;08:19:28;226,6;25;0
1223;08:19:29;227,1;25,1;0
1224;08:19:30;227,5;25;0
1225;08:19:31;227,9;25;0
1226;08:19:32;228,3;25,1;0
1227;08:19:33;228,7;25;0
1228;08:19:34;229,1;24,9;0
1229;08:19:35;229,6;25;0
1230;08:19:36;230;25;0
1231;08:19:37;230,4;24,9;0
1232;08:19:38;230,8;25,1;0
1233;08:19:39;231,2;25,1;0
1234;08:19:40;231,6;24,9;0
1235;08:19:41;232,1;25;0
1236;08:19:42;232,5;25;0
1237;08:19:43;232,9;24,8;0
1238;08:19:44;233,3;25;0
1239;08:19:45;233,7;25;0
1240;08:19:46;234,1;24,9;0
1241;08:19:47;234,5;24,9;0
1242;08:19:48;235;25,1;0
1243;08:19:49;235,4;24,9;0
1244;08:19:50;235,8;24,8;0
1245;08:19:51;236,2;25;0
1246;08:19:52;236,6;24,9;0
1247;08:19:53;237;24,8;0
1248;08:19:54;237,5;25;0
1249;08:19:55;237,9;25;0
1250;08:19:56;238,3;24,9;0
1251;08:19:57;238,7;25,1;0
1252;08:19:58;239,1;25;0
1253;08:19:59;239,5;24,7;0
1254;08:20:00;239,9;24,7;0
1255;08:20:01;240,3;24,8;0
1256;08:20:02;240,7;23,3;0
1257;08:20:03;241;20,6;0
1258;08:20:04;241,3;19,8;0
1259;08:20:05;241,7;19,3;0
1260;08:20:06;242;18,5;0
1261;08:20:07;242,3;18,1;0
1262;08:20:08;242,6;18,1;0
1263;08:20:09;242,9;17,9;0
1264;08:20:10;243,2;17,9;0
1265;08:20:11;243,4;17,8;0
1266;08:20:12;243,7;17,8;0
1267;08:20:13;244;17,8;0
1268;08:20:14;244,3;17,7;0
1269;08:20:15;244,6;17,7;0
1270;08:20:16;244,9;17,7;0
1271;08:20:17;245,2;17,7;0
1272;08:20:18;245,5;17,5;0
1273;08:20:19;245,8;17,7;0
1274;08:20:20;246,1;17,5;0
1275;08:20:21;246,4;17,7;0
1276;08:20:22;246,7;17,4;0
1277;08:20:23;247;17,5;0
1278;08:20:24;247,3;17,4;0
1279;08:20:25;247,6;17,5;0
1280;08:20:26;247,8;17,2;0
1281;08:20:27;247,8;10,2;0
1282;08:20:28;247,8;0;0
1283;08:20:29;247,8;0;0
1284;08:20:30;247,8;0;0
1285;08:20:31;247,8;0;0
1286;08:20:32;247,8;0;0
1287;08:20:33;247,8;0;0
1288;08:20:34;247,8;0;0
1289;08:20:35;247,8;0;0
1290;08:20:36;247,8;0;0
1291;08:20:37;247,8;0;0
1292;08:20:38;247,8;0;0
1293;08:20:39;247,8;0;0
1294;08:20:40;247,8;0;0
1295;08:20:41;247,8;0;0
1296;08:20:42;247,8;0;0
1297;08:20:43;247,8;0;0
1298;08:20:44;247,8;0;0
1299;08:20:45;247,8;0;0
1300;08:20:46;247,6;4;0
1301;08:20:47;247,3;13,6;0
1302;08:20:48;247;16,8;0
1303;08:20:49;246,7;17,2;0
1304;08:20:50;246,5;16,9;0
1305;08:20:51;246,2;17,1;0
1306;08:20:52;245,9;16,9;0
1307;08:20:53;245,6;17,2;20,305
1308;08:20:54;245,5;13,9;0
1309;08:20:55;245,5;0,7;0
1310;08:20:56;245,5;0;0
1311;08:20:57;245,5;0;0
1312;08:20:58;245,5;0;47,16
1313;08:20:59;245,5;0;60,26
1314;08:21:00;245,6;0,1;80,565
1315;08:21:01;245,7;4,1;174,885
1316;08:21:02;245,9;8,9;369,42
1317;08:21:03;246,1;10,4;382,52
1318;08:21:04;246,2;11,3;282,305
1319;08:21:05;246,4;11,2;127,725
1320;08:21:06;246,6;10,9;26,855
1321;08:21:07;246,8;11;0
1322;08:21:08;247;10,6;0
1323;08:21:09;247,1;10,5;0
1324;08:21:10;247,3;10,4;0
1325;08:21:11;247,5;10,5;0
1326;08:21:12;247,7;10,3;0
1327;08:21:13;247,7;8,8;0
1328;08:21:14;247,7;1,8;0
1329;08:21:15;247,7;0;0
1330;08:21:16;247,7;0;0
1331;08:21:17;247,7;0;0
1332;08:21:18;247,7;0;0
1333;08:21:19;247,7;0;0
1334;08:21:20;247,7;0;0
1335;08:21:21;247,7;0;0
1336;08:21:22;247,7;0;0
1337;08:21:23;247,7;0;0
1338;08:21:24;247,7;0;0
1339;08:21:25;247,7;0;0
1340;08:21:26;247,7;0;0
1341;08:21:27;247,8;1,7;0
1342;08:21:28;247,8;0;0
1343;08:21:29;247,8;0;0
1344;08:21:30;247,8;0;0
1345;08:21:31;247,8;0;0
1346;08:21:32;247,8;0;0
1347;08:21:33;247,8;0;0
1348;08:21:34;247,8;0;0
1349;08:21:35;247,8;0;0
1350;08:21:36;247,8;0;0
1351;08:21:37;247,8;0;0
1352;08:21:38;247,8;0;0
1353;08:21:39;247,8;0;0
1354;08:21:40;247,8;0;0
1355;08:21:41;247,8;0;0
1356;08:21:42;247,8;0;0
1357;08:21:43;247,8;0;0
1358;08:21:44;247,8;0;0
1359;08:21:45;247,8;0;0
1360;08:21:46;247,8;0;0
1361;08:21:47;247,8;0;0
1362;08:21:48;247,8;0;0
1363;08:21:49;247,8;0;0
1364;08:21:50;247,8;0;0
1365;08:21:51;247,8;0;0
1366;08:21:52;247,8;0;0
1367;08:21:53;247,8;0;0
1368;08:21:54;247,8;0;0
1369;08:21:55;247,8;0;0
1370;08:21:56;247,8;0;0
1371;08:21:57;247,8;0;0
1372;08:21:58;247,8;0;0
1373;08:21:59;247,8;0;0
1374;08:22:00;247,8;0;0
1375;08:22:01;247,8;0;0
1376;08:22:02;247,8;0;0
1377;08:22:03;247,8;0;0
1378;08:22:04;247,8;0;0
1379;08:22:05;247,8;0;0
1380;08:22:06;247,8;0;0
1381;08:22:07;247,8;0;0
1382;08:22:08;247,8;0;0
1383;08:22:09;247,8;0;0
1384;08:22:10;247,8;0;0
1385;08:22:11;247,8;0;0
1386;08:22:12;247,8;0;0
1387;08:22:13;247,8;0;0
1388;08:22:14;247,8;0;0
1389;08:22:15;247,8;0;0
1390;08:22:16;247,8;0;0
1391;08:22:17;247,8;0;0
1392;08:22:18;247,8;0;0
1393;08:22:19;247,8;0;0
1394;08:22:20;247,8;0;0
1395;08:22:21;247,8;0;0
1396;08:22:22;247,8;0;0
1397;08:22:23;247,8;0;0
1398;08:22:24;247,8;0;0
1399;08:22:25;247,8;0;0
1400;08:22:26;247,8;0;0
1401;08:22:27;247,8;0;0
1402;08:22:28;247,8;0;0
1403;08:22:29;247,8;0;0
1404;08:22:30;247,8;0;0
1405;08:22:31;247,8;0;0
1406;08:22:32;247,8;0;0
1407;08:22:33;247,8;0;0
1408;08:22:34;247,8;0;0
1409;08:22:35;247,8;0;0
1410;08:22:36;247,8;0;0
1411;08:22:37;247,8;0;0
1412;08:22:38;247,8;0;0
1413;08:22:39;247,8;0;0
1414;08:22:40;247,8;0;0
1415;08:22:41;247,8;0;0
1416;08:22:42;247,8;0;0
1417;08:22:43;247,8;0;0
1418;08:22:44;247,8;0;0
1419;08:22:45;247,8;0;0
1420;08:22:46;247,8;0;0
1421;08:22:47;247,8;0;0
1422;08:22:48;247,8;0;0
1423;08:22:49;247,8;0;0
1424;08:22:50;247,8;0;0
1425;08:22:51;247,8;0;0
1426;08:22:52;247,8;0;0
1427;08:22:53;247,8;0;0
1428;08:22:54;247,8;0;0
1429;08:22:55;247,8;0;0
1430;08:22:56;247,8;0;0
1431;08:22:57;247,8;0;0
1432;08:22:58;247,8;0;0
1433;08:22:59;247,8;0;0
1434;08:23:00;247,8;0;0
1435;08:23:01;247,8;0;0
1436;08:23:02;247,8;0;0
1437;08:23:03;247,8;0;0
1438;08:23:04;247,8;0;0
1439;08:23:05;247,8;0;0
1440;08:23:06;247,8;0;0
1441;08:23:07;247,8;0;0
1442;08:23:08;247,8;0;0
1443;08:23:09;247,8;0;0
1444;08:23:10;247,8;0;0
1445;08:23:11;247,8;0;0
1446;08:23:12;247,8;0;0
1447;08:23:13;247,8;0;0
1448;08:23:14;247,8;0;0
1449;08:23:15;247,8;0;0
1450;08:23:16;247,8;0;0
1451;08:23:17;247,8;0;0
1452;08:23:18;247,8;0;0
1453;08:23:19;247,8;0;0
1454;08:23:20;247,8;0;0
1455;08:23:21;247,8;0;0
1456;08:23:22;247,8;0;0
1457;08:23:23;247,8;0;0
1458;08:23:24;247,8;0;0
1459;08:23:25;247,8;0;0
1460;08:23:26;247,8;0;0
1461;08:23:27;247,8;0;0
1462;08:23:28;247,8;0;0
1463;08:23:29;247,8;0;0
1464;08:23:30;247,8;0;0
1465;08:23:31;247,8;0;0
1466;08:23:32;247,8;0;0
1467;08:23:33;247,8;0;0
1468;08:23:34;247,8;0;0
1469;08:23:35;247,8;0;0
1470;08:23:36;247,8;0;0
1471;08:23:37;247,8;0;0
1472;08:23:38;247,8;0;0
1473;08:23:39;247,8;0;0
1474;08:23:40;247,8;0;0
1475;08:23:41;247,8;0;0
1476;08:23:42;247,8;0;0
1477;08:23:43;247,8;0;0
1478;08:23:44;247,8;0;0
1479;08:23:45;247,8;0;0
1480;08:23:46;247,8;0;0
1481;08:23:47;247,8;0;0
1482;08:23:48;247,8;0;0
1483;08:23:49;247,8;0;0
1484;08:23:50;247,8;0;0
1485;08:23:51;247,8;0;0
1486;08:23:52;247,8;0;0
1487;08:23:53;247,8;0;0
1488;08:23:54;247,8;0;0
1489;08:23:55;247,8;0;0
1490;08:23:56;247,8;0;0
1491;08:23:57;247,8;0;0
1492;08:23:58;247,8;0;0
1493;08:23:59;247,8;0;0
1494;08:24:00;247,8;0;0
1495;08:24:01;247,8;0;0
1496;08:24:02;247,8;0;0
1497;08:24:03;247,8;0;0
1498;08:24:04;247,8;0;0
1499;08:24:05;247,8;0;0
1500;08:24:06;247,8;0;0
1501;08:24:07;247,8;0;0
1502;08:24:08;247,8;0;0
1503;08:24:09;247,8;0;0
1504;08:24:10;247,8;0;0
1505;08:24:11;247,8;0;0
1506;08:24:12;247,8;0;0
1507;08:24:13;247,8;0;0
1508;08:24:14;247,8;0;0
1509;08:24:15;247,8;0;0
1510;08:24:16;247,8;0;0
1511;08:24:17;247,8;0;0
1512;08:24:18;247,8;0;0
1513;08:24:19;247,8;0;0
1514;08:24:20;247,8;0;0
1515;08:24:21;247,8;0;0
1516;08:24:22;247,8;0;0
1517;08:24:23;247,8;0;0
1518;08:24:24;247,8;0;0
1519;08:24:25;247,8;0;0
1520;08:24:26;247,8;0;0
1521;08:24:27;247,8;0;0
1522;08:24:28;247,8;0;0
1523;08:24:29;247,8;0;0
1524;08:24:30;247,8;0;0
1525;08:24:31;247,8;0;0
1526;08:24:32;247,8;0;0
1527;08:24:33;247,8;0;0
1528;08:24:34;247,8;0;0
1529;08:24:35;247,8;0;0
1530;08:24:36;247,8;0;0
1531;08:24:37;247,8;0;0
1532;08:24:38;247,8;0;0
1533;08:24:39;247,8;0;0
1534;08:24:40;247,8;0;0
1535;08:24:41;247,8;0;0
1536;08:24:42;247,8;0;0
1537;08:24:43;247,8;0;0
1538;08:24:44;247,8;0;0
1539;08:24:45;247,8;0;0
1540;08:24:46;247,8;0;0
1541;08:24:47;247,8;0;0
1542;08:24:48;247,8;0;0
1543;08:24:49;247,8;0;0
1544;08:24:50;247,8;0;0
1545;08:24:51;247,8;0;0
1546;08:24:52;247,8;0;0
1547;08:24:53;247,8;0;0
1548;08:24:54;247,8;0;0
1549;08:24:55;247,8;0;0
1550;08:24:56;247,8;0;0
1551;08:24:57;247,8;0;0
1552;08:24:58;247,8;0;0
1553;08:24:59;247,8;0;0
1554;08:25:00;247,8;0;0
1555;08:25:01;247,8;0;0
1556;08:25:02;247,8;0;0
1557;08:25:03;247,8;0;0
1558;08:25:04;247,8;0;0
1559;08:25:05;247,8;0;0
1560;08:25:06;247,8;0;0
1561;08:25:07;247,8;0;0
1562;08:25:08;247,8;0;0
1563;08:25:09;247,8;0;0
1564;08:25:10;247,8;0;0
1565;08:25:11;247,8;0;0
1566;08:25:12;247,8;0;0
1567;08:25:13;247,8;0;0
1568;08:25:14;247,8;0;0
1569;08:25:15;247,8;0;0
1570;08:25:16;247,8;0;0
1571;08:25:17;247,8;0;0
1572;08:25:18;247,8;0;0
1573;08:25:19;247,8;0;0
1574;08:25:20;247,8;0;0
1575;08:25:21;247,8;0;0
1576;08:25:22;247,8;0;0
1577;08:25:23;247,8;0;0
1578;08:25:24;247,8;0;0
1579;08:25:25;247,8;0;0
1580;08:25:26;247,8;0;0
1581;08:25:27;247,8;0;0
1582;08:25:28;247,8;0;0
1583;08:25:29;247,8;0;0
1584;08:25:30;247,8;0;0
1585;08:25:31;247,8;0;0
1586;08:25:32;247,8;0;0
1587;08:25:33;247,8;0;0
1588;08:25:34;247,8;0;0
1589;08:25:35;247,8;0;0
1590;08:25:36;247,8;0;0
1591;08:25:37;247,8;0;0
1592;08:25:38;247,8;0;0
1593;08:25:39;247,8;0;0
1594;08:25:40;247,8;0;0
1595;08:25:41;247,8;0;0
1596;08:25:42;247,8;0;0
1597;08:25:43;247,8;0;0
1598;08:25:44;247,8;0;0
1599;08:25:45;247,8;0;0
1600;08:25:46;247,8;0;0
1601;08:25:47;247,8;0;0
1602;08:25:48;247,8;0;0
1603;08:25:49;247,8;0;0
1604;08:25:50;247,8;0;0
1605;08:25:51;247,8;0;0
1606;08:25:52;247,8;0;0
1607;08:25:53;247,8;0;0
1608;08:25:54;247,8;0;0
1609;08:25:55;247,8;0;0
1610;08:25:56;247,8;0;0
1611;08:25:57;247,8;0;0
1612;08:25:58;247,8;0;0
1613;08:25:59;247,8;0;0
1614;08:26:00;247,8;0;0
1615;08:26:01;247,8;0;0
1616;08:26:02;247,8;0;0
1617;08:26:03;247,8;0;0
1618;08:26:04;247,8;0;0
1619;08:26:05;247,8;0;0
1620;08:26:06;247,8;0;0
1621;08:26:07;247,8;0;0
1622;08:26:08;247,8;0;0
1623;08:26:09;247,8;0;0
1624;08:26:10;247,8;0;0
1625;08:26:11;247,8;0;0
1626;08:26:12;247,8;0;0
1627;08:26:13;247,8;0;0
1628;08:26:14;247,8;0;0
1629;08:26:15;247,8;0;0
1630;08:26:16;247,8;0;0
1631;08:26:17;247,8;0;0
1632;08:26:18;247,8;0;0
1633;08:26:19;247,8;0;0
1634;08:26:20;247,8;0;0
1635;08:26:21;247,8;0;0
1636;08:26:22;247,8;0;0
1637;08:26:23;247,8;0;0
1638;08:26:24;247,8;0;0
1639;08:26:25;247,8;0;0
1640;08:26:26;247,8;0;0
1641;08:26:27;247,8;0;0
1642;08:26:28;247,8;0;0
1643;08:26:29;247,8;0;0
1644;08:26:30;247,8;0;0
1645;08:26:31;247,8;0;0
1646;08:26:32;247,8;0;0
1647;08:26:33;247,8;0;0
1648;08:26:34;247,8;0;0
1649;08:26:35;247,8;0;0
1650;08:26:36;247,8;0;0
1651;08:26:37;247,8;0;0
1652;08:26:38;247,8;0;0
1653;08:26:39;247,8;0;0
1654;08:26:40;247,8;0;0
1655;08:26:41;247,8;0;0
1656;08:26:42;247,8;0;0
1657;08:26:43;247,8;0;0
1658;08:26:44;247,8;0;0
1659;08:26:45;247,8;0;0
1660;08:26:46;247,8;0;0
1661;08:26:47;247,8;0;0
1662;08:26:48;247,8;0;0
1663;08:26:49;247,8;0;0
1664;08:26:50;247,8;0;0
1665;08:26:51;247,8;0;0
1666;08:26:52;247,8;0;0
1667;08:26:53;247,8;0;0
1668;08:26:54;247,8;0;0
1669;08:26:55;247,8;0;0
1670;08:26:56;247,8;0;0
1671;08:26:57;247,8;0;0
1672;08:26:58;247,8;0;0
1673;08:26:59;247,8;0;0
1674;08:27:00;247,8;0;0
1675;08:27:01;247,8;0;0
1676;08:27:02;247,8;0;0
1677;08:27:03;247,8;0;0
1678;08:27:04;247,8;0;0
1679;08:27:05;247,8;0;0
1680;08:27:06;247,8;0;0
1681;08:27:07;247,8;0;0
1682;08:27:08;247,8;0;0
1683;08:27:09;247,8;0;0
1684;08:27:10;247,8;0;0
1685;08:27:11;247,8;0;0
1686;08:27:12;247,8;0;0
1687;08:27:13;247,8;0;0
1688;08:27:14;247,8;0;0
1689;08:27:15;247,8;0;0
1690;08:27:16;247,8;0;0
1691;08:27:17;247,8;0;0
1692;08:27:18;247,8;0;0
1693;08:27:19;247,8;0;0
1694;08:27:20;247,8;0;0
1695;08:27:21;247,8;0;0
1696;08:27:22;247,8;0;0
1697;08:27:23;247,8;0;0
1698;08:27:24;247,8;0;0
1699;08:27:25;247,8;0;0
1700;08:27:26;247,8;0;0
1701;08:27:27;247,8;0;0
1702;08:27:28;247,8;0;0
1703;08:27:29;247,8;0;0
1704;08:27:30;247,8;0;0
1705;08:27:31;247,8;0;0
1706;08:27:32;247,8;0;0
1707;08:27:33;247,8;0;0
1708;08:27:34;247,8;0;0
1709;08:27:35;247,8;0;0
1710;08:27:36;247,8;0;0
1711;08:27:37;247,8;0;0
1712;08:27:38;247,8;0;0
1713;08:27:39;247,8;0;0
1714;08:27:40;247,8;0;0
1715;08:27:41;247,8;0;0
1716;08:27:42;247,8;0;0
1717;08:27:43;247,8;0;0
1718;08:27:44;247,8;0;0
1719;08:27:45;247,8;0;0
1720;08:27:46;247,8;0;0
1721;08:27:47;247,8;0;0
1722;08:27:48;247,8;0;0
1723;08:27:49;247,8;0;0
1724;08:27:50;247,8;0;0
1725;08:27:51;247,8;0;0
1726;08:27:52;247,8;0;0
1727;08:27:53;247,8;0;0
1728;08:27:54;247,8;0;0
1729;08:27:55;247,8;0;0
1730;08:27:56;247,8;0;0
1731;08:27:57;247,8;0;0
1732;08:27:58;247,8;0;0
1733;08:27:59;247,8;0;0
1734;08:28:00;247,8;0;0
1735;08:28:01;247,8;0;0
1736;08:28:02;247,8;0;0
1737;08:28:03;247,8;0;0
1738;08:28:04;247,8;0;0
1739;08:28:05;247,8;0;0
1740;08:28:06;247,8;0;0
1741;08:28:07;247,8;0;0
1742;08:28:08;247,8;0;0
1743;08:28:09;247,8;0;0
1744;08:28:10;247,8;0;0
1745;08:28:11;247,8;0;0
1746;08:28:12;247,8;0;0
1747;08:28:13;247,8;0;0
1748;08:28:14;247,8;0;0
1749;08:28:15;247,8;0;0
1750;08:28:16;247,8;0;0
1751;08:28:17;247,8;0;0
1752;08:28:18;247,8;0;0
1753;08:28:19;247,8;0;0
1754;08:28:20;247,8;0;0
1755;08:28:21;247,8;0;0
1756;08:28:22;247,8;0;0
1757;08:28:23;247,8;0;0
1758;08:28:24;247,8;0;0
1759;08:28:25;247,8;0;0
1760;08:28:26;247,8;0;0
1761;08:28:27;247,8;0;0
1762;08:28:28;247,8;0;0
1763;08:28:29;247,8;0;0
1764;08:28:30;247,8;0;0
1765;08:28:31;247,8;0;0
1766;08:28:32;247,8;0;0
1767;08:28:33;247,8;0;0
1768;08:28:34;247,8;0;0
1769;08:28:35;247,8;0;0
1770;08:28:36;247,8;0;0
1771;08:28:37;247,8;0;0
1772;08:28:38;247,8;0;0
1773;08:28:39;247,8;0;0
1774;08:28:40;247,8;0;0
1775;08:28:41;247,8;0;0
1776;08:28:42;247,8;0;0
1777;08:28:43;247,8;0;0
1778;08:28:44;247,8;0;0
1779;08:28:45;247,8;0;0
1780;08:28:46;247,8;0;0
1781;08:28:47;247,8;0;0
1782;08:28:48;247,8;0;0
1783;08:28:49;247,8;0;0
1784;08:28:50;247,8;0;0
1785;08:28:51;247,8;0;0
1786;08:28:52;247,8;0;0
1787;08:28:53;247,8;0;0
1788;08:28:54;247,8;0;0
1789;08:28:55;247,8;0;0
1790;08:28:56;247,8;0;0
1791;08:28:57;247,8;0;0
1792;08:28:58;247,8;0;0
1793;08:28:59;247,8;0;0
1794;08:29:00;247,8;0;0
1795;08:29:01;247,8;0;0
1796;08:29:02;247,8;0;0
1797;08:29:03;247,8;0;0
1798;08:29:04;247,8;0;0
1799;08:29:05;247,8;0;0
1800;08:29:06;247,8;0;0
1801;08:29:07;247,8;0;0
1802;08:29:08;247,8;0;0
1803;08:29:09;247,8;0;0
1804;08:29:10;247,8;0;0
1805;08:29:11;247,8;0;0
1806;08:29:12;247,8;0;0
1807;08:29:13;247,8;0;0
1808;08:29:14;247,8;0;0
1809;08:29:15;247,8;0;0
1810;08:29:16;247,8;0;0
1811;08:29:17;247,8;0;0
1812;08:29:18;247,8;0;0
1813;08:29:19;247,8;0;0
1814;08:29:20;247,8;0;0
1815;08:29:21;247,8;0;0
1816;08:29:22;247,8;0;0
1817;08:29:23;247,8;0;0
1818;08:29:24;247,8;0;0
1819;08:29:25;247,8;0;0
1820;08:29:26;247,8;0;0
1821;08:29:27;247,8;0;0
1822;08:29:28;247,8;0;0
1823;08:29:29;247,8;0;0
1824;08:29:30;247,8;0;0
1825;08:29:31;247,8;0;0
1826;08:29:32;247,8;0;0
1827;08:29:33;247,8;0;0
1828;08:29:34;247,8;0;0
1829;08:29:35;247,8;0;0
1830;08:29:36;247,8;0;0
1831;08:29:37;247,8;0;0
1832;08:29:38;247,8;0;0
1833;08:29:39;247,8;0;0
1834;08:29:40;247,8;0;0
1835;08:29:41;247,8;0;0
1836;08:29:42;247,8;0;0
1837;08:29:43;247,8;0;0
1838;08:29:44;247,8;0;0
1839;08:29:45;247,8;0;0
1840;08:29:46;247,8;0;0
1841;08:29:47;247,8;0;0
1842;08:29:48;247,8;0;0
1843;08:29:49;247,8;0;0
1844;08:29:50;247,8;0;0
1845;08:29:51;247,8;0;0
1846;08:29:52;247,8;0;0
1847;08:29:53;247,8;0;0
1848;08:29:54;247,8;0;0
1849;08:29:55;247,8;0;0
1850;08:29:56;247,8;0;0
1851;08:29:57;247,8;0;0
1852;08:29:58;247,8;0;0
1853;08:29:59;247,8;0;0
1854;08:30:00;247,8;0;0
1855;08:30:01;247,8;0;0
1856;08:30:02;247,8;0;0
1857;08:30:03;247,8;0;0
1858;08:30:04;247,8;0;0
1859;08:30:05;247,8;0;0
1860;08:30:06;247,8;0;0
1861;08:30:07;247,8;0;0
1862;08:30:08;247,8;0;0
1863;08:30:09;247,8;0;0
1864;08:30:10;247,8;0;0
1865;08:30:11;247,8;0;0
1866;08:30:12;247,8;0;0
1867;08:30:13;247,8;0;0
1868;08:30:14;247,8;0;0
1869;08:30:15;247,8;0;0
1870;08:30:16;247,8;0;0
1871;08:30:17;247,8;0;0
1872;08:30:18;247,8;0;0
1873;08:30:19;247,8;0;0
1874;08:30:20;247,8;0;0
1875;08:30:21;247,8;0;0
1876;08:30:22;247,8;0;0
1877;08:30:23;247,8;0;0
1878;08:30:24;247,8;0;0
1879;08:30:25;247,8;0;0
1880;08:30:26;247,8;0;0
1881;08:30:27;247,8;0;0
1882;08:30:28;247,8;0;0
1883;08:30:29;247,8;0;0
1884;08:30:30;247,8;0;0
1885;08:30:31;247,8;0;0
1886;08:30:32;247,8;0;0
1887;08:30:33;247,8;0;0
1888;08:30:34;247,8;0;0
1889;08:30:35;247,8;0;0
1890;08:30:36;247,8;0;0
1891;08:30:37;247,8;0;0
1892;08:30:38;247,8;0;0
1893;08:30:39;247,8;0;0
1894;08:30:40;247,8;0;0
1895;08:30:41;247,8;0;0
1896;08:30:42;247,8;0;0
1897;08:30:43;247,8;0;0
1898;08:30:44;247,8;0;0
1899;08:30:45;247,8;0;0
1900;08:30:46;247,8;0;0
1901;08:30:47;247,8;0;0
1902;08:30:48;247,8;0;0
1903;08:30:49;247,8;0;0
1904;08:30:50;247,8;0;0
1905;08:30:51;247,8;0;0
1906;08:30:52;247,8;0;0
1907;08:30:53;247,8;0;0
1908;08:30:54;247,8;0;0
1909;08:30:55;247,8;0;0
1910;08:30:56;247,8;0;0
1911;08:30:57;247,8;0;0
1912;08:30:58;247,8;0;0
1913;08:30:59;247,8;0;0
1914;08:31:00;247,8;0;0
1915;08:31:01;247,8;0;0
1916;08:31:02;247,8;0;0
1917;08:31:03;247,8;0;0
1918;08:31:04;247,8;0;0
1919;08:31:05;247,8;0;0
1920;08:31:06;247,8;0;0
1921;08:31:07;247,8;0;0
1922;08:31:08;247,8;0;0
1923;08:31:09;247,8;0;0
1924;08:31:10;247,8;0;0
1925;08:31:11;247,8;0;0
1926;08:31:12;247,8;0;0
1927;08:31:13;247,8;0;0
1928;08:31:14;247,8;0;0
1929;08:31:15;247,8;0;0
1930;08:31:16;247,8;0;0
1931;08:31:17;247,8;0;0
1932;08:31:18;247,8;0;0
1933;08:31:19;247,8;0;0
1934;08:31:20;247,8;0;0
1935;08:31:21;247,8;0;0
1936;08:31:22;247,8;0;0
1937;08:31:23;247,8;0;0
1938;08:31:24;247,8;0;0
1939;08:31:25;247,8;0;0
1940;08:31:26;247,8;0;0
1941;08:31:27;247,8;0;0
1942;08:31:28;247,8;0;0
1943;08:31:29;247,8;0;0
1944;08:31:30;247,8;0;0
1945;08:31:31;247,8;0;0
1946;08:31:32;247,8;0;0
1947;08:31:33;247,8;0;0
1948;08:31:34;247,8;0;0
1949;08:31:35;247,8;0;0
1950;08:31:36;247,8;0;0
1951;08:31:37;247,8;0;0
1952;08:31:38;247,8;0;0
1953;08:31:39;247,8;0;0
1954;08:31:40;247,8;0;0
1955;08:31:41;247,8;0;0
1956;08:31:42;247,8;0;0
1957;08:31:43;247,8;0;0
1958;08:31:44;247,8;0;0
1959;08:31:45;247,8;0;0
1960;08:31:46;247,8;0;0
1961;08:31:47;247,8;0;0
1962;08:31:48;247,8;0;0
1963;08:31:49;247,8;0;0
1964;08:31:50;247,8;0;0
1965;08:31:51;247,8;0;0
1966;08:31:52;247,8;0;0
1967;08:31:53;247,8;0;0
1968;08:31:54;247,8;0;0
1969;08:31:55;247,8;0;0
1970;08:31:56;247,8;0;0
1971;08:31:57;247,8;0;0
1972;08:31:58;247,8;0;0
1973;08:31:59;247,8;0;0
1974;08:32:00;247,8;0;0
1975;08:32:01;247,8;0;0
1976;08:32:02;247,8;0;0
1977;08:32:03;247,8;0;0
1978;08:32:04;247,8;0;0
1979;08:32:05;247,8;0;0
1980;08:32:06;247,8;0;0
1981;08:32:07;247,8;0;0
1982;08:32:08;247,8;0;0
1983;08:32:09;247,8;0;0
1984;08:32:10;247,8;0;0
1985;08:32:11;247,8;0;0
1986;08:32:12;247,8;0;0
1987;08:32:13;247,8;0;0
1988;08:32:14;247,8;0;0
1989;08:32:15;247,8;0;0
1990;08:32:16;247,8;0;0
1991;08:32:17;247,8;0;0
1992;08:32:18;247,8;0;0
1993;08:32:19;247,8;0;0
1994;08:32:20;247,8;0;0
1995;08:32:21;247,8;0;0
1996;08:32:22;247,8;0;0
1997;08:32:23;247,8;0;0
1998;08:32:24;247,8;0;0
1999;08:32:25;247,8;0;0
2000;08:32:26;247,8;0;0
2001;08:32:27;247,8;0;0
2002;08:32:28;247,8;0;0
2003;08:32:29;247,8;0;0
2004;08:32:30;247,8;0;0
2005;08:32:31;247,8;0;0
2006;08:32:32;247,8;0;0
2007;08:32:33;247,8;0;0
2008;08:32:34;247,8;0;0
2009;08:32:35;247,8;0;0
2010;08:32:36;247,8;0;0
2011;08:32:37;247,8;0;0
2012;08:32:38;247,8;0;0
2013;08:32:39;247,8;0;0
2014;08:32:40;247,8;0;0
2015;08:32:41;247,8;0;0
2016;08:32:42;247,8;0;0
2017;08:32:43;247,8;0;0
2018;08:32:44;247,8;0;0
2019;08:32:45;247,8;0;0
2020;08:32:46;247,8;0;0
2021;08:32:47;247,8;0;0
2022;08:32:48;247,8;0;0
2023;08:32:49;247,8;0;0
2024;08:32:50;247,8;0;0
2025;08:32:51;247,8;0;0
2026;08:32:52;247,8;0;0
2027;08:32:53;247,8;0;0
2028;08:32:54;247,8;0;0
2029;08:32:55;247,8;0;0
2030;08:32:56;247,8;0;0
2031;08:32:57;247,8;0;0
2032;08:32:58;247,8;0;0
2033;08:32:59;247,8;0;0
2034;08:33:00;247,8;0;0
2035;08:33:01;247,8;0;0
2036;08:33:02;247,8;0;0
2037;08:33:03;247,8;0;0
2038;08:33:04;247,8;0;0
2039;08:33:05;247,8;0;0
2040;08:33:06;247,8;0;0
2041;08:33:07;247,8;0;0
2042;08:33:08;247,8;0;0
2043;08:33:09;247,8;0;0
2044;08:33:10;247,8;0;0
2045;08:33:11;247,8;0;0
2046;08:33:12;247,8;0;0
2047;08:33:13;247,8;0;0
2048;08:33:14;247,8;0;0
2049;08:33:15;247,8;0;0
2050;08:33:16;247,8;0;0
2051;08:33:17;247,8;0;0
2052;08:33:18;247,8;0;0
2053;08:33:19;247,8;0;0
2054;08:33:20;247,8;0;0
2055;08:33:21;247,8;0;0
2056;08:33:22;247,8;0;0
2057;08:33:23;247,8;0;0
2058;08:33:24;247,8;0;0
2059;08:33:25;247,8;0;0
2060;08:33:26;247,8;0;0
2061;08:33:27;247,8;0;0
2062;08:33:28;247,8;0;0
2063;08:33:29;247,8;0;0
2064;08:33:30;247,8;0;0
2065;08:33:31;247,8;0;0
2066;08:33:32;247,8;0;0
2067;08:33:33;247,8;0;0
2068;08:33:34;247,8;0;0
2069;08:33:35;247,8;0;0
2070;08:33:36;247,8;0;0
2071;08:33:37;247,8;0;0
2072;08:33:38;247,8;0;0
2073;08:33:39;247,8;0;0
2074;08:33:40;247,8;0;0
2075;08:33:41;247,8;0;0
2076;08:33:42;247,8;0;0
2077;08:33:43;247,8;0;0
2078;08:33:44;247,8;0;0
2079;08:33:45;247,8;0;0
2080;08:33:46;247,8;0;0
2081;08:33:47;247,8;0;0
2082;08:33:48;247,8;0;0
2083;08:33:49;247,8;0;0
2084;08:33:50;247,8;0;0
2085;08:33:51;247,8;0;0
2086;08:33:52;247,8;0;0
2087;08:33:53;247,8;0;0
2088;08:33:54;247,8;0;0
2089;08:33:55;247,8;0;0
2090;08:33:56;247,8;0;0
2091;08:33:57;247,8;0;0
2092;08:33:58;247,8;0;0
2093;08:33:59;247,8;0;0
2094;08:34:00;247,8;0;0
2095;08:34:01;247,8;0;0
2096;08:34:02;247,8;0;0
2097;08:34:03;247,8;0;0
2098;08:34:04;247,8;0;0
2099;08:34:05;247,8;0;0
2100;08:34:06;247,8;0;0
2101;08:34:07;247,8;0;0
2102;08:34:08;247,8;0;0
2103;08:34:09;247,8;0;0
2104;08:34:10;247,8;0;0
2105;08:34:11;247,8;0;0
2106;08:34:12;247,8;0;0
2107;08:34:13;247,8;0;0
2108;08:34:14;247,8;0;0
2109;08:34:15;247,8;0;0
2110;08:34:16;247,8;0;0
2111;08:34:17;247,8;0;0
2112;08:34:18;247,8;0;0
2113;08:34:19;247,8;0;0
2114;08:34:20;247,8;0;0
2115;08:34:21;247,8;0;0
2116;08:34:22;247,8;0;0
2117;08:34:23;247,8;0;0
2118;08:34:24;247,8;0;0
2119;08:34:25;247,8;0;0
2120;08:34:26;247,8;0;0
2121;08:34:27;247,8;0;0
2122;08:34:28;247,8;0;0
2123;08:34:29;247,8;0;0
2124;08:34:30;247,8;0;0
2125;08:34:31;247,8;0;0
2126;08:34:32;247,8;0;0
2127;08:34:33;247,8;0;0
2128;08:34:34;247,8;0;0
2129;08:34:35;247,8;0;0
2130;08:34:36;247,8;0;0
2131;08:34:37;247,8;0;0
2132;08:34:38;247,8;0;0
2133;08:34:39;247,8;0;0
2134;08:34:40;247,8;0;0
2135;08:34:41;247,8;0;0
2136;08:34:42;247,8;0;0
2137;08:34:43;247,8;0;0
2138;08:34:44;247,8;0;0
2139;08:34:45;247,8;0;0
2140;08:34:46;247,8;0;0
2141;08:34:47;247,8;0;0
2142;08:34:48;247,8;0;0
2143;08:34:49;247,8;0;0
2144;08:34:50;247,8;0;0
2145;08:34:51;247,8;0;0
2146;08:34:52;247,8;0;0
2147;08:34:53;247,8;0;0
2148;08:34:54;247,8;0;0
2149;08:34:55;247,8;0;0
2150;08:34:56;247,8;0;0
2151;08:34:57;247,8;0;0
2152;08:34:58;247,8;0;0
2153;08:34:59;247,8;0;0
2154;08:35:00;247,8;0;0
2155;08:35:01;247,8;0;0
2156;08:35:02;247,8;0;0
2157;08:35:03;247,8;0;0
2158;08:35:04;247,8;0;0
2159;08:35:05;247,8;0;0
2160;08:35:06;247,8;0;0
2161;08:35:07;247,8;0;0
2162;08:35:08;247,8;0;0
2163;08:35:09;247,8;0;0
2164;08:35:10;247,8;0;0
2165;08:35:11;247,8;0;0
2166;08:35:12;247,8;0;0
2167;08:35:13;247,8;0;0
2168;08:35:14;247,8;0;0
2169;08:35:15;247,8;0;0
2170;08:35:16;247,8;0;0
2171;08:35:17;247,8;0;0
2172;08:35:18;247,8;0;0
2173;08:35:19;247,8;0;0
2174;08:35:20;247,8;0;0
2175;08:35:21;247,8;0;0
2176;08:35:22;247,8;0;0
2177;08:35:23;247,8;0;0
2178;08:35:24;247,8;0;0
2179;08:35:25;247,8;0;0
2180;08:35:26;247,8;0;0
2181;08:35:27;247,8;0;0
2182;08:35:28;247,8;0;0
2183;08:35:29;247,8;0;0
2184;08:35:30;247,8;0;0
2185;08:35:31;247,8;0;0
2186;08:35:32;247,8;0;0
2187;08:35:33;247,8;0;0
2188;08:35:34;247,8;0;0
2189;08:35:35;247,8;0;0
2190;08:35:36;247,8;0;0
2191;08:35:37;247,8;0;0
2192;08:35:38;247,8;0;0
2193;08:35:39;247,8;0;0
2194;08:35:40;247,8;0;0
2195;08:35:41;247,8;0;0
2196;08:35:42;247,8;0;0
2197;08:35:43;247,8;0;0
2198;08:35:44;247,8;0;0
2199;08:35:45;247,8;0;0
2200;08:35:46;247,8;0;0
2201;08:35:47;247,8;0;0
2202;08:35:48;247,8;0;0
2203;08:35:49;247,8;0;0
2204;08:35:50;247,8;0;0
2205;08:35:51;247,8;0;0
2206;08:35:52;247,8;0;0
2207;08:35:53;247,8;0;0
2208;08:35:54;247,8;0;0
2209;08:35:55;247,8;0;0
2210;08:35:56;247,8;0;0
2211;08:35:57;247,8;0;0
2212;08:35:58;247,8;0;0
2213;08:35:59;247,8;0;0
2214;08:36:00;247,8;0;0
2215;08:36:01;247,8;0;0
2216;08:36:02;247,8;0;0
2217;08:36:03;247,8;0;0
2218;08:36:04;247,8;0;0
2219;08:36:05;247,8;0;0
2220;08:36:06;247,8;0;0
2221;08:36:07;247,8;0;0
2222;08:36:08;247,8;0;0
2223;08:36:09;247,8;0;0
2224;08:36:10;247,8;0;0
2225;08:36:11;247,8;0;0
2226;08:36:12;247,8;0;0
2227;08:36:13;247,8;0;0
2228;08:36:14;247,8;0;0
2229;08:36:15;247,8;0;0
2230;08:36:16;247,8;0;0
2231;08:36:17;247,8;0;0
2232;08:36:18;247,8;0;0
2233;08:36:19;247,8;0;0
2234;08:36:20;247,8;0;0
2235;08:36:21;247,8;0;0
2236;08:36:22;247,8;0;0
2237;08:36:23;247,8;0;0
2238;08:36:24;247,8;0;0
2239;08:36:25;247,8;0;0
2240;08:36:26;247,8;0;0
2241;08:36:27;247,8;0;0
2242;08:36:28;247,8;0;0
2243;08:36:29;247,8;0;0
2244;08:36:30;247,8;0;0
2245;08:36:31;247,8;0;0
2246;08:36:32;247,8;0;0
2247;08:36:33;247,8;0;0
2248;08:36:34;247,8;0;0
2249;08:36:35;247,8;0;0
2250;08:36:36;247,8;0;0
2251;08:36:37;247,8;0;0
2252;08:36:38;247,8;0;0
2253;08:36:39;247,8;0;0
2254;08:36:40;247,8;0;0
2255;08:36:41;247,8;0;0
2256;08:36:42;247,8;0;0
2257;08:36:43;247,8;0;0
2258;08:36:44;247,8;0;0
2259;08:36:45;247,8;0;0
2260;08:36:46;247,8;0;0
2261;08:36:47;247,8;0;0
2262;08:36:48;247,8;0;0
2263;08:36:49;247,8;0;0
2264;08:36:50;247,8;0;0
2265;08:36:51;247,8;0;0
2266;08:36:52;247,8;0;0
2267;08:36:53;247,8;0;0
2268;08:36:54;247,8;0;0
2269;08:36:55;247,8;0;0
2270;08:36:56;247,8;0;0
2271;08:36:57;247,8;0;0
2272;08:36:58;247,8;0;0
2273;08:36:59;247,8;0;0
2274;08:37:00;247,8;0;0
2275;08:37:01;247,8;0;0
2276;08:37:02;247,8;0;0
2277;08:37:03;247,8;0;0
2278;08:37:04;247,8;0;0
2279;08:37:05;247,8;0;0
2280;08:37:06;247,8;0;0
2281;08:37:07;247,8;0;0
2282;08:37:08;247,8;0;0
2283;08:37:09;247,8;0;0
2284;08:37:10;247,8;0;0
2285;08:37:11;247,8;0;0
2286;08:37:12;247,8;0;0
2287;08:37:13;247,8;0;0
2288;08:37:14;247,8;0;0
2289;08:37:15;247,8;0;0
2290;08:37:16;247,8;0;0
2291;08:37:17;247,8;0;0
2292;08:37:18;247,8;0;0
2293;08:37:19;247,8;0;0
2294;08:37:20;247,8;0;0
2295;08:37:21;247,8;0;0
2296;08:37:22;247,8;0;0
2297;08:37:23;247,8;0;0
2298;08:37:24;247,8;0;0
2299;08:37:25;247,8;0;0
2300;08:37:26;247,8;0;0
2301;08:37:27;247,8;0;0
2302;08:37:28;247,8;0;0
2303;08:37:29;247,8;0;0
2304;08:37:30;247,8;0;0
2305;08:37:31;247,8;0;0
2306;08:37:32;247,8;0;0
2307;08:37:33;247,8;0;0
2308;08:37:34;247,8;0;0
2309;08:37:35;247,8;0;0
2310;08:37:36;247,8;0;0
2311;08:37:37;247,8;0;0
2312;08:37:38;247,8;0;0
2313;08:37:39;247,8;0;0
2314;08:37:40;247,8;0;0
2315;08:37:41;247,8;0;0
2316;08:37:42;247,8;0;0
2317;08:37:43;247,8;0;0
2318;08:37:44;247,8;0;0
2319;08:37:45;247,8;0;0
2320;08:37:46;247,8;0;0
2321;08:37:47;247,8;0;0
2322;08:37:48;247,8;0;0
2323;08:37:49;247,8;0;0
2324;08:37:50;247,8;0;0
2325;08:37:51;247,8;0;0
2326;08:37:52;247,8;0;0
2327;08:37:53;247,8;0;0
2328;08:37:54;247,8;0;0
2329;08:37:55;247,8;0;0
2330;08:37:56;247,8;0;0
2331;08:37:57;247,8;0;0
2332;08:37:58;247,8;0;0
2333;08:37:59;247,8;0;0
2334;08:38:00;247,8;0;0
2335;08:38:01;247,8;0;0
2336;08:38:02;247,8;0;0
2337;08:38:03;247,8;0;0
2338;08:38:04;247,8;0;0
2339;08:38:05;247,8;0;0
2340;08:38:06;247,8;0;0
2341;08:38:07;247,8;0;0
2342;08:38:08;247,8;0;0
2343;08:38:09;247,8;0;0
2344;08:38:10;247,8;0;0
2345;08:38:11;247,8;0;0
2346;08:38:12;247,8;0;0
2347;08:38:13;247,8;0;0
2348;08:38:14;247,8;0;0
2349;08:38:15;247,8;0;0
2350;08:38:16;247,8;0;0
2351;08:38:17;247,8;0;0
2352;08:38:18;247,8;0;0
2353;08:38:19;247,8;0;0
2354;08:38:20;247,8;0;0
2355;08:38:21;247,8;0;0
2356;08:38:22;247,8;0;0
2357;08:38:23;247,8;0;0
2358;08:38:24;247,8;0;0
2359;08:38:25;247,8;0;0
2360;08:38:26;247,8;0;0
2361;08:38:27;247,8;0;0
2362;08:38:28;247,8;0;0
2363;08:38:29;247,8;0;0
2364;08:38:30;247,8;0;0
2365;08:38:31;247,8;0;0
2366;08:38:32;247,8;0;0
2367;08:38:33;247,8;0;0
2368;08:38:34;247,8;0;0
2369;08:38:35;247,8;0;0
2370;08:38:36;247,8;0;0
2371;08:38:37;247,8;0;0
2372;08:38:38;247,8;0;0
2373;08:38:39;247,8;0;0
2374;08:38:40;247,8;0;0
2375;08:38:41;247,8;0;0
2376;08:38:42;247,8;0;0
2377;08:38:43;247,8;0;0
2378;08:38:44;247,8;0;0
2379;08:38:45;247,8;0;0
2380;08:38:46;247,8;0;0
2381;08:38:47;247,8;0;0
2382;08:38:48;247,8;0;0
2383;08:38:49;247,8;0;0
2384;08:38:50;247,8;0;0
2385;08:38:51;247,8;0;0
2386;08:38:52;247,8;0;0
2387;08:38:53;247,8;0;0
2388;08:38:54;247,8;0;0
2389;08:38:55;247,8;0;0
2390;08:38:56;247,8;0;0
2391;08:38:57;247,8;0;0
2392;08:38:58;247,8;0;0
2393;08:38:59;247,8;0;0
2394;08:39:00;247,8;0;0
2395;08:39:01;247,8;0;0
2396;08:39:02;247,8;0;0
2397;08:39:03;247,8;0;0
2398;08:39:04;247,8;0;0
2399;08:39:05;247,8;0;0
2400;08:39:06;247,8;0;0
2401;08:39:07;247,8;0;0
2402;08:39:08;247,8;0;0
2403;08:39:09;247,8;0;0
2404;08:39:10;247,8;0;0
2405;08:39:11;247,8;0;0
2406;08:39:12;247,8;0;0
2407;08:39:13;247,8;0;0
2408;08:39:14;247,8;0;0
2409;08:39:15;247,8;0;0
2410;08:39:16;247,8;0;0
2411;08:39:17;247,8;0;0
2412;08:39:18;247,8;0;0
2413;08:39:19;247,8;0;0
2414;08:39:20;247,8;0;0
2415;08:39:21;247,8;0;0
2416;08:39:22;247,8;0;0
2417;08:39:23;247,8;0;0
2418;08:39:24;247,8;0;0
2419;08:39:25;247,8;0;0
2420;08:39:26;247,8;0;0
2421;08:39:27;247,8;0;0
2422;08:39:28;247,8;0;0
2423;08:39:29;247,8;0;0
2424;08:39:30;247,8;0;0
2425;08:39:31;247,8;0;0
2426;08:39:32;247,8;0;0
2427;08:39:33;247,8;0;0
2428;08:39:34;247,8;0;0
2429;08:39:35;247,8;0;0
2430;08:39:36;247,8;0;0
2431;08:39:37;247,8;0;0
2432;08:39:38;247,8;0;0
2433;08:39:39;247,8;0;0
2434;08:39:40;247,8;0;0
2435;08:39:41;247,8;0;0
2436;08:39:42;247,8;0;0
2437;08:39:43;247,8;0;0
2438;08:39:44;247,8;0;0
2439;08:39:45;247,8;0;0
2440;08:39:46;247,8;0;0
2441;08:39:47;247,8;0;0
2442;08:39:48;247,8;0;0
2443;08:39:49;247,8;0;0
2444;08:39:50;247,8;0;0
2445;08:39:51;247,8;0;0
2446;08:39:52;247,8;0;0
2447;08:39:53;247,8;0;0
2448;08:39:54;247,8;0;0
2449;08:39:55;247,8;0;0
2450;08:39:56;247,8;0;0
2451;08:39:57;247,8;0;0
2452;08:39:58;247,8;0;0
2453;08:39:59;247,8;0;0
2454;08:40:00;247,8;0;0
2455;08:40:01;247,8;0;0
2456;08:40:02;247,8;0;0
2457;08:40:03;247,8;0;0
2458;08:40:04;247,8;0;0
2459;08:40:05;247,8;0;0
2460;08:40:06;247,8;0;0
2461;08:40:07;247,8;0;0
2462;08:40:08;247,8;0;0
2463;08:40:09;247,8;0;0
2464;08:40:10;247,8;0;0
2465;08:40:11;247,8;0;0
2466;08:40:12;247,8;0;0
2467;08:40:13;247,8;0;0
2468;08:40:14;247,8;0;0
2469;08:40:15;247,8;0;0
2470;08:40:16;247,8;0;0
2471;08:40:17;247,8;0;0
2472;08:40:18;247,8;0;0
2473;08:40:19;247,8;0;0
2474;08:40:20;247,8;0;0
2475;08:40:21;247,8;0;0
2476;08:40:22;247,8;0;0
2477;08:40:23;247,8;0;0
2478;08:40:24;247,8;0;0
2479;08:40:25;247,8;0;0
2480;08:40:26;247,8;0;0
2481;08:40:27;247,8;0;0
2482;08:40:28;247,8;0;0
2483;08:40:29;247,8;0;0
2484;08:40:30;247,8;0;0
2485;08:40:31;247,8;0;0
2486;08:40:32;247,8;0;0
2487;08:40:33;247,8;0;0
2488;08:40:34;247,8;0;0
2489;08:40:35;247,8;0;0
2490;08:40:36;247,8;0;0
2491;08:40:37;247,8;0;0
2492;08:40:38;247,8;0;0
2493;08:40:39;247,8;0;0
2494;08:40:40;247,8;0;0
2495;08:40:41;247,8;0;0
2496;08:40:42;247,8;0;0
2497;08:40:43;247,8;0;0
2498;08:40:44;247,8;0;0
2499;08:40:45;247,8;0;0
2500;08:40:46;247,8;0;0
2501;08:40:47;247,8;0;0
2502;08:40:48;247,8;0;0
2503;08:40:49;247,8;0;0
2504;08:40:50;247,8;0;0
2505;08:40:51;247,8;0;0
2506;08:40:52;247,8;0;0
2507;08:40:53;247,8;0;0
2508;08:40:54;247,8;0;0
2509;08:40:55;247,8;0;0
2510;08:40:56;247,8;0;0
2511;08:40:57;247,8;0;0
2512;08:40:58;247,8;0;0
2513;08:40:59;247,8;0;0
2514;08:41:00;247,8;0;0
2515;08:41:01;247,8;0;0
2516;08:41:02;247,8;0;0
2517;08:41:03;247,8;0;0
2518;08:41:04;247,8;0;0
2519;08:41:05;247,8;0;0
2520;08:41:06;247,8;0;0
2521;08:41:07;247,8;0;0
2522;08:41:08;247,8;0;0
2523;08:41:09;247,8;0;0
2524;08:41:10;247,8;0;0
2525;08:41:11;247,8;0;0
2526;08:41:12;247,8;0;0
2527;08:41:13;247,8;0;0
2528;08:41:14;247,8;0;0
2529;08:41:15;247,8;0;0
2530;08:41:16;247,8;0;0
2531;08:41:17;247,8;0;0
2532;08:41:18;247,8;0;0
2533;08:41:19;247,8;0;0
2534;08:41:20;247,8;0;0
2535;08:41:21;247,8;0;0
2536;08:41:22;247,8;0;0
2537;08:41:23;247,8;0;0
2538;08:41:24;247,8;0;0
2539;08:41:25;247,8;0;0
2540;08:41:26;247,8;0;0
2541;08:41:27;247,8;0;0
2542;08:41:28;247,8;0;0
2543;08:41:29;247,8;0;0
2544;08:41:30;247,8;0;0
2545;08:41:31;247,8;0;0
2546;08:41:32;247,8;0;0
2547;08:41:33;247,8;0;0
2548;08:41:34;247,8;0;0
2549;08:41:35;247,8;0;0
2550;08:41:36;247,8;0;0
2551;08:41:37;247,8;0;0
2552;08:41:38;247,8;0;0
2553;08:41:39;247,8;0;0
2554;08:41:40;247,8;0;0
2555;08:41:41;247,8;0;0
2556;08:41:42;247,8;0;0
2557;08:41:43;247,8;0;0
2558;08:41:44;247,8;0;0
2559;08:41:45;247,8;0;0
2560;08:41:46;247,8;0;0
2561;08:41:47;247,8;0;0
2562;08:41:48;247,8;0;0
2563;08:41:49;247,8;0;0
2564;08:41:50;247,8;0;0
2565;08:41:51;247,8;0;0
2566;08:41:52;247,8;0;0
2567;08:41:53;247,8;0;0
2568;08:41:54;247,8;0;0
2569;08:41:55;247,8;0;0
2570;08:41:56;247,8;0;0
2571;08:41:57;247,8;0;0
2572;08:41:58;247,8;0;0
2573;08:41:59;247,8;0;0
2574;08:42:00;247,8;0;0
2575;08:42:01;247,8;0;0
2576;08:42:02;247,8;0;0
2577;08:42:03;247,8;0;0
2578;08:42:04;247,8;0;0
2579;08:42:05;247,8;0;0
2580;08:42:06;247,8;0;0
2581;08:42:07;247,8;0;0
2582;08:42:08;247,8;0;0
2583;08:42:09;247,8;0;0
2584;08:42:10;247,8;0;0
2585;08:42:11;247,8;0;0
2586;08:42:12;247,8;0;0
2587;08:42:13;247,8;0;0
2588;08:42:14;247,8;0;0
2589;08:42:15;247,8;0;0
2590;08:42:16;247,8;0;0
2591;08:42:17;247,8;0;0
2592;08:42:18;247,8;0;0
2593;08:42:19;247,8;0;0
2594;08:42:20;247,8;0;0
2595;08:42:21;247,8;0;0
2596;08:42:22;247,8;0;0
2597;08:42:23;247,8;0;0
2598;08:42:24;247,8;0;0
2599;08:42:25;247,8;0;0
2600;08:42:26;247,8;0;0
2601;08:42:27;247,8;0;0
2602;08:42:28;247,8;0;0
2603;08:42:29;247,8;0;0
2604;08:42:30;247,8;0;0
2605;08:42:31;247,8;0;0
2606;08:42:32;247,8;0;0
2607;08:42:33;247,8;0;0
2608;08:42:34;247,8;0;0
2609;08:42:35;247,8;0;0
2610;08:42:36;247,8;0;0
2611;08:42:37;247,8;0;0
2612;08:42:38;247,8;0;0
2613;08:42:39;247,8;0;0
2614;08:42:40;247,8;0;0
2615;08:42:41;247,8;0;0
2616;08:42:42;247,8;0;0
2617;08:42:43;247,8;0;0
2618;08:42:44;247,8;0;0
2619;08:42:45;247,8;0;0
2620;08:42:46;247,8;0;0
2621;08:42:47;247,8;0;0
2622;08:42:48;247,8;0;0
2623;08:42:49;247,8;0;0
2624;08:42:50;247,8;0;0
2625;08:42:51;247,8;0;0
2626;08:42:52;247,8;0;0
2627;08:42:53;247,8;0;0
2628;08:42:54;247,8;0;0
2629;08:42:55;247,8;0;0
2630;08:42:56;247,8;0;0
2631;08:42:57;247,8;0;0
2632;08:42:58;247,8;0;0
2633;08:42:59;247,8;0;0
2634;08:43:00;247,8;0;0
2635;08:43:01;247,8;0;0
2636;08:43:02;247,8;0;0
2637;08:43:03;247,8;0;0
2638;08:43:04;247,8;0;0
2639;08:43:05;247,8;0;0
2640;08:43:06;247,8;0;0
2641;08:43:07;247,8;0;0
2642;08:43:08;247,8;0;0
2643;08:43:09;247,8;0;0
2644;08:43:10;247,8;0;0
2645;08:43:11;247,8;0;0
2646;08:43:12;247,8;0;0
2647;08:43:13;247,8;0;0
2648;08:43:14;247,8;0;0
2649;08:43:15;247,8;0;0
2650;08:43:16;247,8;0;0
2651;08:43:17;247,8;0;0
2652;08:43:18;247,8;0;0
2653;08:43:19;247,8;0;0
2654;08:43:20;247,8;0;0
2655;08:43:21;247,8;0;0
2656;08:43:22;247,8;0;0
2657;08:43:23;247,8;0;0
2658;08:43:24;247,8;0;0
2659;08:43:25;247,8;0;0
2660;08:43:26;247,8;0;0
2661;08:43:27;247,8;0;0
2662;08:43:28;247,8;0;0
2663;08:43:29;247,8;0;0
2664;08:43:30;247,8;0;0
2665;08:43:31;247,8;0;0
2666;08:43:32;247,8;0;0
2667;08:43:33;247,8;0;0
2668;08:43:34;247,8;0;0
2669;08:43:35;247,8;0;0
2670;08:43:36;247,8;0;0
2671;08:43:37;247,8;0;0
2672;08:43:38;247,8;0;0
2673;08:43:39;247,8;0;0
2674;08:43:40;247,8;0;0
2675;08:43:41;247,8;0;0
2676;08:43:42;247,8;0;0
2677;08:43:43;247,8;0;0
2678;08:43:44;247,8;0;0
2679;08:43:45;247,8;0;0
2680;08:43:46;247,8;0;0
2681;08:43:47;247,8;0;0
2682;08:43:48;247,8;0;0
2683;08:43:49;247,8;0;0
2684;08:43:50;247,8;0;0
2685;08:43:51;247,8;0;0
2686;08:43:52;247,8;0;0
2687;08:43:53;247,8;0;0
2688;08:43:54;247,8;0;0
2689;08:43:55;247,8;0;0
2690;08:43:56;247,8;0;0
2691;08:43:57;247,8;0;0
2692;08:43:58;247,8;0;0
2693;08:43:59;247,8;0;0
2694;08:44:00;247,8;0;0
2695;08:44:01;247,8;0;0
2696;08:44:02;247,8;0;0
2697;08:44:03;247,8;0;0
2698;08:44:04;247,8;0;0
2699;08:44:05;247,8;0;0
2700;08:44:06;247,8;0;0
2701;08:44:07;247,8;0;0
2702;08:44:08;247,8;0;0
2703;08:44:09;247,8;0;0
2704;08:44:10;247,8;0;0
2705;08:44:11;247,8;0;0
2706;08:44:12;247,8;0;0
2707;08:44:13;247,8;0;0
2708;08:44:14;247,8;0;0
2709;08:44:15;247,8;0;0
2710;08:44:16;247,8;0;0
2711;08:44:17;247,8;0;0
2712;08:44:18;247,8;0;0
2713;08:44:19;247,8;0;0
2714;08:44:20;247,8;0;0
2715;08:44:21;247,8;0;0
2716;08:44:22;247,8;0;0
2717;08:44:23;247,8;0;0
2718;08:44:24;247,8;0;0
2719;08:44:25;247,8;0;0
2720;08:44:26;247,8;0;0
2721;08:44:27;247,8;0;0
2722;08:44:28;247,8;0;0
2723;08:44:29;247,8;0;0
2724;08:44:30;247,8;0;0
2725;08:44:31;247,8;0;0
2726;08:44:32;247,8;0;0
2727;08:44:33;247,8;0;0
2728;08:44:34;247,8;0;0
2729;08:44:35;247,8;0;0
2730;08:44:36;247,8;0;0
2731;08:44:37;247,8;0;0
2732;08:44:38;247,8;0;0
2733;08:44:39;247,8;0;0
2734;08:44:40;247,8;0;0
2735;08:44:41;247,8;0;0
2736;08:44:42;247,8;0;0
2737;08:44:43;247,8;0;0
2738;08:44:44;247,8;0;0
2739;08:44:45;247,8;0;0
2740;08:44:46;247,8;0;0
2741;08:44:47;247,8;0;0
2742;08:44:48;247,8;0;0
2743;08:44:49;247,8;0;0
2744;08:44:50;247,8;0;0
2745;08:44:51;247,8;0;0
2746;08:44:52;247,8;0;0
2747;08:44:53;247,8;0;0
2748;08:44:54;247,8;0;0
2749;08:44:55;247,8;0;0
2750;08:44:56;247,8;0;0
2751;08:44:57;247,8;0;0
2752;08:44:58;247,8;0;0
2753;08:44:59;247,8;0;0
2754;08:45:00;247,8;0;0
2755;08:45:01;247,8;0;0
2756;08:45:02;247,8;0;0
2757;08:45:03;247,8;0;0
2758;08:45:04;247,8;0;0
2759;08:45:05;247,8;0;0
2760;08:45:06;247,8;0;0
2761;08:45:07;247,8;0;0
2762;08:45:08;247,8;0;0
2763;08:45:09;247,8;0;0
2764;08:45:10;247,8;0;0
2765;08:45:11;247,8;0;0
2766;08:45:12;247,8;0;0
2767;08:45:13;247,8;0;0
2768;08:45:14;247,8;0;0
2769;08:45:15;247,8;0;0
2770;08:45:16;247,8;0;0
2771;08:45:17;247,8;0;0
2772;08:45:18;247,8;0;0
2773;08:45:19;247,8;0;0
2774;08:45:20;247,8;0;0
2775;08:45:21;247,8;0;0
2776;08:45:22;247,8;0;0
2777;08:45:23;247,8;0;0
2778;08:45:24;247,8;0;0
2779;08:45:25;247,8;0;0
2780;08:45:26;247,8;0;0
2781;08:45:27;247,8;0;0
2782;08:45:28;247,8;0;0
2783;08:45:29;247,8;0;0
2784;08:45:30;247,8;0;0
2785;08:45:31;247,8;0;0
2786;08:45:32;247,8;0;0
2787;08:45:33;247,8;0;0
2788;08:45:34;247,8;0;0
2789;08:45:35;247,8;0;0
2790;08:45:36;247,8;0;0
2791;08:45:37;247,8;0;0
2792;08:45:38;247,8;0;0
2793;08:45:39;247,8;0;0
2794;08:45:40;247,8;0;0
2795;08:45:41;247,8;0;0
2796;08:45:42;247,8;0;0
2797;08:45:43;247,8;0;0
2798;08:45:44;247,8;0;0
2799;08:45:45;247,8;0;0
2800;08:45:46;247,8;0;0
2801;08:45:47;247,8;0;0
2802;08:45:48;247,8;0;0
2803;08:45:49;247,8;0;0
2804;08:45:50;247,8;0;0
2805;08:45:51;247,8;0;0
2806;08:45:52;247,8;0;0
2807;08:45:53;247,8;0;0
2808;08:45:54;247,8;0;0
2809;08:45:55;247,8;0;0
2810;08:45:56;247,8;0;0
2811;08:45:57;247,8;0;0
2812;08:45:58;247,8;0;0
2813;08:45:59;247,8;0;0
2814;08:46:00;247,8;0;0
2815;08:46:01;247,8;0;0
2816;08:46:02;247,8;0;0
2817;08:46:03;247,8;0;0
2818;08:46:04;247,8;0;0
2819;08:46:05;247,8;0;0
2820;08:46:06;247,8;0;0
2821;08:46:07;247,8;0;0
2822;08:46:08;247,8;0;0
2823;08:46:09;247,8;0;0
2824;08:46:10;247,8;0;0
2825;08:46:11;247,8;0;0
2826;08:46:12;247,8;0;0
2827;08:46:13;247,8;0;0
2828;08:46:14;247,8;0;0
2829;08:46:15;247,8;0;0
2830;08:46:16;247,8;0;0
2831;08:46:17;247,8;0;0
2832;08:46:18;247,8;0;0
2833;08:46:19;247,8;0;0
2834;08:46:20;247,8;0;0
2835;08:46:21;247,8;0;0
2836;08:46:22;247,8;0;0
2837;08:46:23;247,8;0;0
2838;08:46:24;247,8;0;0
2839;08:46:25;247,8;0;0
2840;08:46:26;247,8;0;0
2841;08:46:27;247,8;0;0
2842;08:46:28;247,8;0;0
2843;08:46:29;247,8;0;0
2844;08:46:30;247,8;0;0
2845;08:46:31;247,8;0;0
2846;08:46:32;247,8;0;0
2847;08:46:33;247,8;0;0
2848;08:46:34;247,8;0;0
2849;08:46:35;247,8;0;0
2850;08:46:36;247,8;0;0
2851;08:46:37;247,8;0;0
2852;08:46:38;247,8;0;0
2853;08:46:39;247,8;0;0
2854;08:46:40;247,8;0;0
2855;08:46:41;247,8;0;0
2856;08:46:42;247,8;0;0
2857;08:46:43;247,8;0;0
2858;08:46:44;247,8;0;0
2859;08:46:45;247,8;0;0
2860;08:46:46;247,8;0;0
2861;08:46:47;247,8;0;0
2862;08:46:48;247,8;0;0
2863;08:46:49;247,8;0;0
2864;08:46:50;247,8;0;0
2865;08:46:51;247,8;0;0
2866;08:46:52;247,8;0;0
2867;08:46:53;247,8;0;0
2868;08:46:54;247,8;0;0
2869;08:46:55;247,8;0;0
2870;08:46:56;247,8;0;0
2871;08:46:57;247,8;0;0
2872;08:46:58;247,8;0;0
2873;08:46:59;247,8;0;0
2874;08:47:00;247,8;0;0
2875;08:47:01;247,8;0;0
2876;08:47:02;247,8;0;0
2877;08:47:03;247,8;0;0
2878;08:47:04;247,8;0;0
2879;08:47:05;247,8;0;0
2880;08:47:06;247,8;0;0
2881;08:47:07;247,8;0;0
2882;08:47:08;247,8;0;0
2883;08:47:09;247,8;0;0
2884;08:47:10;247,8;0;0
2885;08:47:11;247,8;0;0
2886;08:47:12;247,8;0;0
2887;08:47:13;247,8;0;0
2888;08:47:14;247,8;0;0
2889;08:47:15;247,8;0;0
2890;08:47:16;247,8;0;0
2891;08:47:17;247,8;0;0
2892;08:47:18;247,8;0;0
2893;08:47:19;247,8;0;0
2894;08:47:20;247,8;0;0
2895;08:47:21;247,8;0;0
2896;08:47:22;247,8;0;0
2897;08:47:23;247,8;0;0
2898;08:47:24;247,8;0;0
2899;08:47:25;247,8;0;0
2900;08:47:26;247,8;0;0
2901;08:47:27;247,8;0;0
2902;08:47:28;247,8;0;0
2903;08:47:29;247,8;0;0
2904;08:47:30;247,8;0;0
2905;08:47:31;247,8;0;0
2906;08:47:32;247,8;0;0
2907;08:47:33;247,8;0;0
2908;08:47:34;247,8;0;0
2909;08:47:35;247,8;0;0
2910;08:47:36;247,8;0;0
2911;08:47:37;247,8;0;0
2912;08:47:38;247,8;0;0
2913;08:47:39;247,8;0;0
2914;08:47:40;247,8;0;0
2915;08:47:41;247,8;0;0
2916;08:47:42;247,8;0;0
2917;08:47:43;247,8;0;0
2918;08:47:44;247,8;0;0
2919;08:47:45;247,8;0;0
2920;08:47:46;247,8;0;0
2921;08:47:47;247,7;0,4;0
2922;08:47:48;247,6;6,9;0
2923;08:47:49;247,4;12,1;0
2924;08:47:50;247,2;13;0
2925;08:47:51;246,9;15,3;0
2926;08:47:52;246,5;21,4;0
2927;08:47:53;246,2;21,8;0
2928;08:47:54;245,8;21,7;13,755
2929;08:47:55;245,5;21,6;20,305
2930;08:47:56;245,1;21,9;40,61
2931;08:47:57;244,7;21,7;26,855
2932;08:47:58;244,4;21,8;26,855
2933;08:47:59;244;21,8;20,305
2934;08:48:00;243,6;21,6;20,305
2935;08:48:01;243,3;21,9;26,855
2936;08:48:02;242,9;21,7;33,405
2937;08:48:03;242,6;21,9;13,755
2938;08:48:04;242,2;21,9;6,55
2939;08:48:05;241,8;21,7;13,755
2940;08:48:06;241,5;22;20,305
2941;08:48:07;241,1;21,8;0
2942;08:48:08;240,7;22;0
2943;08:48:09;240,4;21,9;0
2944;08:48:10;240;21,8;0
2945;08:48:11;239,6;22;0
2946;08:48:12;239,3;21,7;0
2947;08:48:13;238,9;22;0
2948;08:48:14;238,5;21,9;0
2949;08:48:15;238,2;21,9;0
2950;08:48:16;237,8;22;0
2951;08:48:17;237,4;21,8;0
2952;08:48:18;237,1;21,9;0
2953;08:48:19;236,7;21,9;0
2954;08:48:20;236,4;21,8;0
2955;08:48:21;236;21,9;0
2956;08:48:22;235,6;21,8;0
2957;08:48:23;235,3;22;0
2958;08:48:24;234,9;21,9;0
2959;08:48:25;234,5;21,8;47,16
2960;08:48:26;234,2;22,1;67,465
2961;08:48:27;233,8;21,9;60,26
2962;08:48:28;233,4;22;20,305
2963;08:48:29;233,1;21,9;0
2964;08:48:30;232,7;21,9;0
2965;08:48:31;232,3;22;0
2966;08:48:32;232;21,9;0
2967;08:48:33;231,6;21,9;0
2968;08:48:34;231,2;21,9;0
2969;08:48:35;230,9;22;0
2970;08:48:36;230,5;21,8;0
2971;08:48:37;230,1;22,1;0
2972;08:48:38;229,8;21,9;0
2973;08:48:39;229,4;21,9;0
2974;08:48:40;229;21,9;0
2975;08:48:41;228,7;21,8;6,55
2976;08:48:42;228,3;22;6,55
2977;08:48:43;228;21,8;0
2978;08:48:44;227,6;22;0
2979;08:48:45;227,2;22;0
2980;08:48:46;226,9;21,8;0
2981;08:48:47;226,5;22,1;0
2982;08:48:48;226,1;21,9;0
2983;08:48:49;225,8;22;0
2984;08:48:50;225,4;22,1;0
2985;08:48:51;225;22,1;0
2986;08:48:52;224,6;22,2;0
2987;08:48:53;224,3;22,1;0
2988;08:48:54;223,9;22,1;0
2989;08:48:55;223,5;22,3;0
2990;08:48:56;223,2;22,1;0
2991;08:48:57;222,8;22,3;0
2992;08:48:58;222,4;22,2;0
2993;08:48:59;222,1;22,1;0
2994;08:49:00;221,7;22,3;0
2995;08:49:01;221,3;22;0
2996;08:49:02;221;22,2;0
2997;08:49:03;220,6;22,1;0
2998;08:49:04;220,2;22,1;0
2999;08:49:05;219,8;22,3;0
3000;08:49:06;219,5;22,1;0
3001;08:49:07;219,1;22,2;0
3002;08:49:08;218,7;22,3;0
3003;08:49:09;218,4;22;0
3004;08:49:10;218;22,3;0
3005;08:49:11;217,6;22,1;0
3006;08:49:12;217,3;22,1;0
3007;08:49:13;216,9;22,3;0
3008;08:49:14;216,5;22,1;0
3009;08:49:15;216,1;22,3;0
3010;08:49:16;215,8;22,2;0
3011;08:49:17;215,4;22,2;0
3012;08:49:18;215;22,3;0
3013;08:49:19;214,7;22,1;0
3014;08:49:20;214,3;22,2;0
3015;08:49:21;213,9;22,2;0
3016;08:49:22;213,6;22,1;0
3017;08:49:23;213,2;22,3;0
3018;08:49:24;212,8;22,1;0
3019;08:49:25;212,5;22,3;0
3020;08:49:26;212,1;22,3;0
3021;08:49:27;211,7;22,1;0
3022;08:49:28;211,3;22,3;0
3023;08:49:29;211;22,1;0
3024;08:49:30;210,6;22,1;0
3025;08:49:31;210,2;22,3;0
3026;08:49:32;209,9;22,1;0
3027;08:49:33;209,5;22,3;0
3028;08:49:34;209,1;22,2;0
3029;08:49:35;208,8;22,1;0
3030;08:49:36;208,4;22,3;0
3031;08:49:37;208;22,1;0
3032;08:49:38;207,6;22,3;0
3033;08:49:39;207,3;22,2;0
3034;08:49:40;206,9;22,1;0
3035;08:49:41;206,5;22,3;0
3036;08:49:42;206,2;22,1;0
3037;08:49:43;205,8;22,2;0
3038;08:49:44;205,4;22,2;6,55
3039;08:49:45;205,1;22,1;20,305
3040;08:49:46;204,7;22,3;13,755
3041;08:49:47;204,3;22,1;6,55
3042;08:49:48;203,9;22,2;0
3043;08:49:49;203,6;22,3;0
3044;08:49:50;203,2;22;0
3045;08:49:51;202,8;22,3;13,755
3046;08:49:52;202,5;22,2;0
3047;08:49:53;202,1;22,1;0
3048;08:49:54;201,7;22,3;0
3049;08:49:55;201,4;22,1;0
3050;08:49:56;201;22,3;0
3051;08:49:57;200,6;22,3;0
3052;08:49:58;200,2;22,1;0
3053;08:49:59;199,9;22,3;0
3054;08:50:00;199,5;22,1;0
3055;08:50:01;199,1;22,3;0
3056;08:50:02;198,8;22,3;0
3057;08:50:03;198,4;22,1;0
3058;08:50:04;198;22,3;6,55
3059;08:50:05;197,7;22,2;13,755
3060;08:50:06;197,3;22,2;6,55
3061;08:50:07;196,9;22,3;0
3062;08:50:08;196,5;22,1;0
3063;08:50:09;196,2;22,3;0
3064;08:50:10;195,8;22,2;0
3065;08:50:11;195,4;22,1;0
3066;08:50:12;195,1;22,3;0
3067;08:50:13;194,7;22,1;0
3068;08:50:14;194,3;22,3;0
3069;08:50:15;193,9;22,3;0
3070;08:50:16;193,6;22,2;0
3071;08:50:17;193,2;22,4;0
3072;08:50:18;192,8;22,1;0
3073;08:50:19;192,5;22,3;0
3074;08:50:20;192,1;22,3;0
3075;08:50:21;191,7;22,1;0
3076;08:50:22;191,4;22,4;0
3077;08:50:23;191;22,2;0
3078;08:50:24;190,6;22,2;0
3079;08:50:25;190,2;22,4;0
3080;08:50:26;189,9;22,1;0
3081;08:50:27;189,5;22,3;0
3082;08:50:28;189,1;22,2;0
3083;08:50:29;188,8;22,1;0
3084;08:50:30;188,4;22,3;0
3085;08:50:31;188;22,1;0
3086;08:50:32;187,7;22,3;0
3087;08:50:33;187,3;22,2;0
3088;08:50:34;186,9;22,2;0
3089;08:50:35;186,5;22,4;0
3090;08:50:36;186,2;22,2;0
3091;08:50:37;185,8;22,2;0
3092;08:50:38;185,4;22,3;0
3093;08:50:39;185,1;22,1;0
3094;08:50:40;184,7;22,4;0
3095;08:50:41;184,3;22,2;0
3096;08:50:42;183,9;22,2;0
3097;08:50:43;183,6;22,3;0
3098;08:50:44;183,2;22,1;0
3099;08:50:45;182,8;22,3;0
3100;08:50:46;182,5;22,3;0
3101;08:50:47;182,1;22,1;0
3102;08:50:48;181,7;22,3;0
3103;08:50:49;181,3;22,1;0
3104;08:50:50;181;22,3;0
3105;08:50:51;180,6;22,3;0
3106;08:50:52;180,2;22,1;0
3107;08:50:53;179,9;22,3;0
3108;08:50:54;179,5;22,2;0
3109;08:50:55;179,1;22,3;0
3110;08:50:56;178,8;22,4;0
3111;08:50:57;178,4;22,1;0
3112;08:50:58;178;22,3;0
3113;08:50:59;177,6;22,2;0
3114;08:51:00;177,3;22,2;0
3115;08:51:01;176,9;22,4;0
3116;08:51:02;176,5;22,1;0
3117;08:51:03;176,2;22,3;0
3118;08:51:04;175,8;22,3;0
3119;08:51:05;175,4;22,2;0
3120;08:51:06;175;22,4;0
3121;08:51:07;174,7;22,2;0
3122;08:51:08;174,3;22,2;0
3123;08:51:09;173,9;22,3;0
3124;08:51:10;173,6;22,1;20,305
3125;08:51:11;173,2;22,3;20,305
3126;08:51:12;172,8;22,1;47,16
3127;08:51:13;172,5;22,3;40,61
3128;08:51:14;172,1;22,3;40,61
3129;08:51:15;171,7;22,1;26,855
3130;08:51:16;171,3;22,4;20,305
3131;08:51:17;171;22,2;26,855
3132;08:51:18;170,6;22,2;20,305
3133;08:51:19;170,2;22,4;6,55
3134;08:51:20;169,9;22,1;6,55
3135;08:51:21;169,5;22,3;0
3136;08:51:22;169,1;22,3;20,305
3137;08:51:23;168,7;22,2;20,305
3138;08:51:24;168,4;22,4;6,55
3139;08:51:25;168;22,2;0
3140;08:51:26;167,6;22,3;0
3141;08:51:27;167,3;22,3;0
3142;08:51:28;166,9;22,1;13,755
3143;08:51:29;166,5;22,3;20,305
3144;08:51:30;166,2;22,2;20,305
3145;08:51:31;165,8;22,1;47,16
3146;08:51:32;165,4;22,3;67,465
3147;08:51:33;165;22,1;53,71
3148;08:51:34;164,7;22,3;47,16
3149;08:51:35;164,3;22,3;33,405
3150;08:51:36;163,9;22,2;13,755
3151;08:51:37;163,6;22,3;40,61
3152;08:51:38;163,2;22,1;40,61
3153;08:51:39;162,8;22,3;47,16
3154;08:51:40;162,4;22,3;47,16
3155;08:51:41;162,1;22,1;47,16
3156;08:51:42;161,7;22,4;47,16
3157;08:51:43;161,3;22,2;33,405
3158;08:51:44;161;22,3;26,855
3159;08:51:45;160,6;22,3;13,755
3160;08:51:46;160,2;22,1;0
3161;08:51:47;159,9;22,4;6,55
3162;08:51:48;159,5;22,2;13,755
3163;08:51:49;159,1;22,2;13,755
3164;08:51:50;158,7;22,4;20,305
3165;08:51:51;158,4;22,1;33,405
3166;08:51:52;158;22,3;40,61
3167;08:51:53;157,6;22,3;40,61
3168;08:51:54;157,3;22,2;26,855
3169;08:51:55;156,9;22,4;26,855
3170;08:51:56;156,5;22,1;20,305
3171;08:51:57;156,1;22,2;13,755
3172;08:51:58;155,8;22,3;33,405
3173;08:51:59;155,4;22,1;53,71
3174;08:52:00;155;22,3;60,26
3175;08:52:01;154,7;22,2;67,465
3176;08:52:02;154,3;22,3;33,405
3177;08:52:03;153,9;22,3;13,755
3178;08:52:04;153,5;22,2;0
3179;08:52:05;153,2;22,4;0
3180;08:52:06;152,8;22,3;0
3181;08:52:07;152,4;22,2;0
3182;08:52:08;152,1;22,3;0
3183;08:52:09;151,7;22,2;6,55
3184;08:52:10;151,3;22,3;6,55
3185;08:52:11;150,9;22,2;26,855
3186;08:52:12;150,6;22,2;26,855
3187;08:52:13;150,2;22,4;33,405
3188;08:52:14;149,8;22,2;33,405
3189;08:52:15;149,5;22,3;40,61
3190;08:52:16;149,1;22,3;47,16
3191;08:52:17;148,7;22,1;47,16
3192;08:52:18;148,4;22,4;47,16
3193;08:52:19;148;22,3;53,71
3194;08:52:20;147,6;22,1;53,71
3195;08:52:21;147,2;22,4;67,465
3196;08:52:22;146,9;22,2;60,26
3197;08:52:23;146,5;22,4;47,16
3198;08:52:24;146,1;22,3;40,61
3199;08:52:25;145,8;22,1;33,405
3200;08:52:26;145,4;22,3;26,855
3201;08:52:27;145;22,1;26,855
3202;08:52:28;144,6;22,3;26,855
3203;08:52:29;144,3;22,3;47,16
3204;08:52:30;143,9;22,1;33,405
3205;08:52:31;143,5;22,3;47,16
3206;08:52:32;143,2;22,2;47,16
3207;08:52:33;142,8;22,2;26,855
3208;08:52:34;142,4;22,3;26,855
3209;08:52:35;142,1;22,1;20,305
3210;08:52:36;141,7;22,3;26,855
3211;08:52:37;141,3;22,1;40,61
3212;08:52:38;140,9;22,4;47,16
3213;08:52:39;140,6;23,3;53,71
3214;08:52:40;140,2;23,4;87,115
3215;08:52:41;139,8;23,5;107,42
3216;08:52:42;139,4;23,6;87,115
3217;08:52:43;139;23,5;74,015
3218;08:52:44;138,6;23,5;53,71
3219;08:52:45;138,2;23,7;47,16
3220;08:52:46;137,8;23,6;47,16
3221;08:52:47;137,4;23,5;33,405
3222;08:52:48;137;23,6;40,61
3223;08:52:49;136,6;23,6;40,61
3224;08:52:50;136,2;23,6;47,16
3225;08:52:51;135,8;23,7;33,405
3226;08:52:52;135,4;23,7;40,61
3227;08:52:53;135,1;23,6;40,61
3228;08:52:54;134,7;23,7;53,71
3229;08:52:55;134,3;23,6;40,61
3230;08:52:56;133,9;23,5;40,61
3231;08:52:57;133,5;23,7;53,71
3232;08:52:58;133,1;23,5;67,465
3233;08:52:59;132,7;23,6;67,465
3234;08:53:00;132,3;23,7;67,465
3235;08:53:01;131,9;23,5;53,71
3236;08:53:02;131,5;23,7;47,16
3237;08:53:03;131,1;23,7;33,405
3238;08:53:04;130,7;23,5;33,405
3239;08:53:05;130,3;23,7;33,405
3240;08:53:06;129,9;23,7;33,405
3241;08:53:07;129,5;23,6;40,61
3242;08:53:08;129,1;23,7;47,16
3243;08:53:09;128,8;23,6;47,16
3244;08:53:10;128,4;23,6;47,16
3245;08:53:11;128;23,8;26,855
3246;08:53:12;127,6;23,6;13,755
3247;08:53:13;127,2;23,6;33,405
3248;08:53:14;126,8;23,7;53,71
3249;08:53:15;126,4;23,6;53,71
3250;08:53:16;126;23,6;60,26
3251;08:53:17;125,6;23,7;80,565
3252;08:53:18;125,2;23,6;113,97
3253;08:53:19;124,8;23,6;107,42
3254;08:53:20;124,4;23,8;107,42
3255;08:53:21;124;23,6;80,565
3256;08:53:22;123,6;23,7;87,115
3257;08:53:23;123,2;23,7;74,015
3258;08:53:24;122,8;23,5;74,015
3259;08:53:25;122,4;23,7;67,465
3260;08:53:26;122,1;23,7;60,26
3261;08:53:27;121,7;23,5;53,71
3262;08:53:28;121,3;23,7;40,61
3263;08:53:29;120,9;23,7;20,305
3264;08:53:30;120,5;23,6;6,55
3265;08:53:31;120,1;23,8;0
3266;08:53:32;119,7;23,6;0
3267;08:53:33;119,3;23,6;13,755
3268;08:53:34;118,9;23,7;33,405
3269;08:53:35;118,5;23,6;40,61
3270;08:53:36;118,1;23,6;53,71
3271;08:53:37;117,7;23,7;67,465
3272;08:53:38;117,3;23,6;74,015
3273;08:53:39;116,9;23,7;60,26
3274;08:53:40;116,5;23,7;53,71
3275;08:53:41;116,1;23,6;53,71
3276;08:53:42;115,7;23,7;47,16
3277;08:53:43;115,4;23,7;60,26
3278;08:53:44;115;23,6;60,26
3279;08:53:45;114,6;23,7;60,26
3280;08:53:46;114,2;23,7;60,26
3281;08:53:47;113,8;23,6;47,16
3282;08:53:48;113,4;23,8;33,405
3283;08:53:49;113;23,8;26,855
3284;08:53:50;112,6;23,6;26,855
3285;08:53:51;112,2;23,8;33,405
3286;08:53:52;111,8;23,7;33,405
3287;08:53:53;111,4;23,6;53,71
3288;08:53:54;111;23,8;80,565
3289;08:53:55;110,6;23,7;107,42
3290;08:53:56;110,2;23,7;113,97
3291;08:53:57;109,8;23,8;107,42
3292;08:53:58;109,4;23,7;113,97
3293;08:53:59;109;23,7;134,275
3294;08:54:00;108,6;23,8;148,03
3295;08:54:01;108,2;23,7;140,825
3296;08:54:02;107,8;23,6;161,13
3297;08:54:03;107,4;23,8;161,13
3298;08:54:04;107;23,6;154,58
3299;08:54:05;106,7;23,7;140,825
3300;08:54:06;106,3;23,9;134,275
3301;08:54:07;105,9;23,7;121,175
3302;08:54:08;105,5;23,7;127,725
3303;08:54:09;105,1;23,8;113,97
3304;08:54:10;104,7;23,5;113,97
3305;08:54:11;104,3;23,7;121,175
3306;08:54:12;103,9;23,8;113,97
3307;08:54:13;103,5;23,6;154,58
3308;08:54:14;103,1;23,8;161,13
3309;08:54:15;102,7;23,8;161,13
3310;08:54:16;102,3;23,6;134,275
3311;08:54:17;101,9;23,8;127,725
3312;08:54:18;101,5;23,7;148,03
3313;08:54:19;101,1;23,7;148,03
3314;08:54:20;100,7;23,8;161,13
3315;08:54:21;100,3;23,7;167,68
3316;08:54:22;99,9;23,6;167,68
3317;08:54:23;99,5;23,8;174,885
3318;08:54:24;99,1;23,7;154,58
3319;08:54:25;98,7;23,7;148,03
3320;08:54:26;98,3;23,8;154,58
3321;08:54:27;98;23,7;148,03
3322;08:54:28;97,6;23,7;140,825
3323;08:54:29;97,2;23,8;148,03
3324;08:54:30;96,8;23,6;134,275
3325;08:54:31;96,4;23,7;134,275
3326;08:54:32;96;23,8;148,03
3327;08:54:33;95,6;23,7;161,13
3328;08:54:34;95,2;23,8;154,58
3329;08:54:35;94,8;23,8;167,68
3330;08:54:36;94,4;23,6;161,13
3331;08:54:37;94;23,8;161,13
3332;08:54:38;93,6;23,7;181,435
3333;08:54:39;93,2;23,6;187,985
3334;08:54:40;92,8;23,8;187,985
3335;08:54:41;92,4;23,7;208,29
3336;08:54:42;92;23,6;194,535
3337;08:54:43;91,6;23,9;187,985
3338;08:54:44;91,2;23,7;187,985
3339;08:54:45;90,8;23,6;187,985
3340;08:54:46;90,4;23,8;181,435
3341;08:54:47;90;23,7;181,435
3342;08:54:48;89,6;23,7;181,435
3343;08:54:49;89,3;23,8;181,435
3344;08:54:50;88,9;23,7;181,435
3345;08:54:51;88,5;23,7;181,435
3346;08:54:52;88,1;23,9;187,985
3347;08:54:53;87,7;23,7;181,435
3348;08:54:54;87,3;23,7;181,435
3349;08:54:55;86,9;23,8;201,74
3350;08:54:56;86,5;23,6;187,985
3351;08:54:57;86,1;23,7;208,29
3352;08:54:58;85,7;23,8;214,84
3353;08:54:59;85,3;23,6;228,595
3354;08:55:00;84,9;23,7;208,29
3355;08:55:01;84,5;23,8;201,74
3356;08:55:02;84,1;23,6;208,29
3357;08:55:03;83,7;23,7;214,84
3358;08:55:04;83,3;23,7;221,39
3359;08:55:05;82,9;23,6;214,84
3360;08:55:06;82,5;23,7;228,595
3361;08:55:07;82,1;23,8;228,595
3362;08:55:08;81,7;23,7;208,29
3363;08:55:09;81,3;23,8;208,29
3364;08:55:10;80,9;23,7;187,985
3365;08:55:11;80,6;23,7;181,435
3366;08:55:12;80,2;23,8;201,74
3367;08:55:13;79,8;23,7;194,535
3368;08:55:14;79,4;23,7;194,535
3369;08:55:15;79;23,8;214,84
3370;08:55:16;78,6;23,6;208,29
3371;08:55:17;78,2;23,7;208,29
3372;08:55:18;77,8;23,8;221,39
3373;08:55:19;77,4;23,6;221,39
3374;08:55:20;77;23,7;221,39
3375;08:55:21;76,6;23,8;221,39
3376;08:55:22;76,2;23,6;221,39
3377;08:55:23;75,8;23,7;221,39
3378;08:55:24;75,4;23,8;214,84
3379;08:55:25;75;23,6;214,84
3380;08:55:26;74,6;23,8;208,29
3381;08:55:27;74,2;23,7;201,74
3382;08:55:28;73,8;23,7;187,985
3383;08:55:29;73,4;23,9;194,535
3384;08:55:30;73;23,7;187,985
3385;08:55:31;72,6;23,6;201,74
3386;08:55:32;72,2;23,9;201,74
3387;08:55:33;71,8;23,7;228,595
3388;08:55:34;71,5;23,7;235,145
3389;08:55:35;71,1;23,8;235,145
3390;08:55:36;70,7;23,6;262
3391;08:55:37;70,3;23,7;262
3392;08:55:38;69,9;23,8;275,1
3393;08:55:39;69,5;23,7;282,305
3394;08:55:40;69,1;23,7;282,305
3395;08:55:41;68,7;23,9;275,1
3396;08:55:42;68,3;23,6;248,245
3397;08:55:43;67,9;23,7;268,55
3398;08:55:44;67,5;23,9;268,55
3399;08:55:45;67,1;23,6;248,245
3400;08:55:46;66,7;23,7;248,245
3401;08:55:47;66,3;23,9;228,595
3402;08:55:48;65,9;23,6;235,145
3403;08:55:49;65,5;23,8;221,39
3404;08:55:50;65,1;23,7;248,245
3405;08:55:51;64,7;23,6;221,39
3406;08:55:52;64,3;23,7;255,45
3407;08:55:53;63,9;23,9;268,55
3408;08:55:54;63,5;23,6;262
3409;08:55:55;63,1;23,8;248,245
3410;08:55:56;62,7;23,7;255,45
3411;08:55:57;62,4;23,7;235,145
3412;08:55:58;62;23,8;248,245
3413;08:55:59;61,6;23,7;262
3414;08:56:00;61,2;23,7;268,55
3415;08:56:01;60,8;23,8;268,55
3416;08:56:02;60,4;23,7;255,45
3417;08:56:03;60;23,7;235,145
3418;08:56:04;59,6;23,8;235,145
3419;08:56:05;59,2;23,7;248,245
3420;08:56:06;58,8;23,8;221,39
3421;08:56:07;58,4;23,8;221,39
3422;08:56:08;58;23,6;228,595
3423;08:56:09;57,6;23,7;201,74
3424;08:56:10;57,2;23,9;221,39
3425;08:56:11;56,8;23,6;214,84
3426;08:56:12;56,4;23,8;214,84
3427;08:56:13;56;23,9;208,29
3428;08:56:14;55,6;23,7;208,29
3429;08:56:15;55,2;23,8;201,74
3430;08:56:16;54,8;23,9;214,84
3431;08:56:17;54,4;23,6;255,45
3432;08:56:18;54;23,8;235,145
3433;08:56:19;53,6;23,8;255,45
3434;08:56:20;53,2;23,6;262
3435;08:56:21;52,9;23,8;275,1
3436;08:56:22;52,5;23,7;275,1
3437;08:56:23;52,1;23,7;262
3438;08:56:24;51,7;23,9;262
3439;08:56:25;51,3;23,7;268,55
3440;08:56:26;50,9;23,7;268,55
3441;08:56:27;50,5;23,8;262
3442;08:56:28;50,1;23,7;255,45
3443;08:56:29;49,7;23,7;255,45
3444;08:56:30;49,3;23,9;235,145
3445;08:56:31;48,9;23,7;248,245
3446;08:56:32;48,5;23,7;228,595
3447;08:56:33;48,1;23,9;221,39
3448;08:56:34;47,7;23,7;248,245
3449;08:56:35;47,3;23,8;268,55
3450;08:56:36;46,9;23,9;262
3451;08:56:37;46,5;23,7;282,305
3452;08:56:38;46,1;23,7;295,405
3453;08:56:39;45,7;23,9;295,405
3454;08:56:40;45,3;23,6;288,855
3455;08:56:41;44,9;23,8;282,305
3456;08:56:42;44,5;23,9;282,305
3457;08:56:43;44,1;23,7;288,855
3458;08:56:44;43,7;23,9;288,855
3459;08:56:45;43,3;23,8;301,955
3460;08:56:46;42,9;23,7;301,955
3461;08:56:47;42,6;23,8;295,405
3462;08:56:48;42,2;23,8;295,405
3463;08:56:49;41,8;23,7;301,955
3464;08:56:50;41,4;23,9;282,305
3465;08:56:51;41;23,8;262
3466;08:56:52;40,6;23,7;268,55
3467;08:56:53;40,2;23,9;268,55
3468;08:56:54;39,8;23,9;275,1
3469;08:56:55;39,4;23,7;309,16
3470;08:56:56;39;23,7;309,16
3471;08:56:57;38,6;23,9;301,955
3472;08:56:58;38,2;23,7;322,26
3473;08:56:59;37,8;23,7;315,71
3474;08:57:00;37,4;23,9;309,16
3475;08:57:01;37;23,7;301,955
3476;08:57:02;36,6;23,8;322,26
3477;08:57:03;36,2;23,8;328,81
3478;08:57:04;35,8;23,7;336,015
3479;08:57:05;35,4;23,7;342,565
3480;08:57:06;35;23,8;328,81
3481;08:57:07;34,6;23,7;309,16
3482;08:57:08;34,2;23,8;301,955
3483;08:57:09;33,8;23,8;315,71
3484;08:57:10;33,4;23,7;295,405
3485;08:57:11;33;23,9;301,955
3486;08:57:12;32,6;23,9;322,26
3487;08:57:13;32,2;23,7;328,81
3488;08:57:14;31,9;23,9;322,26
3489;08:57:15;31,5;23,8;328,81
3490;08:57:16;31,1;23,7;342,565
3491;08:57:17;30,7;23,9;336,015
3492;08:57:18;30,3;23,8;315,71
3493;08:57:19;29,9;23,7;309,16
3494;08:57:20;29,5;23,9;322,26
3495;08:57:21;29,1;23,8;342,565
3496;08:57:22;28,7;23,7;355,665
3497;08:57:23;28,3;23,9;362,87
3498;08:57:24;27,9;23,7;362,87
3499;08:57:25;27,5;23,7;349,115
3500;08:57:26;27,1;23,9;342,565
3501;08:57:27;26,7;23,7;328,81
3502;08:57:28;26,3;23,8;322,26
3503;08:57:29;25,9;23,9;322,26
3504;08:57:30;25,5;23,7;328,81
3505;08:57:31;25,1;23,7;342,565
3506;08:57:32;24,7;23,9;355,665
3507;08:57:33;24,3;23,7;369,42
3508;08:57:34;23,9;23,7;375,97
3509;08:57:35;23,5;23,9;369,42
3510;08:57:36;23,1;23,6;355,665
3511;08:57:37;22,7;23,8;355,665
3512;08:57:38;22,3;23,9;362,87
3513;08:57:39;21,9;23,7;375,97
3514;08:57:40;21,5;23,9;369,42
3515;08:57:41;21,1;23,7;396,275
3516;08:57:42;20,7;23,7;416,58
3517;08:57:43;20,4;23,8;436,23
3518;08:57:44;20;23,8;423,13
3519;08:57:45;19,6;23,7;382,52
3520;08:57:46;19,2;23,9;375,97
3521;08:57:47;18,8;23,8;382,52
3522;08:57:48;18,4;23,7;382,52
3523;08:57:49;18;23,9;362,87
3524;08:57:50;17,6;23,7;362,87
3525;08:57:51;17,2;23,7;375,97
3526;08:57:52;16,8;23,9;382,52
3527;08:57:53;16,4;23,8;382,52
3528;08:57:54;16;23,8;362,87
3529;08:57:55;15,6;23,8;355,665
3530;08:57:56;15,2;23,8;362,87
3531;08:57:57;14,8;23,8;396,275
3532;08:57:58;14,4;23,9;436,23
3533;08:57:59;14;23,7;443,435
3534;08:58:00;13,6;23,8;449,985
3535;08:58:01;13,2;23,9;470,29
3536;08:58:02;12,8;23,6;470,29
3537;08:58:03;12,4;23,8;443,435
3538;08:58:04;12;23,9;443,435
3539;08:58:05;11,6;23,7;423,13
3540;08:58:06;11,2;23,9;436,23
3541;08:58:07;10,8;23,9;443,435
3542;08:58:08;10,4;23,7;456,535
3543;08:58:09;10;23,8;449,985
3544;08:58:10;9,6;23,9;456,535
3545;08:58:11;9,2;23,7;456,535
3546;08:58:12;8,9;23,9;456,535
3547;08:58:13;8,5;23,8;449,985
3548;08:58:14;8,1;23,7;456,535
3549;08:58:15;7,7;24;470,29
3550;08:58:16;7,3;23,8;483,39
3551;08:58:17;6,9;23,7;530,55
3552;08:58:18;6,5;23,9;510,245
3553;08:58:19;6,1;23,7;516,795
3554;08:58:20;5,7;23,7;510,245
3555;08:58:21;5,3;23,9;497,145
3556;08:58:22;4,9;23,7;497,145
3557;08:58:23;4,5;23,8;483,39
3558;08:58:24;4,1;23,9;449,985
3559;08:58:25;3,7;23,7;436,23
3560;08:58:26;3,3;23,7;489,94
3561;08:58:27;2,9;23,8;530,55
3562;08:58:28;2,5;23,7;866,565
3563;08:58:29;2,1;23,8;1161,97
3564;08:58:30;1,7;23,9;1175,07
3565;08:58:31;1,3;23,7;1101,055
3566;08:58:32;1;23,9;866,565
3567;08:58:33;1;8,7;973,985
3568;08:58:34;1;0;960,23
3569;08:58:35;1;0;939,925
3570;08:58:36;1;0,3;926,825
3571;08:58:37;1;0;920,275
3572;08:58:38;1;0;913,07
3573;08:58:39;1;0;899,97
3574;08:58:40;1;0;893,42
3575;08:58:41;1;0;879,665
3576;08:58:42;1;0;879,665
3577;08:58:43;1;0,9;825,955
3578;08:58:44;0,9;3,8;751,94
3579;08:58:45;0,8;5;658,275
3580;08:58:46;0,7;6,1;429,68
3581;08:58:47;0,6;6,1;214,84
3582;08:58:48;0,5;6;47,16
3583;08:58:49;0,4;6,2;0
3584;08:58:50;0,3;6,2;0
3585;08:58:51;0,3;2,4;0
3586;08:58:52;0,3;0;0
3587;08:58:53;0,3;0;0
3588;08:58:54;0,3;0;0
3589;08:58:55;0,3;0;0
3590;08:58:56;0,3;0;0
3591;08:58:57;0,3;0;0
3592;08:58:58;0,3;0;0
3593;08:58:59;0,3;0;0
3594;08:59:00;0,3;0;0
3595;08:59:01;0,3;0;0
3596;08:59:02;0,3;0;0
3597;08:59:03;0,3;0;0
3598;08:59:04;0,3;0;0
3599;08:59:05;0,3;0;0
3600;08:59:06;0,3;0;0
3601;08:59:07;0,3;0;0
3602;08:59:08;0,3;0;0
3603;08:59:09;0,3;0;0
3604;08:59:10;0,3;0;0
3605;08:59:11;0,3;0;0
3606;08:59:12;0,3;0;0
3607;08:59:13;0,3;0;0
3608;08:59:14;0,3;0;0
3609;08:59:15;0,3;0;0
3610;08:59:16;0,3;0;0
3611;08:59:17;0,3;0;0
3612;08:59:18;0,3;0;0
3613;08:59:19;0,3;0;0
3614;08:59:20;0,3;0;0
3615;08:59:21;0,3;0;0
3616;08:59:22;0,3;0;0
3617;08:59:23;0,3;0;0
3618;08:59:24;0,3;0;0
3619;08:59:25;0,3;0;0
3620;08:59:26;0,3;0;0
3621;08:59:27;0,3;0;0
3622;08:59:28;0,3;0;0
3623;08:59:29;0,3;0;0
3624;08:59:30;0,3;0;0
3625;08:59:31;0,3;0;0
3626;08:59:32;0,3;0;0
3627;08:59:33;0,3;0;0
3628;08:59:34;0,3;0;0
3629;08:59:35;0,3;0;0
3630;08:59:36;0,3;0;0
3631;08:59:37;0,3;0;0
3632;08:59:38;0,3;0;0
3633;08:59:39;0,3;0;0
3634;08:59:40;0,3;0;0
3635;08:59:41;0,3;0;0
3636;08:59:42;0,3;0;0
3637;08:59:43;0,3;0;0
3638;08:59:44;0,3;0;0
3639;08:59:45;0,3;0;0
3640;08:59:46;0,3;0;0
3641;08:59:47;0,3;0;0
3642;08:59:48;0,3;0;0
3643;08:59:49;0,3;0;0
3644;08:59:50;0,3;0;0
3645;08:59:51;0,3;0;0
3646;08:59:52;0,3;0;0
3647;08:59:53;0,3;0;0
3648;08:59:54;0,3;0;0
3649;08:59:55;0,3;0;0
3650;08:59:56;0,3;0;0
3651;08:59:57;0,3;0;0
3652;08:59:58;0,3;0;0
3653;08:59:59;0,3;0;0
3654;09:00:00;0,3;0;0
3655;09:00:01;0,3;0;0
3656;09:00:02;0,3;0;0
3657;09:00:03;0,3;0;0
3658;09:00:04;0,3;0;0
3659;09:00:05;0,3;0;0
3660;09:00:06;0,3;0;0
3661;09:00:07;0,3;0;0
3662;09:00:08;0,3;0;0
3663;09:00:09;0,3;0;0
3664;09:00:10;0,3;0;0
3665;09:00:11;0,3;0;0
3666;09:00:12;0,3;0;0
3667;09:00:13;0,3;0;0
3668;09:00:14;0,3;0;0
3669;09:00:15;0,3;0;0
3670;09:00:16;0,3;0;0
3671;09:00:17;0,3;0;0
3672;09:00:18;0,3;0;0
3673;09:00:19;0,3;0;0
3674;09:00:20;0,3;0;0
3675;09:00:21;0,3;0;0
3676;09:00:22;0,3;0;0
3677;09:00:23;0,3;0;0
3678;09:00:24;0,3;0;0
3679;09:00:25;0,3;0;0
3680;09:00:26;0,3;0;0
3681;09:00:27;0,3;0;0
3682;09:00:28;0,3;0;0
3683;09:00:29;0,3;0;0
3684;09:00:30;0,3;0;0
3685;09:00:31;0,3;0;0
3686;09:00:32;0,3;0;0
3687;09:00:33;0,3;0;0
3688;09:00:34;0,3;0;0
3689;09:00:35;0,3;0;0
3690;09:00:36;0,3;0;0
3691;09:00:37;0,3;0;0
3692;09:00:38;0,3;0;0
3693;09:00:39;0,3;0;0
3694;09:00:40;0,3;0;0
3695;09:00:41;0,3;0;0
3696;09:00:42;0,3;0;0
3697;09:00:43;0,3;0;0
3698;09:00:44;0,3;0;0
3699;09:00:45;0,3;0;0
3700;09:00:46;0,3;0;0
3701;09:00:47;0,3;0;0
3702;09:00:48;0,3;0;0
3703;09:00:49;0,3;0;0
3704;09:00:50;0,3;0;0
3705;09:00:51;0,3;0;60,26
3706;09:00:52;0,3;0;67,465
3707;09:00:53;0,3;0;60,26
3708;09:00:54;0,3;0;53,71
3709;09:00:55;0,3;0;60,26
3710;09:00:56;0,3;0;53,71
3711;09:00:57;0,3;0;53,71
3712;09:00:58;0,3;0;53,71
3713;09:00:59;0,3;0;53,71
3714;09:01:00;0,3;0;53,71
3715;09:01:01;0,3;0;53,71
3716;09:01:02;0,3;0;47,16
3717;09:01:03;0,3;0;53,71
