Id;Heure;Debit;Total;Pression
1;08:22:51;0;0;0
2;08:23:01;0;0;0
3;08:23:11;0;0;0
4;08:23:21;0;0;0
5;08:23:31;0;0;0
6;08:23:41;0;0;0
7;08:23:51;0;0;0
8;08:24:01;0;0;0
9;08:24:11;0;0;0
10;08:24:21;0;0;0
11;08:24:31;0;0;0
12;08:24:41;1;0;0
13;08:24:51;1;0;0
14;08:25:01;1;0;0
15;08:25:11;1;0;0
16;08:25:21;1;0;0
17;08:25:31;1;0;0
18;08:25:41;1;0;0
19;08:25:51;22;7;0
20;08:26:01;34;7;0
21;08:26:11;48;8;0
22;08:26:21;61;8;0
23;08:26:31;75;0;0
24;08:26:41;89;0;0
25;08:26:51;103;0;0
26;08:27:01;118;9;0
27;08:27:11;111;31;0
28;08:27:21;113;48;0
29;08:27:31;115;66;1
30;08:27:41;117;85;1
31;08:27:51;119;103;3
32;08:28:01;121;122;4
33;08:28:11;123;141;5
34;08:28:21;123;160;6
35;08:28:31;123;181;6
36;08:28:41;121;200;11
37;08:28:51;120;221;12
38;08:29:01;119;241;16
39;08:29:11;103;262;20
40;08:29:21;86;284;24
41;08:29:31;71;304;40
42;08:29:41;56;324;50
43;08:29:51;41;342;56
44;08:30:01;28;361;55
45;08:30:11;14;380;53
46;08:30:21;0;394;13
47;08:30:31;4;394;15
48;08:30:41;7;394;13
49;08:30:51;7;394;13
50;08:31:01;7;394;13
51;08:31:11;7;394;13
52;08:31:21;7;394;13
53;08:31:31;7;394;13
54;08:31:41;7;397;19
55;08:31:51;9;402;32
56;08:32:01;6;404;51
57;08:32:11;6;404;54
58;08:32:21;6;404;54
59;08:32:31;6;404;53
60;08:32:41;6;404;52
61;08:32:51;6;404;51
62;08:33:01;6;409;92
63;08:33:11;0;411;109
64;08:33:21;0;411;106
65;08:33:31;5;411;103
66;08:33:41;5;411;101
67;08:33:51;5;411;100
68;08:34:01;5;411;99
69;08:34:11;5;411;97
70;08:34:21;5;411;95
71;08:34:31;5;411;94
72;08:34:41;5;415;143
73;08:34:51;0;416;152
74;08:35:01;0;416;152
75;08:35:11;0;416;152
76;08:35:21;0;416;152
77;08:35:31;0;416;151
78;08:35:41;0;416;149
79;08:35:51;0;416;147
80;08:36:01;0;416;146
81;08:36:11;0;416;144
82;08:36:21;6;416;143
83;08:36:31;6;416;142
84;08:36:41;6;416;140
85;08:36:51;6;416;139
86;08:37:01;6;416;138
87;08:37:11;6;416;136
88;08:37:21;6;416;135
89;08:37:31;6;419;179
90;08:37:41;0;421;193
91;08:37:51;0;421;194
92;08:38:01;0;421;194
93;08:38:11;0;421;192
94;08:38:21;0;421;190
95;08:38:31;0;421;189
96;08:38:41;0;421;188
97;08:38:51;0;421;186
98;08:39:01;0;421;186
99;08:39:11;0;421;184
100;08:39:21;0;421;183
101;08:39:31;0;421;182
102;08:39:41;0;421;181
103;08:39:51;0;421;180
104;08:40:01;0;421;179
105;08:40:11;0;421;178
106;08:40:21;0;421;178
107;08:40:31;0;421;176
108;08:40:41;0;421;175
109;08:40:51;0;421;175
110;08:41:01;0;421;174
111;08:41:11;0;421;173
112;08:41:21;0;421;173
113;08:41:31;0;421;172
114;08:41:41;0;421;171
115;08:41:51;0;421;171
116;08:42:01;0;421;170
117;08:42:11;0;421;169
118;08:42:21;0;421;169
119;08:42:31;0;421;168
120;08:42:41;0;421;167
121;08:42:51;0;421;167
122;08:43:01;0;421;166
123;08:43:11;0;421;166
124;08:43:21;0;421;165
125;08:43:31;0;421;165
126;08:43:41;0;421;164
127;08:43:51;0;421;163
128;08:44:01;0;421;163
129;08:44:11;0;421;162
130;08:44:21;0;421;162
131;08:44:31;0;421;162
132;08:44:41;0;421;161
133;08:44:51;0;421;160
134;08:45:01;0;421;160
135;08:45:11;0;421;160
136;08:45:21;0;421;159
137;08:45:31;0;421;159
138;08:45:41;0;421;158
139;08:45:51;0;421;158
140;08:46:01;0;421;158
141;08:46:11;0;421;157
142;08:46:21;0;421;156
143;08:46:31;0;421;156
144;08:46:41;0;421;155
145;08:46:51;0;421;155
146;08:47:01;0;421;155
147;08:47:11;0;421;154
148;08:47:21;0;421;154
149;08:47:31;0;421;154
150;08:47:41;0;421;153
151;08:47:51;0;421;153
152;08:48:01;0;421;153
153;08:48:11;0;421;153
154;08:48:21;0;421;152
155;08:48:31;20;421;152
156;08:48:41;31;421;151
157;08:48:51;37;421;151
158;08:49:01;37;421;151
159;08:49:11;37;421;149
160;08:49:21;37;421;149
161;08:49:31;37;421;149
162;08:49:41;37;440;0
163;08:49:51;17;456;0
164;08:50:01;7;468;7
165;08:50:11;0;468;3
166;08:50:21;0;468;4
167;08:50:31;0;468;4
168;08:50:41;0;468;4
169;08:50:51;0;468;3
170;08:51:01;0;468;4
171;08:51:11;0;468;4
172;08:51:21;0;468;4
173;08:51:31;0;468;4
174;08:51:41;0;468;4
175;08:51:51;0;468;4
176;08:52:01;0;468;4
177;08:52:11;0;468;4
178;08:52:21;0;468;4
179;08:52:31;0;468;3
180;08:52:41;0;468;4
181;08:52:51;0;468;4
182;08:53:01;0;468;4
183;08:53:11;0;468;4
184;08:53:21;0;468;4
185;08:53:31;0;468;4
186;08:53:41;0;468;4
187;08:53:51;0;468;3
188;08:54:01;0;468;4
189;08:54:11;0;468;4
190;08:54:21;0;468;4
191;08:54:31;0;468;4
192;08:54:41;0;468;4
193;08:54:51;0;468;4
194;08:55:01;0;468;4
195;08:55:11;0;468;4
196;08:55:21;0;468;4
197;08:55:31;0;468;4
198;08:55:41;0;468;4
199;08:55:51;0;468;4
200;08:56:01;0;468;4
201;08:56:11;0;468;3
202;08:56:21;0;468;4
203;08:56:31;0;468;4
204;08:56:41;0;468;4
205;08:56:51;0;468;3
206;08:57:01;0;468;4
207;08:57:11;0;468;4
208;08:57:21;0;468;4
209;08:57:31;0;468;4
210;08:57:41;0;468;4
211;08:57:51;0;468;3
212;08:58:01;0;468;4
213;08:58:11;0;468;3
214;08:58:21;0;468;3
215;08:58:31;0;468;2
216;08:58:41;0;468;2
217;08:58:51;0;468;2
218;08:59:01;0;468;2
219;08:59:11;0;468;2
220;08:59:21;0;468;1
221;08:59:31;0;468;1
222;08:59:41;0;468;2
223;08:59:51;0;468;2
224;09:00:01;0;468;1
225;09:00:11;0;468;1
226;09:00:21;0;468;1
227;09:00:31;0;468;1
228;09:00:41;0;468;0
229;09:00:51;0;468;0
230;09:01:01;0;468;0
231;09:01:11;0;468;0
232;09:01:21;0;468;0
233;09:01:31;0;468;0
234;09:01:41;0;468;0
235;09:01:51;0;468;0
236;09:02:01;0;468;0
237;09:02:11;0;468;0
238;09:02:21;0;468;0
239;09:02:31;0;468;0
240;09:02:41;0;468;0
241;09:02:51;0;468;0
242;09:03:01;0;468;0
243;09:03:11;0;468;0
244;09:03:21;0;468;0
245;09:03:31;0;468;0
246;09:03:41;0;468;0
247;09:03:51;0;468;0
248;09:04:01;0;468;0
249;09:04:11;0;468;0
250;09:04:21;0;468;0
251;09:04:31;0;468;0
252;09:04:41;0;468;0
253;09:04:51;0;468;0
254;09:05:01;0;468;0
255;09:05:11;0;468;0
256;09:05:21;0;468;0
257;09:05:31;0;468;0
258;09:05:41;0;468;0
259;09:05:51;0;468;0
260;09:06:01;0;468;0
261;09:06:11;0;468;0
262;09:06:21;0;468;0
263;09:06:31;0;468;0
264;09:06:41;0;468;0
265;09:06:51;0;468;0
266;09:07:01;0;468;0
267;09:07:11;0;468;0
268;09:07:21;0;468;0
269;09:07:31;0;468;0
270;09:07:41;0;468;0
271;09:07:51;0;468;0
272;09:08:01;0;468;0
273;09:08:11;0;468;0
274;09:08:21;0;468;0
275;09:08:31;0;468;0
276;09:08:41;0;468;0
277;09:08:51;0;468;0
278;09:09:01;0;468;0
279;09:09:11;0;468;0
280;09:09:21;0;468;0
281;09:09:31;0;468;0
282;09:09:41;0;468;0
283;09:09:51;0;468;0
284;09:10:01;0;468;0
285;09:10:11;0;468;0
286;09:10:21;0;468;0
287;09:10:31;0;468;0
288;09:10:41;0;468;0
289;09:10:51;0;468;0
290;09:11:01;0;468;0
291;09:11:11;0;468;0
292;09:11:21;0;468;0
293;09:11:31;0;468;0
294;09:11:41;0;468;0
295;09:11:51;0;468;0
296;09:12:01;0;468;0
297;09:12:11;0;468;0
298;09:12:21;0;468;0
299;09:12:31;0;468;0
300;09:12:41;0;468;0
301;09:12:51;0;468;0
302;09:13:01;0;468;0
303;09:13:11;0;468;0
304;09:13:21;0;468;0
305;09:13:31;0;468;0
306;09:13:41;0;468;0
307;09:13:51;0;468;0
308;09:14:01;0;468;0
309;09:14:11;0;468;0
310;09:14:21;0;468;0
311;09:14:31;0;468;0
312;09:14:41;0;468;0
313;09:14:51;0;468;0
314;09:15:01;0;468;0
315;09:15:11;0;468;0
316;09:15:21;0;468;0
317;09:15:31;0;468;0
318;09:15:41;0;468;0
319;09:15:51;0;468;0
320;09:16:01;0;468;0
321;09:16:11;0;468;0
322;09:16:21;0;468;0
323;09:16:31;0;468;0
324;09:16:41;0;468;0
325;09:16:51;0;468;0
326;09:17:01;0;468;0
327;09:17:11;0;468;0
328;09:17:21;0;468;0
329;09:17:31;0;468;1
330;09:17:41;0;468;1
331;09:17:51;0;468;2
332;09:18:01;0;468;1
333;09:18:11;0;468;1
334;09:18:21;0;468;1
335;09:18:31;0;468;2
336;09:18:41;0;468;2
337;09:18:51;0;468;2
338;09:19:01;0;468;2
339;09:19:11;0;468;3
340;09:19:21;0;468;3
341;09:19:31;0;468;2
342;09:19:41;0;468;3
343;09:19:51;0;468;3
344;09:20:01;0;468;4
345;09:20:11;0;468;4
346;09:20:21;0;468;3
347;09:20:31;0;468;3
348;09:20:41;0;468;3
349;09:20:51;0;468;1
350;09:21:01;0;468;3
351;09:21:11;0;468;3
352;09:21:21;0;468;2
353;09:21:31;0;468;4
354;09:21:41;0;468;3
355;09:21:51;0;468;2
356;09:22:01;0;468;0
357;09:22:11;0;468;2
358;09:22:21;0;468;3
359;09:22:31;0;468;4
360;09:22:41;0;468;4
361;09:22:51;0;468;4
362;09:23:01;0;468;4
363;09:23:11;0;468;3
364;09:23:21;0;468;4
365;09:23:31;0;468;4
366;09:23:41;0;468;4
367;09:23:51;0;468;4
368;09:24:01;0;468;4
369;09:24:11;0;468;3
370;09:24:21;0;468;0
371;09:24:31;0;468;3
372;09:24:41;0;468;4
373;09:24:51;0;468;4
374;09:25:01;0;468;4
375;09:25:11;0;468;4
376;09:25:21;0;468;4
377;09:25:31;0;468;1
378;09:25:41;0;468;1
379;09:25:51;0;468;3
380;09:26:01;0;468;4
381;09:26:11;0;468;4
382;09:26:21;0;468;4
383;09:26:31;0;468;5
384;09:26:41;0;468;5
385;09:26:51;0;468;4
386;09:27:01;0;468;4
387;09:27:11;0;468;3
388;09:27:21;0;468;4
389;09:27:31;0;468;4
390;09:27:41;0;468;5
391;09:27:51;0;468;5
392;09:28:01;0;468;5
393;09:28:11;0;468;5
394;09:28:21;0;468;4
395;09:28:31;0;468;4
396;09:28:41;0;468;3
397;09:28:51;0;468;4
398;09:29:01;0;468;4
399;09:29:11;0;468;5
400;09:29:21;0;468;5
401;09:29:31;0;468;5
402;09:29:41;0;468;5
403;09:29:51;0;468;3
404;09:30:01;0;468;4
405;09:30:11;0;468;4
406;09:30:21;0;468;4
407;09:30:31;0;468;5
408;09:30:41;0;468;5
409;09:30:51;0;468;5
410;09:31:01;0;468;5
411;09:31:11;0;468;3
412;09:31:21;0;468;4
413;09:31:31;0;468;3
414;09:31:41;0;468;5
415;09:31:51;0;468;5
416;09:32:01;0;468;5
417;09:32:11;0;468;5
418;09:32:21;0;468;4
419;09:32:31;0;468;4
420;09:32:41;0;468;5
421;09:32:51;0;468;5
422;09:33:01;0;468;5
423;09:33:11;0;468;5
424;09:33:21;0;468;4
425;09:33:31;0;468;4
426;09:33:41;0;468;5
427;09:33:51;0;468;5
428;09:34:01;0;468;3
429;09:34:11;0;468;5
430;09:34:21;0;468;5
431;09:34:31;0;468;5
432;09:34:41;0;468;5
433;09:34:51;0;468;5
434;09:35:01;0;468;4
435;09:35:11;0;468;5
436;09:35:21;0;468;5
437;09:35:31;0;468;2
438;09:35:41;0;468;5
439;09:35:51;0;468;5
440;09:36:01;0;468;3
441;09:36:11;0;468;4
442;09:36:21;0;468;5
443;09:36:31;0;468;5
444;09:36:41;0;468;5
445;09:36:51;0;468;4
446;09:37:01;0;468;4
447;09:37:11;0;468;5
448;09:37:21;0;468;5
449;09:37:31;0;468;5
450;09:37:41;0;468;5
451;09:37:51;0;468;4
452;09:38:01;0;468;5
453;09:38:11;0;468;5
454;09:38:21;0;468;5
455;09:38:31;0;468;5
456;09:38:41;0;468;4
457;09:38:51;0;468;3
458;09:39:01;0;468;2
459;09:39:11;0;468;1
460;09:39:21;0;468;1
461;09:39:31;0;468;1
462;09:39:41;0;468;4
463;09:39:51;0;468;4
464;09:40:01;0;468;5
465;09:40:11;0;468;5
466;09:40:21;0;468;5
467;09:40:31;0;468;5
468;09:40:41;0;468;5
469;09:40:51;0;468;4
470;09:41:01;0;468;5
471;09:41:11;0;468;5
472;09:41:21;0;468;5
473;09:41:31;0;468;5
474;09:41:41;0;468;5
475;09:41:51;0;468;4
476;09:42:01;0;468;5
477;09:42:11;0;468;5
478;09:42:21;0;468;4
479;09:42:31;0;468;5
480;09:42:41;0;468;5
481;09:42:51;0;468;3
482;09:43:01;0;468;5
483;09:43:11;0;468;5
484;09:43:21;0;468;5
485;09:43:31;0;468;5
486;09:43:41;0;468;3
487;09:43:51;0;468;4
488;09:44:01;0;468;5
489;09:44:11;0;468;5
490;09:44:21;0;468;5
491;09:44:31;0;468;4
492;09:44:41;0;468;5
493;09:44:51;0;468;5
494;09:45:01;0;468;5
495;09:45:11;0;468;4
496;09:45:21;0;468;5
497;09:45:31;0;468;5
498;09:45:41;0;468;5
499;09:45:51;0;468;5
500;09:46:01;0;468;5
501;09:46:11;0;468;5
502;09:46:21;0;468;5
503;09:46:31;0;468;5
504;09:46:41;0;468;4
505;09:46:51;0;468;5
506;09:47:01;0;468;3
507;09:47:11;0;468;5
508;09:47:21;0;468;5
509;09:47:31;0;468;5
510;09:47:41;0;468;5
511;09:47:51;0;468;5
512;09:48:01;0;468;3
513;09:48:11;0;468;5
514;09:48:21;0;468;5
515;09:48:31;0;468;5
516;09:48:41;0;468;5
517;09:48:51;0;468;5
518;09:49:01;0;468;4
519;09:49:11;0;468;5
520;09:49:21;0;468;5
521;09:49:31;0;468;5
522;09:49:41;0;468;5
523;09:49:51;0;468;5
524;09:50:01;0;468;4
525;09:50:11;0;468;5
526;09:50:21;0;468;5
527;09:50:31;0;468;5
528;09:50:41;0;468;4
529;09:50:51;0;468;5
530;09:51:01;0;468;5
531;09:51:11;0;468;1
532;09:51:21;0;468;4
533;09:51:31;0;468;5
534;09:51:41;0;468;5
535;09:51:51;0;468;5
536;09:52:01;0;468;5
537;09:52:11;0;468;4
538;09:52:21;0;468;5
539;09:52:31;0;468;5
540;09:52:41;0;468;5
541;09:52:51;0;468;5
542;09:53:01;0;468;4
543;09:53:11;0;468;5
544;09:53:21;0;468;5
545;09:53:31;0;468;5
546;09:53:41;0;468;4
547;09:53:51;0;468;5
548;09:54:01;0;468;5
549;09:54:11;0;468;2
550;09:54:21;0;468;5
551;09:54:31;0;468;5
552;09:54:41;0;468;3
553;09:54:51;0;468;5
554;09:55:01;0;468;5
555;09:55:11;0;468;5
556;09:55:21;0;468;5
557;09:55:31;0;468;4
558;09:55:41;0;468;5
559;09:55:51;0;468;5
560;09:56:01;3;468;5
561;09:56:11;10;468;2
562;09:56:21;21;468;4
563;09:56:31;35;468;5
564;09:56:41;48;468;5
565;09:56:51;58;468;4
566;09:57:01;69;468;5
567;09:57:11;83;469;4
568;09:57:21;90;476;6
569;09:57:31;97;490;8
570;09:57:41;101;505;12
571;09:57:51;103;524;15
572;09:58:01;107;538;21
573;09:58:11;114;552;29
574;09:58:21;121;567;34
575;09:58:31;127;582;31
576;09:58:41;137;597;37
577;09:58:51;142;615;58
578;09:59:01;145;635;71
579;09:59:11;148;657;70
580;09:59:21;149;679;78
581;09:59:31;149;703;86
582;09:59:41;148;729;96
583;09:59:51;146;755;99
584;10:00:01;144;781;107
585;10:00:11;142;806;97
586;10:00:21;142;829;84
587;10:00:31;142;853;92
588;10:00:41;142;876;85
589;10:00:51;143;900;90
590;10:01:01;143;923;82
591;10:01:11;144;947;86
592;10:01:21;144;971;86
593;10:01:31;145;995;81
594;10:01:41;144;1019;93
595;10:01:51;144;1042;92
596;10:02:01;144;1067;94
597;10:02:11;144;1090;87
598;10:02:21;145;1115;88
599;10:02:31;145;1138;94
600;10:02:41;145;1161;88
601;10:02:51;146;1186;85
602;10:03:01;147;1210;84
603;10:03:11;147;1235;88
604;10:03:21;148;1259;94
605;10:03:31;148;1283;89
606;10:03:41;148;1307;93
607;10:03:51;148;1332;94
608;10:04:01;148;1356;86
609;10:04:11;148;1380;96
610;10:04:21;147;1404;87
611;10:04:31;148;1428;90
612;10:04:41;148;1453;90
613;10:04:51;148;1477;91
614;10:05:01;148;1502;98
615;10:05:11;149;1526;89
616;10:05:21;149;1550;95
617;10:05:31;149;1575;95
618;10:05:41;150;1600;91
619;10:05:51;150;1625;89
620;10:06:01;150;1648;90
621;10:06:11;150;1673;87
622;10:06:21;150;1698;91
623;10:06:31;150;1722;96
624;10:06:41;150;1747;99
625;10:06:51;150;1772;92
626;10:07:01;149;1797;99
627;10:07:11;150;1821;99
628;10:07:21;150;1846;93
629;10:07:31;150;1871;92
630;10:07:41;150;1895;92
631;10:07:51;150;1920;98
632;10:08:01;150;1944;98
633;10:08:11;150;1970;90
634;10:08:21;150;1995;97
635;10:08:31;150;2020;91
636;10:08:41;149;2045;93
637;10:08:51;149;2070;93
638;10:09:01;149;2095;93
639;10:09:11;150;2120;97
640;10:09:21;150;2144;101
641;10:09:31;150;2168;98
642;10:09:41;150;2194;90
643;10:09:51;151;2218;90
644;10:10:01;152;2244;94
645;10:10:11;152;2268;93
646;10:10:21;152;2293;93
647;10:10:31;152;2319;93
648;10:10:41;151;2343;100
649;10:10:51;151;2369;100
650;10:11:01;151;2393;90
651;10:11:11;150;2418;91
652;10:11:21;150;2443;92
653;10:11:31;150;2468;95
654;10:11:41;150;2494;95
655;10:11:51;150;2518;100
656;10:12:01;150;2544;90
657;10:12:11;150;2568;101
658;10:12:21;150;2594;93
659;10:12:31;150;2619;94
660;10:12:41;150;2643;100
661;10:12:51;150;2668;91
662;10:13:01;149;2693;101
663;10:13:11;150;2719;91
664;10:13:21;150;2743;102
665;10:13:31;151;2769;92
666;10:13:41;152;2794;101
667;10:13:51;152;2820;94
668;10:14:01;153;2845;94
669;10:14:11;153;2870;101
670;10:14:21;154;2894;92
671;10:14:31;154;2920;95
672;10:14:41;154;2946;91
673;10:14:51;154;2971;93
674;10:15:01;154;2997;94
675;10:15:11;154;3023;94
676;10:15:21;154;3048;94
677;10:15:31;154;3074;93
678;10:15:41;155;3100;93
679;10:15:51;154;3126;92
680;10:16:01;155;3150;100
681;10:16:11;155;3176;101
682;10:16:21;156;3202;95
683;10:16:31;156;3227;96
684;10:16:41;156;3254;94
685;10:16:51;155;3279;95
686;10:17:01;154;3305;93
687;10:17:11;154;3331;92
688;10:17:21;153;3357;94
689;10:17:31;151;3382;101
690;10:17:41;149;3407;92
691;10:17:51;147;3433;97
692;10:18:01;144;3459;96
693;10:18:11;142;3485;94
694;10:18:21;139;3510;93
695;10:18:31;136;3536;90
696;10:18:41;134;3561;84
697;10:18:51;133;3585;79
698;10:19:01;132;3607;69
699;10:19:11;131;3629;71
700;10:19:21;131;3651;67
701;10:19:31;132;3673;68
702;10:19:41;133;3695;69
703;10:19:51;133;3717;73
704;10:20:01;133;3739;70
705;10:20:11;133;3761;70
706;10:20:21;132;3783;75
707;10:20:31;133;3805;72
708;10:20:41;133;3827;70
709;10:20:51;132;3849;77
710;10:21:01;132;3870;66
711;10:21:11;133;3892;77
712;10:21:21;133;3914;68
713;10:21:31;133;3936;67
714;10:21:41;133;3959;73
715;10:21:51;133;3980;69
716;10:22:01;133;4003;68
717;10:22:11;134;4025;66
718;10:22:21;134;4047;76
719;10:22:31;134;4069;74
720;10:22:41;133;4091;69
721;10:22:51;133;4113;70
722;10:23:01;134;4135;68
723;10:23:11;134;4157;68
724;10:23:21;133;4179;70
725;10:23:31;133;4201;68
726;10:23:41;133;4223;68
727;10:23:51;133;4246;70
728;10:24:01;133;4268;71
729;10:24:11;133;4289;71
730;10:24:21;133;4311;78
731;10:24:31;133;4333;76
732;10:24:41;133;4355;71
733;10:24:51;133;4377;70
734;10:25:01;133;4399;77
735;10:25:11;133;4422;78
736;10:25:21;134;4444;68
737;10:25:31;134;4467;73
738;10:25:41;134;4489;71
739;10:25:51;134;4511;75
740;10:26:01;134;4532;70
741;10:26:11;135;4554;70
742;10:26:21;135;4577;73
743;10:26:31;134;4599;77
744;10:26:41;134;4621;71
745;10:26:51;133;4643;71
746;10:27:01;133;4666;74
747;10:27:11;133;4688;74
748;10:27:21;133;4710;70
749;10:27:31;132;4732;70
750;10:27:41;133;4753;77
751;10:27:51;133;4776;70
752;10:28:01;133;4798;71
753;10:28:11;134;4821;70
754;10:28:21;134;4843;73
755;10:28:31;134;4866;70
756;10:28:41;134;4888;72
757;10:28:51;134;4910;72
758;10:29:01;134;4932;71
759;10:29:11;134;4954;77
760;10:29:21;134;4976;72
761;10:29:31;134;4998;73
762;10:29:41;134;5021;75
763;10:29:51;134;5043;75
764;10:30:01;135;5065;70
765;10:30:11;135;5088;70
766;10:30:21;135;5110;69
767;10:30:31;135;5132;68
768;10:30:41;135;5154;73
769;10:30:51;135;5177;71
770;10:31:01;134;5199;70
771;10:31:11;134;5221;68
772;10:31:21;133;5244;70
773;10:31:31;133;5266;70
774;10:31:41;133;5289;72
775;10:31:51;133;5311;68
776;10:32:01;133;5334;77
777;10:32:11;133;5356;74
778;10:32:21;133;5378;71
779;10:32:31;133;5400;77
780;10:32:41;133;5422;72
781;10:32:51;134;5444;77
782;10:33:01;134;5467;79
783;10:33:11;134;5489;69
784;10:33:21;134;5511;70
785;10:33:31;134;5534;71
786;10:33:41;134;5556;70
787;10:33:51;134;5579;68
788;10:34:01;134;5601;70
789;10:34:11;134;5623;71
790;10:34:21;134;5645;72
791;10:34:31;134;5667;71
792;10:34:41;135;5690;68
793;10:34:51;135;5712;71
794;10:35:01;135;5734;70
795;10:35:11;135;5757;70
796;10:35:21;135;5779;77
797;10:35:31;135;5802;75
798;10:35:41;135;5824;78
799;10:35:51;134;5847;69
800;10:36:01;134;5868;68
801;10:36:11;134;5890;73
802;10:36:21;135;5913;77
803;10:36:31;135;5935;77
804;10:36:41;135;5958;70
805;10:36:51;136;5980;78
806;10:37:01;136;6003;69
807;10:37:11;137;6025;77
808;10:37:21;137;6048;71
809;10:37:31;137;6070;71
810;10:37:41;137;6092;71
811;10:37:51;136;6114;78
812;10:38:01;136;6136;74
813;10:38:11;136;6159;78
814;10:38:21;136;6181;76
815;10:38:31;136;6204;77
816;10:38:41;136;6227;77
817;10:38:51;136;6249;76
818;10:39:01;136;6272;78
819;10:39:11;136;6294;77
820;10:39:21;137;6316;70
821;10:39:31;137;6338;70
822;10:39:41;137;6361;70
823;10:39:51;136;6383;71
824;10:40:01;136;6406;68
825;10:40:11;136;6429;72
826;10:40:21;135;6451;68
827;10:40:31;136;6474;71
828;10:40:41;135;6496;71
829;10:40:51;135;6519;71
830;10:41:01;134;6541;78
831;10:41:11;135;6563;77
832;10:41:21;135;6586;68
833;10:41:31;135;6608;78
834;10:41:41;136;6631;73
835;10:41:51;136;6653;75
836;10:42:01;136;6676;78
837;10:42:11;137;6699;71
838;10:42:21;138;6721;77
839;10:42:31;138;6744;68
840;10:42:41;138;6765;70
841;10:42:51;138;6788;70
842;10:43:01;137;6811;78
843;10:43:11;136;6834;72
844;10:43:21;136;6856;77
845;10:43:31;135;6879;78
846;10:43:41;135;6902;74
847;10:43:51;135;6924;77
848;10:44:01;135;6947;74
849;10:44:11;134;6969;78
850;10:44:21;134;6991;71
851;10:44:31;135;7013;71
852;10:44:41;136;7036;72
853;10:44:51;136;7059;69
854;10:45:01;137;7081;70
855;10:45:11;136;7104;75
856;10:45:21;137;7126;76
857;10:45:31;138;7150;70
858;10:45:41;138;7172;75
859;10:45:51;138;7195;78
860;10:46:01;138;7217;79
861;10:46:11;137;7239;78
862;10:46:21;137;7262;78
863;10:46:31;136;7285;71
864;10:46:41;136;7308;79
865;10:46:51;136;7330;71
866;10:47:01;136;7353;75
867;10:47:11;136;7375;72
868;10:47:21;136;7398;70
869;10:47:31;123;7421;70
870;10:47:41;106;7443;75
871;10:47:51;90;7466;78
872;10:48:01;72;7488;69
873;10:48:11;55;7511;69
874;10:48:21;38;7534;70
875;10:48:31;21;7557;70
876;10:48:41;4;7575;0
877;10:48:51;0;7575;0
878;10:49:01;0;7575;2
879;10:49:11;0;7575;0
880;10:49:21;0;7575;0
881;10:49:31;0;0;0
882;10:49:41;0;0;0
883;10:49:51;0;0;0
884;10:50:01;0;0;0
885;10:50:11;0;0;0
886;10:50:21;0;0;0
887;10:50:31;0;0;0
888;10:50:41;0;0;0
889;10:50:51;0;0;0
890;10:51:01;0;0;0
891;10:51:11;0;0;0
892;10:51:21;0;0;0
893;10:51:31;0;0;0
894;10:51:41;0;0;0
895;10:51:51;0;0;0
896;10:52:01;8;0;0
897;10:52:11;16;0;0
898;10:52:21;21;0;0
899;10:52:31;26;0;0
900;10:52:41;35;0;0
901;10:52:51;42;0;0
902;10:53:01;50;0;0
903;10:53:11;57;6;12
904;10:53:21;58;16;13
905;10:53:31;60;25;13
906;10:53:41;63;34;12
907;10:53:51;67;42;13
908;10:54:01;70;50;21
909;10:54:11;74;61;28
910;10:54:21;76;71;27
911;10:54:31;80;82;33
912;10:54:41;81;94;42
913;10:54:51;82;106;39
914;10:55:01;84;119;47
915;10:55:11;85;134;57
916;10:55:21;85;148;51
917;10:55:31;87;162;52
918;10:55:41;89;176;58
919;10:55:51;90;190;53
920;10:56:01;92;204;59
921;10:56:11;81;218;53
922;10:56:21;70;233;59
923;10:56:31;60;248;58
924;10:56:41;48;263;65
925;10:56:51;36;279;60
926;10:57:01;24;295;60
927;10:57:11;11;311;61
928;10:57:21;0;318;32
929;10:57:31;0;318;20
930;10:57:41;0;318;24
931;10:57:51;0;318;22
932;10:58:01;0;318;22
933;10:58:11;0;318;22
934;10:58:21;0;318;21
935;10:58:31;0;318;21
936;10:58:41;0;318;21
937;10:58:51;0;318;20
938;10:59:01;0;318;20
939;10:59:11;0;318;20
940;10:59:21;0;318;20
941;10:59:31;0;318;20
942;10:59:41;0;318;19
943;10:59:51;0;318;19
944;11:00:01;0;318;19
945;11:00:11;0;318;19
946;11:00:21;0;318;19
947;11:00:31;0;318;18
948;11:00:41;0;318;18
949;11:00:51;0;318;18
950;11:01:01;0;318;18
951;11:01:11;0;318;18
952;11:01:21;0;318;18
953;11:01:31;0;318;18
954;11:01:41;0;318;18
955;11:01:51;0;318;17
956;11:02:01;0;318;17
957;11:02:11;0;318;17
958;11:02:21;0;318;17
959;11:02:31;0;318;17
960;11:02:41;0;318;17
961;11:02:51;0;318;17
962;11:03:01;0;318;16
963;11:03:11;0;318;16
964;11:03:21;0;318;16
965;11:03:31;0;318;16
966;11:03:41;0;318;16
967;11:03:51;0;318;16
968;11:04:01;0;318;16
969;11:04:11;0;318;15
970;11:04:21;0;318;15
971;11:04:31;0;318;15
972;11:04:41;0;318;15
973;11:04:51;0;318;15
974;11:05:01;0;318;15
975;11:05:11;0;0;14
976;11:05:21;0;0;14
977;11:05:31;0;0;14
978;11:05:41;0;0;14
979;11:05:51;0;0;14
980;11:06:01;0;0;13
981;11:06:11;0;0;13
982;11:06:21;0;0;13
983;11:06:31;0;0;13
984;11:06:41;0;0;13
985;11:06:51;0;0;13
986;11:07:01;0;0;13
987;11:07:11;0;0;13
988;11:07:21;0;0;13
989;11:07:31;0;0;13
990;11:07:41;0;0;13
991;11:07:51;0;0;12
992;11:08:01;0;0;12
993;11:08:11;0;0;12
994;11:08:21;0;0;12
995;11:08:31;0;0;12
996;11:08:41;0;0;12
997;11:08:51;0;0;12
998;11:09:01;0;0;12
999;11:09:11;0;0;12
1000;11:09:21;0;0;11
1001;11:09:31;0;0;11
1002;11:09:41;0;0;11
1003;11:09:51;0;0;11
1004;11:10:01;0;0;11
1005;11:10:11;0;0;11
1006;11:10:21;0;0;11
1007;11:10:31;0;0;11
1008;11:10:41;0;0;11
1009;11:10:51;0;0;11
1010;11:11:01;8;0;11
1011;11:11:11;8;0;11
1012;11:11:21;8;0;11
1013;11:11:31;8;0;11
1014;11:11:41;8;0;10
1015;11:11:51;8;0;10
1016;11:12:01;8;0;10
1017;11:12:11;8;4;0
1018;11:12:21;0;11;13
1019;11:12:31;0;11;7
1020;11:12:41;0;11;7
1021;11:12:51;0;11;9
1022;11:13:01;0;11;8
1023;11:13:11;0;11;8
1024;11:13:21;0;11;8
1025;11:13:31;0;11;8
1026;11:13:41;0;11;8
1027;11:13:51;0;11;8
1028;11:14:01;0;11;8
1029;11:14:11;0;11;0
1030;11:14:21;0;11;0
1031;11:14:31;0;11;0
1032;11:14:41;0;11;0
1033;11:14:51;0;11;0
1034;11:15:01;0;11;0
1035;11:15:11;0;11;0
1036;11:15:21;0;11;0
1037;11:15:31;0;11;0
1038;11:15:41;0;11;0
1039;11:15:51;0;11;0
1040;11:16:01;0;11;0
1041;11:16:11;0;11;0
1042;11:16:21;0;11;0
1043;11:16:31;0;11;0
1044;11:16:41;0;11;0
1045;11:16:51;0;11;0
1046;11:17:01;0;11;0
1047;11:17:11;0;11;0
1048;11:17:21;0;11;0
1049;11:17:31;0;11;1
1050;11:17:41;0;11;0
1051;11:17:51;0;11;0
1052;11:18:01;0;11;0
1053;11:18:11;0;11;0
1054;11:18:21;0;11;0
1055;11:18:31;0;11;0
1056;11:18:41;0;11;0
1057;11:18:51;0;11;0
1058;11:19:01;0;11;0
1059;11:19:11;0;11;0
1060;11:19:21;0;11;0
1061;11:19:31;0;11;0
1062;11:19:41;0;11;0
1063;11:19:51;0;11;0
1064;11:20:01;0;11;0
1065;11:20:11;0;11;0
1066;11:20:21;0;11;0
1067;11:20:31;0;11;0
1068;11:20:41;0;11;0
1069;11:20:51;0;11;0
1070;11:21:01;0;11;0
1071;11:21:11;0;11;0
1072;11:21:21;0;11;0
1073;11:21:31;0;11;0
1074;11:21:41;0;0;0
1075;11:21:51;0;0;0
1076;11:22:01;0;0;0
1077;11:22:11;16;0;0
1078;11:22:21;30;0;0
1079;11:22:31;45;0;0
1080;11:22:41;61;0;0
1081;11:22:51;76;0;0
1082;11:23:01;92;0;0
1083;11:23:11;107;3;9
1084;11:23:21;122;17;58
1085;11:23:31;121;36;55
1086;11:23:41;121;56;60
1087;11:23:51;121;77;69
1088;11:24:01;120;99;66
1089;11:24:11;118;120;69
1090;11:24:21;116;141;65
1091;11:24:31;114;161;74
1092;11:24:41;112;181;63
1093;11:24:51;110;201;65
1094;11:25:01;108;220;65
1095;11:25:11;106;239;70
1096;11:25:21;104;257;75
1097;11:25:31;102;276;73
1098;11:25:41;100;293;67
1099;11:25:51;99;311;70
1100;11:26:01;99;328;71
1101;11:26:11;98;344;68
1102;11:26:21;98;361;72
1103;11:26:31;98;378;81
1104;11:26:41;98;394;80
1105;11:26:51;98;410;65
1106;11:27:01;100;427;67
1107;11:27:11;101;444;71
1108;11:27:21;100;460;72
1109;11:27:31;101;477;70
1110;11:27:41;102;494;68
1111;11:27:51;103;510;67
1112;11:28:01;103;527;65
1113;11:28:11;103;544;67
1114;11:28:21;103;561;67
1115;11:28:31;103;578;72
1116;11:28:41;104;596;75
1117;11:28:51;107;613;75
1118;11:29:01;109;631;73
1119;11:29:11;111;648;75
1120;11:29:21;114;666;64
1121;11:29:31;116;683;75
1122;11:29:41;119;700;74
1123;11:29:51;121;718;74
1124;11:30:01;122;738;91
1125;11:30:11;123;759;85
1126;11:30:21;124;779;89
1127;11:30:31;125;800;86
1128;11:30:41;126;821;94
1129;11:30:51;126;842;95
1130;11:31:01;127;863;81
1131;11:31:11;129;883;96
1132;11:31:21;129;904;90
1133;11:31:31;130;925;82
1134;11:31:41;130;947;88
1135;11:31:51;131;968;81
1136;11:32:01;131;990;84
1137;11:32:11;132;1012;82
1138;11:32:21;133;1033;93
1139;11:32:31;133;1055;80
1140;11:32:41;134;1077;79
1141;11:32:51;134;1098;81
1142;11:33:01;135;1121;82
1143;11:33:11;135;1143;84
1144;11:33:21;136;1165;80
1145;11:33:31;137;1188;78
1146;11:33:41;137;1210;83
1147;11:33:51;138;1233;78
1148;11:34:01;139;1256;80
1149;11:34:11;139;1279;81
1150;11:34:21;140;1302;83
1151;11:34:31;141;1324;77
1152;11:34:41;141;1347;80
1153;11:34:51;141;1371;87
1154;11:35:01;142;1394;81
1155;11:35:11;142;1417;91
1156;11:35:21;142;1441;87
1157;11:35:31;144;1464;77
1158;11:35:41;145;1488;75
1159;11:35:51;145;1512;91
1160;11:36:01;147;1535;92
1161;11:36:11;148;1558;78
1162;11:36:21;148;1583;87
1163;11:36:31;148;1606;80
1164;11:36:41;148;1631;86
1165;11:36:51;148;1655;79
1166;11:37:01;147;1679;84
1167;11:37:11;147;1704;71
1168;11:37:21;147;1728;72
1169;11:37:31;145;1752;78
1170;11:37:41;144;1776;78
1171;11:37:51;143;1800;85
1172;11:38:01;142;1824;86
1173;11:38:11;142;1848;78
1174;11:38:21;141;1872;78
1175;11:38:31;140;1896;83
1176;11:38:41;140;1920;82
1177;11:38:51;139;1943;84
1178;11:39:01;140;1967;75
1179;11:39:11;140;1990;83
1180;11:39:21;140;2014;78
1181;11:39:31;139;2036;79
1182;11:39:41;139;2059;87
1183;11:39:51;138;2083;77
1184;11:40:01;138;2106;88
1185;11:40:11;138;2129;74
1186;11:40:21;136;2152;86
1187;11:40:31;136;2175;85
1188;11:40:41;136;2197;77
1189;11:40:51;135;2220;87
1190;11:41:01;134;2243;74
1191;11:41:11;133;2264;88
1192;11:41:21;133;2287;87
1193;11:41:31;133;2310;79
1194;11:41:41;133;2332;92
1195;11:41:51;133;2355;78
1196;11:42:01;133;2377;80
1197;11:42:11;133;2399;85
1198;11:42:21;133;2421;93
1199;11:42:31;134;2443;81
1200;11:42:41;133;2465;89
1201;11:42:51;133;2487;75
1202;11:43:01;133;2509;82
1203;11:43:11;132;2530;93
1204;11:43:21;132;2553;87
1205;11:43:31;131;2574;79
1206;11:43:41;131;2596;78
1207;11:43:51;130;2618;91
1208;11:44:01;130;2640;80
1209;11:44:11;130;2661;86
1210;11:44:21;129;2683;88
1211;11:44:31;128;2704;90
1212;11:44:41;127;2725;81
1213;11:44:51;127;2747;92
1214;11:45:01;127;2768;81
1215;11:45:11;127;2790;91
1216;11:45:21;126;2811;95
1217;11:45:31;126;2832;87
1218;11:45:41;126;2853;82
1219;11:45:51;126;2874;90
1220;11:46:01;126;2895;75
1221;11:46:11;126;2915;83
1222;11:46:21;126;2936;85
1223;11:46:31;125;2957;82
1224;11:46:41;125;2978;84
1225;11:46:51;126;2999;78
1226;11:47:01;125;3020;82
1227;11:47:11;126;3040;88
1228;11:47:21;125;3061;80
1229;11:47:31;124;3081;80
1230;11:47:41;124;3102;85
1231;11:47:51;124;3122;82
1232;11:48:01;123;3142;80
1233;11:48:11;123;3162;91
1234;11:48:21;122;3183;79
1235;11:48:31;122;3203;96
1236;11:48:41;122;3223;94
1237;11:48:51;123;3243;85
1238;11:49:01;123;3264;81
1239;11:49:11;123;3284;81
1240;11:49:21;123;3305;88
1241;11:49:31;123;3324;86
1242;11:49:41;123;3344;75
1243;11:49:51;122;3365;92
1244;11:50:01;122;3385;80
1245;11:50:11;120;3405;85
1246;11:50:21;120;3425;75
1247;11:50:31;119;3446;84
1248;11:50:41;119;3466;79
1249;11:50:51;119;3486;88
1250;11:51:01;118;3506;86
1251;11:51:11;119;3526;77
1252;11:51:21;118;3546;82
1253;11:51:31;119;3566;81
1254;11:51:41;120;3586;94
1255;11:51:51;120;3606;85
1256;11:52:01;120;3626;74
1257;11:52:11;119;3646;92
1258;11:52:21;120;3666;80
1259;11:52:31;120;3687;84
1260;11:52:41;120;3706;90
1261;11:52:51;119;3726;84
1262;11:53:01;119;3746;88
1263;11:53:11;119;3766;81
1264;11:53:21;120;3786;85
1265;11:53:31;120;3806;86
1266;11:53:41;119;3826;80
1267;11:53:51;119;3846;90
1268;11:54:01;118;3867;81
1269;11:54:11;118;3887;86
1270;11:54:21;120;3907;85
1271;11:54:31;121;3926;78
1272;11:54:41;123;3946;82
1273;11:54:51;125;3966;97
1274;11:55:01;127;3985;81
1275;11:55:11;129;4005;86
1276;11:55:21;130;4025;91
1277;11:55:31;133;4046;80
1278;11:55:41;132;4067;104
1279;11:55:51;131;4089;90
1280;11:56:01;131;4111;109
1281;11:56:11;131;4132;119
1282;11:56:21;130;4154;106
1283;11:56:31;131;4176;105
1284;11:56:41;131;4199;104
1285;11:56:51;131;4221;112
1286;11:57:01;131;4243;108
1287;11:57:11;132;4265;120
1288;11:57:21;132;4287;112
1289;11:57:31;132;4309;116
1290;11:57:41;133;4331;107
1291;11:57:51;133;4353;113
1292;11:58:01;134;4374;103
1293;11:58:11;135;4396;109
1294;11:58:21;135;4419;117
1295;11:58:31;135;4440;121
1296;11:58:41;135;4463;112
1297;11:58:51;134;4484;114
1298;11:59:01;134;4507;105
1299;11:59:11;133;4529;112
1300;11:59:21;131;4551;104
1301;11:59:31;131;4572;100
1302;11:59:41;130;4594;117
1303;11:59:51;130;4616;105
1304;12:00:01;131;4638;110
1305;12:00:11;130;4660;102
1306;12:00:21;131;4682;103
1307;12:00:31;131;4704;108
1308;12:00:41;131;4725;103
1309;12:00:51;132;4748;117
1310;12:01:01;131;4770;114
1311;12:01:11;131;4791;103
1312;12:01:21;130;4813;104
1313;12:01:31;129;4835;106
1314;12:01:41;129;4857;107
1315;12:01:51;129;4878;106
1316;12:02:01;129;4900;109
1317;12:02:11;128;4922;104
1318;12:02:21;129;4943;99
1319;12:02:31;128;4965;118
1320;12:02:41;128;4986;97
1321;12:02:51;128;5007;102
1322;12:03:01;127;5029;114
1323;12:03:11;127;5050;102
1324;12:03:21;127;5072;104
1325;12:03:31;126;5093;103
1326;12:03:41;126;5115;112
1327;12:03:51;127;5136;100
1328;12:04:01;126;5158;108
1329;12:04:11;127;5179;110
1330;12:04:21;127;5200;107
1331;12:04:31;126;5221;111
1332;12:04:41;125;5242;104
1333;12:04:51;124;5263;109
1334;12:05:01;124;5284;126
1335;12:05:11;123;5305;121
1336;12:05:21;123;5326;98
1337;12:05:31;123;5347;106
1338;12:05:41;122;5367;108
1339;12:05:51;123;5388;98
1340;12:06:01;123;5408;104
1341;12:06:11;123;5428;123
1342;12:06:21;123;5449;109
1343;12:06:31;123;5469;117
1344;12:06:41;123;5489;106
1345;12:06:51;123;5510;109
1346;12:07:01;123;5530;99
1347;12:07:11;123;5551;101
1348;12:07:21;123;5571;117
1349;12:07:31;123;5592;113
1350;12:07:41;124;5612;111
1351;12:07:51;123;5632;121
1352;12:08:01;123;5652;126
1353;12:08:11;122;5672;110
1354;12:08:21;122;5693;106
1355;12:08:31;121;5713;104
1356;12:08:41;122;5733;113
1357;12:08:51;122;5753;111
1358;12:09:01;121;5774;99
1359;12:09:11;122;5794;112
1360;12:09:21;120;5814;107
1361;12:09:31;120;5833;107
1362;12:09:41;119;5853;108
1363;12:09:51;118;5874;111
1364;12:10:01;117;5893;100
1365;12:10:11;102;5913;106
1366;12:10:21;87;5933;111
1367;12:10:31;71;5953;104
1368;12:10:41;57;5972;110
1369;12:10:51;56;5992;125
1370;12:11:01;56;6011;108
1371;12:11:11;53;6029;119
1372;12:11:21;53;6038;17
1373;12:11:31;70;6038;17
1374;12:11:41;83;6038;17
1375;12:11:51;98;0;16
1376;12:12:01;115;6;68
1377;12:12:11;118;25;125
1378;12:12:21;119;43;123
1379;12:12:31;121;63;54
1380;12:12:41;126;82;114
1381;12:12:51;128;102;118
1382;12:13:01;135;123;115
1383;12:13:11;141;143;62
1384;12:13:21;141;165;99
1385;12:13:31;140;186;57
1386;12:13:41;141;208;104
1387;12:13:51;128;230;100
1388;12:14:01;109;253;111
1389;12:14:11;90;276;92
1390;12:14:21;70;300;91
1391;12:14:31;49;323;112
1392;12:14:41;32;346;90
1393;12:14:51;17;370;104
1394;12:15:01;0;385;9
1395;12:15:11;0;385;10
1396;12:15:21;0;385;10
1397;12:15:31;0;385;0
1398;12:15:41;0;385;0
1399;12:15:51;15;385;0
1400;12:16:01;35;385;0
1401;12:16:11;56;385;0
1402;12:16:21;78;385;0
1403;12:16:31;101;385;0
1404;12:16:41;125;385;0
1405;12:16:51;149;385;1
1406;12:17:01;174;393;65
1407;12:17:11;180;416;93
1408;12:17:21;180;443;92
1409;12:17:31;179;473;90
1410;12:17:41;178;502;99
1411;12:17:51;174;532;84
1412;12:18:01;171;564;82
1413;12:18:11;166;597;80
1414;12:18:21;160;626;95
1415;12:18:31;160;652;101
1416;12:18:41;160;680;104
1417;12:18:51;160;707;92
1418;12:19:01;160;734;102
1419;12:19:11;159;761;97
1420;12:19:21;159;788;99
1421;12:19:31;159;814;105
1422;12:19:41;159;841;97
1423;12:19:51;159;868;92
1424;12:20:01;158;894;92
1425;12:20:11;158;921;97
1426;12:20:21;158;948;97
1427;12:20:31;158;975;94
1428;12:20:41;157;1001;95
1429;12:20:51;158;1028;103
1430;12:21:01;158;1054;95
1431;12:21:11;157;1079;95
1432;12:21:21;157;1106;106
1433;12:21:31;156;1132;98
1434;12:21:41;156;1158;97
1435;12:21:51;155;1184;95
1436;12:22:01;155;1210;97
1437;12:22:11;153;1236;99
1438;12:22:21;151;1262;104
1439;12:22:31;150;1288;108
1440;12:22:41;150;1313;108
1441;12:22:51;149;1337;103
1442;12:23:01;149;1363;100
1443;12:23:11;148;1388;95
1444;12:23:21;147;1413;100
1445;12:23:31;128;1437;109
1446;12:23:41;112;1463;101
1447;12:23:51;94;1487;106
1448;12:24:01;75;1512;108
1449;12:24:11;56;1536;99
1450;12:24:21;38;1560;95
1451;12:24:31;20;1583;99
1452;12:24:41;2;1600;0
1453;12:24:51;2;1601;0
1454;12:25:01;0;1601;0
1455;12:25:11;0;1601;0
1456;12:25:21;0;1601;0
1457;12:25:31;0;1601;0
1458;12:25:41;0;1601;0
1459;12:25:51;0;1601;0
1460;12:26:01;0;1601;0
1461;12:26:11;0;1601;0
1462;12:26:21;0;1601;0
1463;12:26:31;0;1601;0
1464;12:26:41;0;1601;0
1465;12:26:51;0;1601;0
1466;12:27:01;0;1601;0
1467;12:27:11;0;1601;0
1468;12:27:21;0;1601;0
1469;12:27:31;0;1601;0
1470;12:27:41;0;1601;0
1471;12:27:51;0;1601;0
1472;12:28:01;0;1601;0
1473;12:28:11;0;1601;0
1474;12:28:21;0;1601;0
1475;12:28:31;0;1601;0
1476;12:28:41;0;1601;0
1477;12:28:51;0;1601;0
1478;12:29:01;0;1601;0
1479;12:29:11;0;1601;0
1480;12:29:21;0;1601;0
1481;12:29:31;0;1601;0
1482;12:29:41;0;1601;0
1483;12:29:51;0;1601;0
1484;12:30:01;0;1601;0
1485;12:30:11;0;1601;0
1486;12:30:21;0;1601;0
1487;12:30:31;0;1601;0
1488;12:30:41;0;1601;0
1489;12:30:51;0;1601;0
1490;12:31:01;0;1601;0
1491;12:31:11;0;1601;0
1492;12:31:21;0;0;0
1493;12:31:31;0;0;0
1494;12:31:41;0;0;0
1495;12:31:51;0;0;0
1496;12:32:01;0;0;0
1497;12:32:11;0;0;0
1498;12:32:21;0;0;0
1499;12:32:31;0;0;0
1500;12:32:41;0;0;0
1501;12:32:51;0;0;0
1502;12:33:01;0;0;0
1503;12:33:11;0;0;0
1504;12:33:21;0;0;0
1505;12:33:31;0;0;0
1506;12:33:41;0;0;0
1507;12:33:51;0;0;0
1508;12:34:01;0;0;0
1509;12:34:11;0;0;0
1510;12:34:21;0;0;0
1511;12:34:31;0;0;0
1512;12:34:41;0;0;0
1513;12:34:51;0;0;0
1514;12:35:01;0;0;0
1515;12:35:11;0;0;0
1516;12:35:21;0;0;0
1517;12:35:31;0;0;0
1518;12:35:41;0;0;0
1519;12:35:51;0;0;0
1520;12:36:01;0;0;0
1521;12:36:11;0;0;0
1522;12:36:21;0;0;0
1523;12:36:31;0;0;0
1524;12:36:41;0;0;0
1525;12:36:51;0;0;0
1526;12:37:01;0;0;0
1527;12:37:11;0;0;0
1528;12:37:21;0;0;0
1529;12:37:31;0;0;0
1530;12:37:41;0;0;0
1531;12:37:51;0;0;0
1532;12:38:01;14;0;0
1533;12:38:11;25;0;0
1534;12:38:21;39;0;0
1535;12:38:31;65;0;0
1536;12:38:41;91;0;0
1537;12:38:51;114;0;0
1538;12:39:01;130;0;0
1539;12:39:11;148;6;0
1540;12:39:21;151;20;0
1541;12:39:31;157;0;0
1542;12:39:41;157;21;6
1543;12:39:51;148;56;6
1544;12:40:01;139;88;17
1545;12:40:11;132;112;26
1546;12:40:21;132;133;41
1547;12:40:31;133;156;49
1548;12:40:41;133;179;60
1549;12:40:51;134;198;58
1550;12:41:01;137;219;74
1551;12:41:11;139;240;69
1552;12:41:21;141;262;68
1553;12:41:31;143;284;69
1554;12:41:41;144;307;87
1555;12:41:51;144;332;87
1556;12:42:01;144;355;85
1557;12:42:11;144;380;85
1558;12:42:21;144;403;81
1559;12:42:31;144;428;81
1560;12:42:41;144;451;85
1561;12:42:51;143;474;80
1562;12:43:01;143;499;80
1563;12:43:11;144;522;84
1564;12:43:21;144;547;84
1565;12:43:31;144;570;81
1566;12:43:41;144;594;89
1567;12:43:51;145;618;86
1568;12:44:01;145;642;81
1569;12:44:11;145;666;89
1570;12:44:21;145;690;81
1571;12:44:31;145;713;88
1572;12:44:41;145;737;89
1573;12:44:51;144;761;80
1574;12:45:01;144;785;84
1575;12:45:11;144;809;84
1576;12:45:21;144;833;82
1577;12:45:31;143;857;81
1578;12:45:41;143;881;84
1579;12:45:51;143;905;84
1580;12:46:01;144;929;82
1581;12:46:11;144;952;83
1582;12:46:21;144;976;81
1583;12:46:31;144;1000;85
1584;12:46:41;144;1024;84
1585;12:46:51;145;1048;83
1586;12:47:01;145;1072;88
1587;12:47:11;145;1096;87
1588;12:47:21;144;1120;90
1589;12:47:31;144;1144;81
1590;12:47:41;144;1168;84
1591;12:47:51;144;1191;87
1592;12:48:01;143;1216;86
1593;12:48:11;143;1239;90
1594;12:48:21;142;1264;81
1595;12:48:31;142;1287;85
1596;12:48:41;142;1312;84
1597;12:48:51;142;1335;80
1598;12:49:01;142;1360;85
1599;12:49:11;143;1384;83
1600;12:49:21;143;1408;81
1601;12:49:31;144;1431;83
1602;12:49:41;144;1455;80
1603;12:49:51;144;1479;85
1604;12:50:01;144;1503;81
1605;12:50:11;144;1527;82
1606;12:50:21;144;1551;85
1607;12:50:31;144;1575;83
1608;12:50:41;144;1599;82
1609;12:50:51;144;1623;86
1610;12:51:01;144;1647;84
1611;12:51:11;144;1670;84
1612;12:51:21;144;1694;81
1613;12:51:31;143;1718;82
1614;12:51:41;143;1742;85
1615;12:51:51;142;1766;84
1616;12:52:01;143;1790;90
1617;12:52:11;144;1814;90
1618;12:52:21;144;1838;85
1619;12:52:31;144;1862;84
1620;12:52:41;145;1886;81
1621;12:52:51;145;1909;89
1622;12:53:01;145;1933;89
1623;12:53:11;145;1957;79
1624;12:53:21;145;1981;84
1625;12:53:31;144;2005;83
1626;12:53:41;143;2029;83
1627;12:53:51;143;2053;81
1628;12:54:01;143;2077;88
1629;12:54:11;144;2101;86
1630;12:54:21;144;2125;84
1631;12:54:31;144;2148;88
1632;12:54:41;144;2172;84
1633;12:54:51;145;2196;84
1634;12:55:01;145;2220;89
1635;12:55:11;144;2244;82
1636;12:55:21;144;2268;80
1637;12:55:31;144;2292;82
1638;12:55:41;144;2316;84
1639;12:55:51;144;2339;84
1640;12:56:01;144;2364;84
1641;12:56:11;143;2387;84
1642;12:56:21;143;2411;85
1643;12:56:31;143;2434;84
1644;12:56:41;143;2458;90
1645;12:56:51;143;2482;90
1646;12:57:01;143;2506;79
1647;12:57:11;143;2530;79
1648;12:57:21;143;2554;83
1649;12:57:31;143;2578;82
1650;12:57:41;143;2602;81
1651;12:57:51;143;2625;82
1652;12:58:01;143;2649;83
1653;12:58:11;143;2673;82
1654;12:58:21;143;2697;88
1655;12:58:31;142;2721;84
1656;12:58:41;142;2745;86
1657;12:58:51;142;2769;90
1658;12:59:01;142;2793;80
1659;12:59:11;143;2817;79
1660;12:59:21;143;2841;84
1661;12:59:31;142;2864;80
1662;12:59:41;143;2888;81
1663;12:59:51;143;2912;84
1664;13:00:01;143;2936;83
1665;13:00:11;143;2960;83
1666;13:00:21;143;2984;81
1667;13:00:31;144;3008;89
1668;13:00:41;144;3032;88
1669;13:00:51;144;3055;84
1670;13:01:01;144;3080;85
1671;13:01:11;144;3103;86
1672;13:01:21;145;3127;86
1673;13:01:31;144;3151;88
1674;13:01:41;144;3174;80
1675;13:01:51;143;3199;80
1676;13:02:01;143;3222;85
1677;13:02:11;143;3247;84
1678;13:02:21;143;3270;82
1679;13:02:31;143;3294;89
1680;13:02:41;144;3318;88
1681;13:02:51;144;3341;81
1682;13:03:01;144;3365;81
1683;13:03:11;145;3389;86
1684;13:03:21;144;3413;80
1685;13:03:31;145;3437;88
1686;13:03:41;145;3461;83
1687;13:03:51;144;3485;80
1688;13:04:01;144;3509;81
1689;13:04:11;144;3533;84
1690;13:04:21;144;3557;84
1691;13:04:31;144;3581;83
1692;13:04:41;144;3604;84
1693;13:04:51;143;3628;84
1694;13:05:01;143;3652;81
1695;13:05:11;143;3676;90
1696;13:05:21;143;3700;88
1697;13:05:31;143;3724;80
1698;13:05:41;143;3748;83
1699;13:05:51;143;3772;82
1700;13:06:01;144;3796;82
1701;13:06:11;144;3820;81
1702;13:06:21;145;3843;82
1703;13:06:31;144;3867;81
1704;13:06:41;144;3891;84
1705;13:06:51;144;3915;84
1706;13:07:01;144;3939;83
1707;13:07:11;143;3963;83
1708;13:07:21;143;3987;88
1709;13:07:31;143;4011;79
1710;13:07:41;143;4035;86
1711;13:07:51;143;4058;83
1712;13:08:01;144;4082;87
1713;13:08:11;144;4106;89
1714;13:08:21;144;4130;81
1715;13:08:31;145;4154;79
1716;13:08:41;145;4178;84
1717;13:08:51;145;4202;82
1718;13:09:01;145;4226;81
1719;13:09:11;145;4250;82
1720;13:09:21;145;4274;86
1721;13:09:31;145;4298;84
1722;13:09:41;145;4321;84
1723;13:09:51;145;4345;86
1724;13:10:01;145;4369;84
1725;13:10:11;145;4393;88
1726;13:10:21;145;4417;89
1727;13:10:31;145;4441;80
1728;13:10:41;145;4465;79
1729;13:10:51;144;4488;85
1730;13:11:01;144;4513;84
1731;13:11:11;144;4536;82
1732;13:11:21;144;4559;84
1733;13:11:31;144;4583;83
1734;13:11:41;143;4607;81
1735;13:11:51;143;4631;81
1736;13:12:01;143;4655;87
1737;13:12:11;144;4679;79
1738;13:12:21;144;4703;80
1739;13:12:31;143;4727;81
1740;13:12:41;143;4751;82
1741;13:12:51;143;4773;81
1742;13:13:01;143;4798;84
1743;13:13:11;143;4821;84
1744;13:13:21;142;4845;78
1745;13:13:31;142;4869;78
1746;13:13:41;142;4893;79
1747;13:13:51;142;4916;80
1748;13:14:01;142;4940;87
1749;13:14:11;142;4964;87
1750;13:14:21;142;4988;82
1751;13:14:31;142;5012;82
1752;13:14:41;142;5034;80
1753;13:14:51;142;5058;84
1754;13:15:01;142;5082;86
1755;13:15:11;142;5106;79
1756;13:15:21;142;5129;81
1757;13:15:31;142;5153;82
1758;13:15:41;142;5177;86
1759;13:15:51;142;5200;79
1760;13:16:01;142;5224;82
1761;13:16:11;141;5248;82
1762;13:16:21;141;5271;80
1763;13:16:31;141;5295;83
1764;13:16:41;142;5318;79
1765;13:16:51;142;5342;79
1766;13:17:01;142;5366;79
1767;13:17:11;142;5390;84
1768;13:17:21;143;5413;82
1769;13:17:31;143;5437;79
1770;13:17:41;143;5461;79
1771;13:17:51;143;5485;86
1772;13:18:01;143;5508;88
1773;13:18:11;143;5531;87
1774;13:18:21;144;5555;81
1775;13:18:31;143;5579;81
1776;13:18:41;143;5603;85
1777;13:18:51;143;5626;86
1778;13:19:01;142;5650;80
1779;13:19:11;142;5674;81
1780;13:19:21;142;5698;84
1781;13:19:31;142;5721;86
1782;13:19:41;142;5744;81
1783;13:19:51;143;5768;78
1784;13:20:01;143;5792;77
1785;13:20:11;143;5815;79
1786;13:20:21;143;5839;80
1787;13:20:31;143;5862;86
1788;13:20:41;143;5887;80
1789;13:20:51;143;5910;82
1790;13:21:01;143;5934;79
1791;13:21:11;143;5958;87
1792;13:21:21;143;5980;85
1793;13:21:31;143;6005;87
1794;13:21:41;142;6028;78
1795;13:21:51;142;6052;81
1796;13:22:01;142;6076;81
1797;13:22:11;142;6100;79
1798;13:22:21;141;6123;79
1799;13:22:31;142;6147;79
1800;13:22:41;142;6171;79
1801;13:22:51;142;6195;86
1802;13:23:01;142;6218;87
1803;13:23:11;142;6241;87
1804;13:23:21;143;6265;80
1805;13:23:31;143;6289;80
1806;13:23:41;143;6313;84
1807;13:23:51;143;6336;84
1808;13:24:01;142;6360;78
1809;13:24:11;143;6384;80
1810;13:24:21;143;6408;81
1811;13:24:31;143;6432;83
1812;13:24:41;142;6454;79
1813;13:24:51;142;6478;86
1814;13:25:01;142;6502;83
1815;13:25:11;142;6526;82
1816;13:25:21;142;6549;79
1817;13:25:31;142;6573;87
1818;13:25:41;142;6597;86
1819;13:25:51;142;6620;81
1820;13:26:01;142;6645;81
1821;13:26:11;142;6668;85
1822;13:26:21;142;6691;82
1823;13:26:31;142;6715;85
1824;13:26:41;143;6738;77
1825;13:26:51;142;6763;79
1826;13:27:01;142;6786;79
1827;13:27:11;142;6810;85
1828;13:27:21;143;6834;85
1829;13:27:31;142;6858;82
1830;13:27:41;142;6881;82
1831;13:27:51;142;6905;87
1832;13:28:01;142;6928;85
1833;13:28:11;142;6951;85
1834;13:28:21;143;6976;78
1835;13:28:31;143;6999;78
1836;13:28:41;143;7023;81
1837;13:28:51;143;7047;81
1838;13:29:01;143;7071;78
1839;13:29:11;143;7094;78
1840;13:29:21;143;7118;78
1841;13:29:31;143;7142;80
1842;13:29:41;143;7165;82
1843;13:29:51;143;7189;87
1844;13:30:01;142;7212;87
1845;13:30:11;142;7236;80
1846;13:30:21;142;7260;81
1847;13:30:31;143;7283;84
1848;13:30:41;143;7307;87
1849;13:30:51;143;7331;78
1850;13:31:01;143;7355;81
1851;13:31:11;143;7378;80
1852;13:31:21;143;7401;79
1853;13:31:31;143;7425;81
1854;13:31:41;143;7449;86
1855;13:31:51;143;7473;77
1856;13:32:01;143;7496;81
1857;13:32:11;143;7520;87
1858;13:32:21;142;7544;87
1859;13:32:31;143;7568;82
1860;13:32:41;143;7591;82
1861;13:32:51;142;7615;86
1862;13:33:01;142;7638;84
1863;13:33:11;142;7662;84
1864;13:33:21;142;7686;78
1865;13:33:31;142;7709;78
1866;13:33:41;142;7733;81
1867;13:33:51;142;7757;81
1868;13:34:01;143;7781;77
1869;13:34:11;143;7804;78
1870;13:34:21;143;7828;79
1871;13:34:31;131;7852;81
1872;13:34:41;113;7875;80
1873;13:34:51;96;7899;87
1874;13:35:01;78;7922;84
1875;13:35:11;60;7946;82
1876;13:35:21;42;7970;80
1877;13:35:31;24;7993;87
1878;13:35:41;7;8009;12
1879;13:35:51;0;8011;0
1880;13:36:01;0;0;0
1881;13:36:11;0;0;0
1882;13:36:21;0;0;0
1883;13:36:31;0;0;0
1884;13:36:41;0;0;0
1885;13:36:51;0;0;0
1886;13:37:01;0;0;0
1887;13:37:11;0;0;0
1888;13:37:21;0;0;0
1889;13:37:31;0;0;0
1890;13:37:41;0;0;0
1891;13:37:51;0;0;0
1892;13:38:01;0;0;0
1893;13:38:11;0;0;0
1894;13:38:21;0;0;0
1895;13:38:31;0;0;0
1896;13:38:41;0;0;0
1897;13:38:51;0;0;0
1898;13:39:01;0;0;0
1899;13:39:11;0;0;0
1900;13:39:21;0;0;0
1901;13:39:31;0;0;0
1902;13:39:41;0;0;0
1903;13:39:51;0;0;0
1904;13:40:01;0;0;0
1905;13:40:11;0;0;0
1906;13:40:21;0;0;0
1907;13:40:31;0;0;0
1908;13:40:41;0;0;0
1909;13:40:51;0;0;0
1910;13:41:01;0;0;0
1911;13:41:11;0;0;0
1912;13:41:21;0;0;0
1913;13:41:31;0;0;0
1914;13:41:41;0;0;0
1915;13:41:51;0;0;0
1916;13:42:01;0;0;0
1917;13:42:11;0;0;0
1918;13:42:21;0;0;0
1919;13:42:31;0;0;0
1920;13:42:41;0;0;0
1921;13:42:51;0;0;0
1922;13:43:01;0;0;0
1923;13:43:11;0;0;0
1924;13:43:21;0;0;0
1925;13:43:31;0;0;0
1926;13:43:41;0;0;0
1927;13:43:51;0;0;0
1928;13:44:01;0;0;0
1929;13:44:11;0;0;0
1930;13:44:21;0;0;0
1931;13:44:31;0;0;0
1932;13:44:41;0;0;0
1933;13:44:51;0;0;0
1934;13:45:01;0;0;0
1935;13:45:11;0;0;0
1936;13:45:21;0;0;0
1937;13:45:31;0;0;0
1938;13:45:41;0;0;0
1939;13:45:51;0;0;0
1940;13:46:01;0;0;0
1941;13:46:11;0;0;0
1942;13:46:21;0;0;0
1943;13:46:31;0;0;0
1944;13:46:41;0;0;0
1945;13:46:51;0;0;0
1946;13:47:01;0;0;0
1947;13:47:11;0;0;0
1948;13:47:21;0;0;0
1949;13:47:31;0;0;0
1950;13:47:41;0;0;0
1951;13:47:51;0;0;0
1952;13:48:01;0;0;0
1953;13:48:11;0;0;0
1954;13:48:21;0;0;0
1955;13:48:31;0;0;0
1956;13:48:41;0;0;0
1957;13:48:51;0;0;0
1958;13:49:01;0;0;0
1959;13:49:11;0;0;0
1960;13:49:21;0;0;0
1961;13:49:31;0;0;0
1962;13:49:41;0;0;0
1963;13:49:51;0;0;0
1964;13:50:01;0;0;0
1965;13:50:11;0;0;0
1966;13:50:21;0;0;0
1967;13:50:31;0;0;0
1968;13:50:41;0;0;0
1969;13:50:51;4;0;0
1970;13:51:01;5;0;0
1971;13:51:11;5;0;0
1972;13:51:21;5;0;0
1973;13:51:31;5;0;0
1974;13:51:41;5;0;0
1975;13:51:51;5;0;0
1976;13:52:01;5;1;0
1977;13:52:11;2;2;0
1978;13:52:21;1;3;0
1979;13:52:31;1;3;0
1980;13:52:41;1;3;0
1981;13:52:51;1;3;0
1982;13:53:01;0;3;0
1983;13:53:11;0;3;0
1984;13:53:21;0;3;0
1985;13:53:31;0;3;0
1986;13:53:41;0;3;0
1987;13:53:51;1;3;0
1988;13:54:01;1;3;0
1989;13:54:11;1;3;0
1990;13:54:21;1;3;0
1991;13:54:31;1;3;0
1992;13:54:41;1;3;0
1993;13:54:51;1;3;0
1994;13:55:01;1;4;0
1995;13:55:11;0;4;0
1996;13:55:21;0;4;0
1997;13:55:31;0;4;0
1998;13:55:41;0;4;0
1999;13:55:51;0;4;0
2000;13:56:01;0;4;0
2001;13:56:11;0;4;0
2002;13:56:21;0;4;0
2003;13:56:31;0;4;0
2004;13:56:41;0;4;0
2005;13:56:51;0;4;4
2006;13:57:01;0;4;2
2007;13:57:11;0;4;5
2008;13:57:21;0;4;1
2009;13:57:31;1;4;0
2010;13:57:41;1;4;0
2011;13:57:51;1;4;0
2012;13:58:01;1;4;0
2013;13:58:11;1;4;0
2014;13:58:21;1;4;0
2015;13:58:31;1;4;0
2016;13:58:41;1;6;0
2017;13:58:51;0;6;0
2018;13:59:01;0;6;0
2019;13:59:11;0;6;0
2020;13:59:21;0;6;0
2021;13:59:31;0;6;0
2022;13:59:41;0;6;0
2023;13:59:51;0;6;0
2024;14:00:01;0;6;0
2025;14:00:11;0;6;0
2026;14:00:21;0;6;0
2027;14:00:31;0;6;0
2028;14:00:41;0;6;0
2029;14:00:51;0;6;0
2030;14:01:01;0;6;0
2031;14:01:11;0;6;0
2032;14:01:21;0;6;0
2033;14:01:31;0;6;0
2034;14:01:41;0;6;0
2035;14:01:51;0;6;0
2036;14:02:01;0;6;0
2037;14:02:11;0;6;0
2038;14:02:21;0;6;0
2039;14:02:31;0;6;0
2040;14:02:41;0;6;0
2041;14:02:51;0;6;0
2042;14:03:01;0;6;0
2043;14:03:11;0;6;0
2044;14:03:21;0;6;0
2045;14:03:31;0;6;0
2046;14:03:41;0;6;0
2047;14:03:51;0;6;0
2048;14:04:01;0;6;0
2049;14:04:11;0;6;0
2050;14:04:21;0;6;0
2051;14:04:31;0;6;0
2052;14:04:41;0;6;0
2053;14:04:51;0;6;0
2054;14:05:01;0;6;0
2055;14:05:11;0;6;0
2056;14:05:21;0;6;0
2057;14:05:31;0;6;0
2058;14:05:41;0;6;0
2059;14:05:51;0;6;0
2060;14:06:01;0;6;0
2061;14:06:11;0;6;0
2062;14:06:21;0;6;0
2063;14:06:31;0;6;0
2064;14:06:41;0;6;0
2065;14:06:51;0;6;0
2066;14:07:01;0;6;0
2067;14:07:11;0;6;0
2068;14:07:21;0;6;0
2069;14:07:31;0;6;0
2070;14:07:41;0;6;0
2071;14:07:51;0;6;0
2072;14:08:01;0;6;0
2073;14:08:11;0;6;0
2074;14:08:21;0;6;0
2075;14:08:31;0;6;0
2076;14:08:41;0;6;0
2077;14:08:51;0;6;0
2078;14:09:01;0;6;0
2079;14:09:11;0;6;0
2080;14:09:21;0;6;0
2081;14:09:31;0;6;0
2082;14:09:41;0;6;0
2083;14:09:51;0;6;0
2084;14:10:01;0;6;0
2085;14:10:11;0;6;0
2086;14:10:21;0;6;0
2087;14:10:31;0;6;0
2088;14:10:41;0;6;0
2089;14:10:51;0;6;0
2090;14:11:01;0;6;0
2091;14:11:11;0;6;0
2092;14:11:21;0;6;0
2093;14:11:31;0;6;0
2094;14:11:41;0;6;0
2095;14:11:51;0;6;0
2096;14:12:01;0;6;0
2097;14:12:11;0;6;0
2098;14:12:21;0;6;0
2099;14:12:31;0;6;0
2100;14:12:41;0;6;0
2101;14:12:51;0;6;0
2102;14:13:01;0;6;0
2103;14:13:11;0;6;0
2104;14:13:21;0;6;0
2105;14:13:31;55;6;0
2106;14:13:41;55;6;0
2107;14:13:51;55;6;0
2108;14:14:01;55;6;0
2109;14:14:11;55;6;0
2110;14:14:21;55;6;0
2111;14:14:31;55;6;0
2112;14:14:41;88;36;0
2113;14:14:51;68;74;0
2114;14:15:01;100;74;0
2115;14:15:11;132;74;0
2116;14:15:21;163;74;0
2117;14:15:31;194;74;0
2118;14:15:41;223;74;0
2119;14:15:51;252;107;10
2120;14:16:01;247;153;19
2121;14:16:11;240;197;24
2122;14:16:21;235;237;36
2123;14:16:31;230;280;38
2124;14:16:41;226;320;40
2125;14:16:51;221;361;43
2126;14:17:01;216;400;46
2127;14:17:11;211;439;60
2128;14:17:21;206;476;63
2129;14:17:31;199;514;67
2130;14:17:41;192;550;66
2131;14:17:51;186;585;70
2132;14:18:01;179;619;80
2133;14:18:11;174;652;82
2134;14:18:21;169;684;92
2135;14:18:31;165;715;97
2136;14:18:41;163;744;101
2137;14:18:51;162;771;110
2138;14:19:01;161;798;105
2139;14:19:11;160;826;106
2140;14:19:21;160;852;111
2141;14:19:31;160;880;112
2142;14:19:41;160;906;106
2143;14:19:51;160;932;108
2144;14:20:01;160;960;109
2145;14:20:11;160;986;113
2146;14:20:21;161;1014;114
2147;14:20:31;162;1040;113
2148;14:20:41;162;1068;112
2149;14:20:51;162;1094;108
2150;14:21:01;163;1122;110
2151;14:21:11;163;1148;110
2152;14:21:21;163;1174;111
2153;14:21:31;163;1202;114
2154;14:21:41;163;1228;110
2155;14:21:51;162;1256;113
2156;14:22:01;162;1282;116
2157;14:22:21;162;1336;107
2158;14:22:31;162;1364;111
2159;14:22:41;163;1390;112
2160;14:22:51;163;1418;114
2161;14:23:01;163;1443;111
2162;14:23:11;162;1470;108
2163;14:23:21;162;1497;115
2164;14:23:31;163;1524;117
2165;14:23:41;164;1551;109
2166;14:23:51;164;1578;109
2167;14:24:01;164;1605;110
2168;14:24:11;164;1632;112
2169;14:24:21;164;1659;116
2170;14:24:31;165;1686;116
2171;14:24:41;165;1712;112
2172;14:24:51;165;1739;116
2173;14:25:01;164;1766;115
2174;14:25:11;163;1793;115
2175;14:25:21;145;1821;115
2176;14:25:31;124;1847;113
2177;14:25:41;104;1875;109
2178;14:25:51;83;1902;113
2179;14:26:01;63;1929;109
2180;14:26:11;42;1956;113
2181;14:26:21;22;1982;100
2182;14:26:31;3;2003;4
2183;14:26:41;0;2005;0
2184;14:26:51;0;2005;0
2185;14:27:01;0;2005;0
2186;14:27:11;0;2005;0
2187;14:27:21;0;2005;0
2188;14:27:31;0;2005;0
2189;14:27:41;0;2005;0
2190;14:27:51;0;2005;0
2191;14:28:01;0;2005;0
2192;14:28:11;0;2005;0
