Id;HEURE;Debit;Total;Pression;Densite
1;07:00:24;0;0;3;
2;07:00:34;0;0;3;
3;07:00:44;0;0;3;
4;07:00:54;0;0;3;
5;07:01:04;0;0;3;
6;07:01:14;0;0;3;
7;07:01:24;0;0;3;
8;07:01:34;0;0;3;
9;07:01:44;0;0;3;
10;07:01:54;0;0;3;
11;07:02:04;0;0;3;
12;07:02:14;0;0;3;
13;07:02:24;0;0;3;
14;07:02:34;0;0;3;
15;07:02:44;0;0;3;
16;07:02:54;0;0;3;
17;07:03:04;0;0;3;
18;07:03:14;0;0;3;
19;07:03:24;0;0;3;
20;07:03:34;0;0;3;
21;07:03:44;0;0;3;
22;07:03:54;0;0;3;
23;07:04:04;0;0;3;
24;07:04:14;0;0;3;
25;07:04:24;0;0;3;
26;07:04:34;0;0;3;
27;07:04:44;0;0;3;
28;07:04:54;0;0;3;
29;07:05:04;0;0;3;
30;07:05:14;0;0;3;
31;07:05:24;0;0;3;
32;07:05:34;0;0;3;
33;07:05:44;0;0;3;
34;07:05:54;0;0;3;
35;07:06:04;0;0;3;
36;07:06:14;0;0;3;
37;07:06:24;0;0;3;
38;07:06:34;0;0;3;
39;07:06:44;0;0;3;
40;07:06:54;0;0;3;
41;07:07:04;0;0;3;
42;07:07:14;0;0;3;
43;07:07:24;0;0;3;
44;07:07:34;0;0;3;
45;07:07:44;0;0;3;
46;07:07:54;0;0;3;
47;07:08:04;0;0;3;
48;07:08:14;0;0;3;
49;07:08:24;0;0;3;
50;07:08:34;0;0;3;
51;07:08:44;0;0;3;
52;07:08:54;0;0;3;
53;07:09:04;0;0;3;
54;07:09:14;0;0;3;
55;07:09:24;0;0;3;
56;07:09:34;0;0;3;
57;07:09:44;0;0;3;
58;07:09:54;0;0;3;
59;07:10:04;0;0;3;
60;07:10:14;0;0;3;
61;07:10:24;0;0;3;
62;07:10:34;0;0;4;
63;07:10:44;0;0;3;
64;07:10:54;0;0;3;
65;07:11:04;0;0;3;
66;07:11:14;0;0;3;
67;07:11:24;0;0;3;
68;07:11:34;0;0;3;
69;07:11:44;0;0;3;
70;07:11:54;0;0;4;
71;07:12:04;0;0;3;
72;07:12:14;0;0;3;
73;07:12:24;0;0;3;
74;07:12:34;0;0;4;
75;07:12:44;0;0;4;
76;07:12:54;0;0;5;
77;07:13:04;0;0;5;
78;07:13:14;0;0;4;
79;07:13:24;0;0;6;
80;07:13:34;0;0;6;
81;07:13:44;0;0;6;
82;07:13:54;0;0;6;
83;07:14:04;0;0;6;
84;07:14:14;0;0;5;
85;07:14:24;0;0;2;
86;07:14:34;0;0;4;
87;07:14:44;0;0;5;
88;07:14:54;0;0;5;
89;07:15:04;0;0;5;
90;07:15:14;0;0;5;
91;07:15:24;0;0;5;
92;07:15:34;0;0;5;
93;07:15:44;0;0;4;
94;07:15:54;0;0;4;
95;07:16:04;0;0;4;
96;07:16:14;0;0;5;
97;07:16:24;0;0;5;
98;07:16:34;0;0;5;
99;07:16:44;0;0;5;
100;07:16:54;0;0;5;
101;07:17:04;0;0;5;
102;07:17:14;0;0;4;
103;07:17:24;0;0;2;
104;07:17:34;0;0;4;
105;07:17:44;0;0;4;
106;07:17:54;0;0;5;
107;07:18:04;0;0;5;
108;07:18:14;0;0;5;
109;07:18:24;0;0;3;
110;07:18:34;0;0;5;
111;07:18:44;0;0;5;
112;07:18:54;0;0;5;
113;07:19:04;0;0;3;
114;07:19:14;0;0;4;
115;07:19:24;0;0;5;
116;07:19:34;0;0;5;
117;07:19:44;0;0;5;
118;07:19:54;0;0;2;
119;07:20:04;0;0;4;
120;07:20:14;0;0;5;
121;07:20:24;0;0;5;
122;07:20:34;0;0;3;
123;07:20:44;0;0;5;
124;07:20:54;0;0;5;
125;07:21:04;0;0;5;
126;07:21:14;0;0;5;
127;07:21:24;0;0;2;
128;07:21:34;0;0;1;
129;07:21:44;0;0;4;
130;07:21:54;0;0;4;
131;07:22:04;0;0;4;
132;07:22:14;0;0;2;
133;07:22:24;0;0;4;
134;07:22:34;0;0;4;
135;07:22:44;0;0;4;
136;07:22:54;0;0;4;
137;07:23:04;0;0;1;
138;07:23:14;0;0;2;
139;07:23:24;0;0;4;
140;07:23:34;0;0;4;
141;07:23:44;0;0;4;
142;07:23:54;0;0;2;
143;07:24:04;0;0;4;
144;07:24:14;0;0;4;
145;07:24:24;0;0;4;
146;07:24:34;0;0;4;
147;07:24:44;0;0;4;
148;07:24:54;0;0;4;
149;07:25:04;0;0;2;
150;07:25:14;0;0;3;
151;07:25:24;0;0;4;
152;07:25:34;0;0;2;
153;07:25:44;0;0;4;
154;07:25:54;0;0;3;
155;07:26:04;0;0;3;
156;07:26:14;0;0;3;
157;07:26:24;0;0;4;
158;07:26:34;0;0;1;
159;07:26:44;0;0;1;
160;07:26:54;0;0;3;
161;07:27:04;0;0;3;
162;07:27:14;0;0;3;
163;07:27:24;0;0;1;
164;07:27:34;0;0;3;
165;07:27:44;0;0;4;
166;07:27:54;0;0;3;
167;07:28:04;0;0;3;
168;07:28:14;0;0;3;
169;07:28:24;0;0;3;
170;07:28:34;0;0;1;
171;07:28:44;0;0;2;
172;07:28:54;0;0;3;
173;07:29:04;0;0;1;
174;07:29:14;0;0;3;
175;07:29:24;0;0;3;
176;07:29:34;0;0;1;
177;07:29:44;0;0;3;
178;07:29:54;0;0;3;
179;07:30:04;0;0;2;
180;07:30:14;0;0;3;
181;07:30:24;0;0;2;
182;07:30:34;0;0;2;
183;07:30:44;0;0;1;
184;07:30:54;0;0;1;
185;07:31:04;0;0;1;
186;07:31:14;0;0;1;
187;07:31:24;0;0;1;
188;07:31:34;0;0;2;
189;07:31:44;0;0;1;
190;07:31:54;0;0;1;
191;07:32:04;0;0;2;
192;07:32:14;0;0;0;
193;07:32:24;0;0;1;
194;07:32:34;0;0;1;
195;07:32:44;0;0;1;
196;07:32:54;0;0;1;
197;07:33:04;0;0;1;
198;07:33:14;0;0;0;
199;07:33:24;0;0;1;
200;07:33:34;0;0;1;
201;07:33:44;0;0;0;
202;07:33:54;0;0;1;
203;07:34:04;0;0;0;
204;07:34:14;0;0;1;
205;07:34:24;0;0;0;
206;07:34:34;0;0;1;
207;07:34:44;0;0;1;
208;07:34:54;0;0;1;
209;07:35:04;0;0;1;
210;07:35:14;0;0;1;
211;07:35:24;0;0;1;
212;07:35:34;0;0;0;
213;07:35:44;0;0;1;
214;07:35:54;0;0;0;
215;07:36:04;0;0;0;
216;07:36:14;0;0;0;
217;07:36:24;0;0;0;
218;07:36:34;0;0;0;
219;07:36:44;0;0;1;
220;07:36:54;0;0;0;
221;07:37:04;0;0;0;
222;07:37:14;0;0;0;
223;07:37:24;0;0;0;
224;07:37:34;0;0;0;
225;07:37:44;0;0;0;
226;07:37:54;0;0;0;
227;07:38:04;0;0;0;
228;07:38:14;0;0;0;
229;07:38:24;0;0;0;
230;07:38:34;0;0;0;
231;07:38:44;0;0;0;
232;07:38:54;0;0;0;
233;07:39:04;0;0;0;
234;07:39:14;0;0;0;
235;07:39:24;0;0;0;
236;07:39:34;0;0;0;
237;07:39:44;0;0;0;
238;07:39:54;0;0;0;
239;07:40:04;0;0;0;
240;07:40:14;0;0;0;
241;07:40:24;0;0;0;
242;07:40:34;0;0;0;
243;07:40:44;0;0;0;
244;07:40:54;0;0;0;
245;07:41:04;0;0;0;
246;07:41:14;0;0;0;
247;07:41:24;0;0;0;
248;07:41:34;0;0;0;
249;07:41:44;0;0;0;
250;07:41:54;0;0;0;
251;07:42:04;15,38303484;0;0;
252;07:42:14;30,76606968;0;0;
253;07:42:24;46,14910453;0;0;
254;07:42:34;60,94048418;0;0;
255;07:42:44;75,73186384;0;0;
256;07:42:54;90,5232435;0;7;
257;07:43:04;105,3146232;16,01413345;47;
258;07:43:14;105,3146232;33,47782135;45;
259;07:43:24;105,3146232;51,35567093;44;
260;07:43:34;104,722968;68,6122818;43;
261;07:43:44;105,3146232;86,35207367;44;
262;07:43:54;103,5396576;103,1254959;48;
263;07:44:04;96,43979536;120,4511337;43;
264;07:44:14;89,33993312;138,2599487;44;
265;07:44:24;81,05676052;155,5855865;47;
266;07:44:34;73,36524309;173,5324707;45;
267;07:44:44;66,26538086;190,927124;45;
268;07:44:54;58,57386344;207,9076385;32;
269;07:45:04;52,65731158;217,8474426;13;
270;07:45:14;52,06565639;226,9589233;12;
271;07:45:24;52,06565639;235,7252808;12;
272;07:45:34;52,65731158;244,2155457;11;
273;07:45:44;52,06565639;253,0509186;12;
274;07:45:54;52,06565639;261,610199;11;
275;07:46:04;51,4740012;270,4455872;12;
276;07:46:14;52,65731158;279,0738831;12;
277;07:46:24;52,65731158;287,7712097;12;
278;07:46:34;52,06565639;296,3995361;12;
279;07:46:44;51,4740012;305,2349243;12;
280;07:46:54;52,06565639;313,7941895;12;
281;07:47:04;52,06565639;322,4915161;12;
282;07:47:14;52,06565639;331,3269043;13;
283;07:47:24;51,4740012;339,7481384;12;
284;07:47:34;52,65731158;348,5144958;12;
285;07:47:44;53,24896676;357,2118225;13;
286;07:47:54;53,84062195;365,9091492;13;
287;07:48:04;54,43227713;374,8135681;12;
288;07:48:14;53,84062195;383,5799255;13;
289;07:48:24;54,43227713;392,5533447;12;
290;07:48:34;54,43227713;401,3197021;13;
291;07:48:44;53,84062195;410,2931519;13;
292;07:48:54;53,84062195;418,9904785;13;
293;07:49:04;53,84062195;427,6878052;14;
294;07:49:14;53,24896676;436,6612549;13;
295;07:49:24;53,84062195;445,4966431;13;
296;07:49:34;53,84062195;454,539093;13;
297;07:49:44;53,84062195;463,3054504;13;
298;07:49:54;53,84062195;472,3479309;13;
299;07:50:04;53,24896676;481,3213501;15;
300;07:50:14;53,24896676;490,5018616;14;
301;07:50:24;53,84062195;499,4062805;14;
302;07:50:34;53,84062195;508,4487305;15;
303;07:50:44;53,84062195;517,0770264;14;
304;07:50:54;53,84062195;525,9814453;15;
305;07:51:04;53,84062195;535,1619873;15;
306;07:51:14;55,02393232;544,135437;16;
307;07:51:24;55,61558751;553,3849487;14;
308;07:51:34;55,02393232;562,5654907;15;
309;07:51:44;55,61558751;571,6079102;15;
310;07:51:54;56,20724269;580,9955444;14;
311;07:52:04;56,20724269;590,1760254;15;
312;07:52:14;56,20724269;599,7017212;16;
313;07:52:24;55,61558751;608,6060791;14;
314;07:52:34;55,61558751;617,9246826;15;
315;07:52:44;56,20724269;627,5193481;14;
316;07:52:54;56,20724269;636,9069214;15;
317;07:53:04;56,20724269;646,5016479;15;
318;07:53:14;56,79889788;655,8892212;15;
319;07:53:24;57,39055307;665,690979;15;
320;07:53:34;57,98220825;675,147583;17;
321;07:53:44;57,98220825;684,8112793;17;
322;07:53:54;57,98220825;694,4059448;16;
323;07:54:04;57,98220825;703,5864868;17;
324;07:54:14;57,98220825;713,3882446;17;
325;07:54:24;58,57386344;722,9829102;16;
326;07:54:34;57,98220825;732,7156372;16;
327;07:54:44;57,98220825;742,241272;16;
328;07:54:54;58,57386344;752,3191528;16;
329;07:55:04;58,57386344;762,1899414;17;
330;07:55:14;58,57386344;771,9226685;17;
331;07:55:24;58,57386344;781,4483032;17;
332;07:55:34;57,98220825;791,3190918;16;
333;07:55:44;59,16551862;800,6376343;17;
334;07:55:54;59,75717381;810,3703613;17;
335;07:56:04;59,75717381;820,1721191;16;
336;07:56:14;59,16551862;829,8358154;15;
337;07:56:24;59,75717381;839,9136963;17;
338;07:56:34;59,75717381;849,7154541;17;
339;07:56:44;60,348829;859,3791504;17;
340;07:56:54;60,348829;869,526062;17;
341;07:57:04;59,75717381;879,3278198;16;
342;07:57:14;59,16551862;889,3366089;17;
343;07:57:24;59,75717381;898,8623047;17;
344;07:57:34;59,16551862;908,802063;16;
345;07:57:44;60,348829;918,8109131;16;
346;07:57:54;59,75717381;928,6817017;17;
347;07:58:04;59,16551862;938,897644;17;
348;07:58:14;59,75717381;948,6993408;17;
349;07:58:24;59,75717381;958,7772217;17;
350;07:58:34;59,75717381;968,5789795;17;
351;07:58:44;59,75717381;978,7949219;17;
352;07:58:54;58,57386344;988,6656494;17;
353;07:59:04;59,16551862;998,1913452;17;
354;07:59:14;59,75717381;1008,269165;16;
355;07:59:24;59,16551862;1018,208984;17;
356;07:59:34;60,348829;1028,424927;17;
357;07:59:44;60,94048418;1038,295654;16;
358;07:59:54;61,53213937;1048,511597;18;
359;08:00:04;62,12379456;1058,589478;17;
360;08:00:14;62,12379456;1068,87439;16;
361;08:00:24;62,12379456;1078,814209;17;
362;08:00:34;62,71544974;1089,030151;18;
363;08:00:44;61,53213937;1098,831909;17;
364;08:00:54;61,53213937;1108,771729;18;
365;08:01:04;61,53213937;1118,918579;17;
366;08:01:14;61,53213937;1128,927368;16;
367;08:01:24;61,53213937;1139,281372;18;
368;08:01:34;61,53213937;1149,290161;17;
369;08:01:44;60,94048418;1159,299072;17;
370;08:01:54;61,53213937;1169,652954;17;
371;08:02:04;62,12379456;1179,730835;17;
372;08:02:14;62,12379456;1190,153809;17;
373;08:02:24;61,53213937;1200,024658;17;
374;08:02:34;61,53213937;1210,30957;17;
375;08:02:44;61,53213937;1220,801636;18;
376;08:02:54;62,12379456;1230,879395;17;
377;08:03:04;62,71544974;1241,233398;18;
378;08:03:14;62,12379456;1251,242188;18;
379;08:03:24;62,12379456;1261,665283;16;
380;08:03:34;62,71544974;1271,881104;17;
381;08:03:44;62,12379456;1282,166138;17;
382;08:03:54;62,12379456;1292,312988;17;
383;08:04:04;62,12379456;1302,321777;18;
384;08:04:14;62,12379456;1312,675781;16;
385;08:04:24;62,12379456;1322,822632;18;
386;08:04:34;62,12379456;1333,176636;16;
387;08:04:44;62,71544974;1343,323486;17;
388;08:04:54;62,71544974;1353,74646;17;
389;08:05:04;62,71544974;1363,893433;17;
390;08:05:14;62,71544974;1374,247314;17;
391;08:05:24;62,71544974;1384,532349;17;
392;08:05:34;62,71544974;1394,955322;17;
393;08:05:44;63,30710493;1405,033203;18;
394;08:05:54;62,12379456;1415,249023;17;
395;08:06:04;62,71544974;1425,741089;19;
396;08:06:14;62,12379456;1436,164063;17;
397;08:06:24;62,12379456;1446,656128;18;
398;08:06:34;62,12379456;1457,01001;17;
399;08:06:44;62,12379456;1467,295044;18;
400;08:06:54;62,12379456;1477,856079;17;
401;08:07:04;62,71544974;1488,209961;17;
402;08:07:14;63,30710493;1498,840088;18;
403;08:07:24;63,89876011;1508,986938;18;
404;08:07:34;63,89876011;1519,271851;17;
405;08:07:44;63,30710493;1529,833008;17;
406;08:07:54;63,89876011;1540,18689;18;
407;08:08:04;63,30710493;1550,817017;18;
408;08:08:14;63,89876011;1561,101929;18;
409;08:08:24;62,71544974;1571,801025;17;
410;08:08:34;63,30710493;1582,223999;17;
411;08:08:44;64,4904153;1592,854126;17;
412;08:08:54;64,4904153;1603,2771;18;
413;08:09:04;63,89876011;1613,35498;17;
414;08:09:14;63,89876011;1624,192139;17;
415;08:09:24;63,89876011;1634,546021;18;
416;08:09:34;65,08207049;1645,107056;17;
417;08:09:44;65,08207049;1655,668091;17;
418;08:09:54;63,89876011;1666,229248;17;
419;08:10:04;64,4904153;1676,721191;17;
420;08:10:14;65,08207049;1687,48938;18;
421;08:10:24;65,08207049;1698,119385;17;
422;08:10:34;65,08207049;1708,887573;18;
423;08:10:44;65,08207049;1719,034424;17;
424;08:10:54;64,4904153;1729,526489;18;
425;08:11:04;64,4904153;1740,363647;18;
426;08:11:14;63,89876011;1750,855591;17;
427;08:11:24;63,30710493;1761,347656;18;
428;08:11:34;63,30710493;1772,253784;18;
429;08:11:44;62,71544974;1782,74585;17;
430;08:11:54;62,71544974;1793,583008;18;
431;08:12:04;63,30710493;1804,144043;18;
432;08:12:14;63,30710493;1814,912109;17;
433;08:12:24;63,30710493;1825,404175;18;
434;08:12:34;63,30710493;1836,172241;19;
435;08:12:44;63,30710493;1846,94043;17;
436;08:12:54;63,89876011;1857,639526;18;
437;08:13:04;63,89876011;1868,545654;18;
438;08:13:14;63,89876011;1879,175781;20;
439;08:13:24;64,4904153;1890,012939;17;
440;08:13:34;65,08207049;1900,642944;18;
441;08:13:44;65,08207049;1911,618164;18;
442;08:13:54;65,67372567;1922,179199;19;
443;08:14:04;65,08207049;1932,602173;18;
444;08:14:14;65,08207049;1943,646484;19;
445;08:14:24;64,4904153;1954,414551;20;
446;08:14:34;64,4904153;1965,389771;17;
447;08:14:44;64,4904153;1976,088867;18;
448;08:14:54;64,4904153;1986,926025;18;
449;08:15:04;63,89876011;1997,625122;19;
450;08:15:14;64,4904153;2008,669312;17;
451;08:15:24;63,89876011;2019,4375;17;
452;08:15:34;64,4904153;2030,136597;18;
453;08:15:44;64,4904153;2040,697632;18;
454;08:15:54;64,4904153;2051,46582;17;
455;08:16:04;65,08207049;2062,786133;15;
456;08:16:14;65,08207049;2073,830322;17;
457;08:16:24;65,08207049;2084,460449;18;
458;08:16:34;65,67372567;2095,297607;18;
459;08:16:44;65,67372567;2105,996582;20;
460;08:16:54;65,67372567;2117,040771;17;
461;08:17:04;65,67372567;2127,73999;18;
462;08:17:14;65,67372567;2138,853271;18;
463;08:17:24;66,85703605;2149,207275;21;
464;08:17:34;66,85703605;2159,975342;17;
465;08:17:44;66,85703605;2171,226563;18;
466;08:17:54;66,85703605;2181,856689;18;
467;08:18:04;66,85703605;2192,900879;18;
468;08:18:14;66,85703605;2203,600098;18;
469;08:18:24;66,85703605;2214,782227;20;
470;08:18:34;66,26538086;2225,757568;19;
471;08:18:44;66,26538086;2236,939697;17;
472;08:18:54;66,26538086;2247,845947;18;
473;08:19:04;66,26538086;2258,337891;18;
474;08:19:14;66,26538086;2269,451172;21;
475;08:19:24;65,67372567;2280,28833;20;
476;08:19:34;65,67372567;2291,401611;18;
477;08:19:44;65,67372567;2302,23877;17;
478;08:19:54;66,26538086;2313,421143;19;
479;08:20:04;66,26538086;2324,327148;19;
480;08:20:14;66,85703605;2335,44043;18;
481;08:20:24;66,85703605;2346,691895;18;
482;08:20:34;67,44869123;2357,666992;19;
483;08:20:44;67,44869123;2368,366211;18;
484;08:20:54;67,44869123;2379,4104;17;
485;08:21:04;66,85703605;2390,523682;18;
486;08:21:14;66,26538086;2401,636963;19;
487;08:21:24;65,08207049;2412,474121;18;
488;08:21:34;65,08207049;2423,794434;19;
489;08:21:44;65,67372567;2434,838623;18;
490;08:21:54;66,26538086;2446,089844;18;
491;08:22:04;66,26538086;2456,996094;19;
492;08:22:14;66,85703605;2468,454346;21;
493;08:22:24;67,44869123;2479,015625;17;
494;08:22:34;68,6320016;2490,059814;18;
495;08:22:44;68,6320016;2501,311035;18;
496;08:22:54;68,6320016;2512,355225;18;
497;08:23:04;68,04034642;2523,813721;19;
498;08:23:14;68,6320016;2535,064941;19;
499;08:23:24;68,04034642;2546,178223;18;
500;08:23:34;68,04034642;2557,15332;19;
501;08:23:44;67,44869123;2568,473877;18;
502;08:23:54;67,44869123;2579,518066;19;
503;08:24:04;66,85703605;2590,217041;20;
504;08:24:14;67,44869123;2601,606445;21;
505;08:24:24;67,44869123;2612,719727;20;
506;08:24:34;67,44869123;2623,970947;21;
507;08:24:44;67,44869123;2634,946289;21;
508;08:24:54;67,44869123;2646,266602;20;
509;08:25:04;67,44869123;2657,310791;20;
510;08:25:14;67,44869123;2668,631104;21;
511;08:25:24;66,85703605;2679,813477;20;
512;08:25:34;66,26538086;2690,788574;21;
513;08:25:44;66,26538086;2701,694824;18;
514;08:25:54;66,26538086;2712,877197;18;
515;08:26:04;66,85703605;2724,128418;18;
516;08:26:14;66,85703605;2735,310791;19;
517;08:26:24;67,44869123;2746,562012;20;
518;08:26:34;67,44869123;2757,951416;21;
519;08:26:44;67,44869123;2769,064697;21;
520;08:26:54;66,85703605;2780,592041;19;
521;08:27:04;66,85703605;2791,843262;19;
522;08:27:14;66,26538086;2803,439697;19;
523;08:27:24;66,26538086;2814,276855;20;
524;08:27:34;66,26538086;2825,252197;21;
525;08:27:44;66,85703605;2836,641602;21;
526;08:27:54;66,85703605;2847,409668;20;
527;08:28:04;67,44869123;2858,799072;19;
528;08:28:14;68,04034642;2869,843262;18;
529;08:28:24;68,6320016;2881,163574;18;
530;08:28:34;68,6320016;2892,276855;18;
531;08:28:44;68,6320016;2903,458984;20;
532;08:28:54;68,6320016;2914,434326;18;
533;08:29:04;68,6320016;2925,478516;20;
534;08:29:14;68,6320016;2936,937012;18;
535;08:29:24;68,6320016;2948,188232;19;
536;08:29:34;68,6320016;2959,577637;20;
537;08:29:44;68,6320016;2970,967041;18;
538;08:29:54;68,6320016;2982,356201;18;
539;08:30:04;68,04034642;2993,469482;18;
540;08:30:14;68,04034642;3005,065918;18;
541;08:30:24;68,6320016;3016,179199;20;
542;08:30:34;68,04034642;3027,223389;20;
543;08:30:44;67,44869123;3038,267822;19;
544;08:30:54;67,44869123;3049,519043;18;
545;08:31:04;67,44869123;3060,908447;18;
546;08:31:14;68,04034642;3072,366699;19;
547;08:31:24;68,6320016;3083,687012;19;
548;08:31:34;68,6320016;3095,145508;21;
549;08:31:44;69,22365679;3106,327881;22;
550;08:31:54;69,81531198;3117,717041;21;
551;08:32:04;69,81531198;3128,899414;20;
552;08:32:14;69,22365679;3140,35791;21;
553;08:32:24;69,22365679;3151,263916;21;
554;08:32:34;68,6320016;3162,377197;21;
555;08:32:44;68,04034642;3173,766602;21;
556;08:32:54;67,44869123;3184,879883;20;
557;08:33:04;66,85703605;3196,407227;20;
558;08:33:14;68,04034642;3207,520508;19;
559;08:33:24;68,6320016;3218,909912;19;
560;08:33:34;68,04034642;3230,230225;20;
561;08:33:44;69,22365679;3241,757568;20;
562;08:33:54;69,22365679;3253,077881;19;
563;08:34:04;69,22365679;3264,053223;19;
564;08:34:14;69,22365679;3275,649658;20;
565;08:34:24;68,04034642;3286,832031;19;
566;08:34:34;67,44869123;3298,221191;19;
567;08:34:44;68,6320016;3309,541504;18;
568;08:34:54;68,04034642;3320,930908;18;
569;08:35:04;68,04034642;3332,113281;22;
570;08:35:14;68,04034642;3343,226563;22;
571;08:35:24;68,04034642;3354,822998;19;
572;08:35:34;68,6320016;3366,005127;19;
573;08:35:44;69,22365679;3377,118408;22;
574;08:35:54;68,04034642;3388,231689;19;
575;08:36:04;68,04034642;3399,414063;19;
576;08:36:14;68,6320016;3410,941406;19;
577;08:36:24;69,22365679;3422,192871;20;
578;08:36:34;69,22365679;3433,789307;20;
579;08:36:44;68,6320016;3444,971436;19;
580;08:36:54;68,6320016;3456,567871;19;
581;08:37:04;68,6320016;3467,750244;21;
582;08:37:14;68,04034642;3479,34668;22;
583;08:37:24;67,44869123;3490,183838;21;
584;08:37:34;67,44869123;3501,50415;22;
585;08:37:44;67,44869123;3513,100586;22;
586;08:37:54;68,04034642;3524,351807;19;
587;08:38:04;68,04034642;3536,224365;19;
588;08:38:14;68,04034642;3547,544678;20;
589;08:38:24;68,04034642;3559,210205;19;
590;08:38:34;68,04034642;3570,668701;20;
591;08:38:44;68,04034642;3582,265137;22;
592;08:38:54;69,22365679;3593,79248;20;
593;08:39:04;69,22365679;3604,767578;22;
594;08:39:14;69,22365679;3616,502197;21;
595;08:39:24;69,22365679;3627,753418;19;
596;08:39:34;69,22365679;3639,281006;20;
597;08:39:44;69,22365679;3650,80835;19;
598;08:39:54;69,22365679;3662,473877;19;
599;08:40:04;68,04034642;3673,863037;22;
600;08:40:14;68,04034642;3685,183594;22;
601;08:40:24;68,04034642;3696,917969;19;
602;08:40:34;68,6320016;3708,169189;20;
603;08:40:44;68,6320016;3719,282471;20;
604;08:40:54;68,6320016;3730,671875;21;
605;08:41:04;68,6320016;3741,992188;19;
606;08:41:14;68,6320016;3753,657715;22;
607;08:41:24;68,6320016;3765,047119;22;
608;08:41:34;68,04034642;3776,712646;20;
609;08:41:44;68,04034642;3788,032959;20;
610;08:41:54;68,04034642;3799,629395;20;
611;08:42:04;68,04034642;3810,949707;20;
612;08:42:14;67,44869123;3822,615234;22;
613;08:42:24;68,04034642;3833,590332;23;
614;08:42:34;67,44869123;3844,910645;21;
615;08:42:44;68,04034642;3856,576172;20;
616;08:42:54;68,04034642;3867,827393;21;
617;08:43:04;68,04034642;3879,423828;20;
618;08:43:14;68,6320016;3890,882324;23;
619;08:43:24;69,22365679;3902,616699;22;
620;08:43:34;69,22365679;3914,006104;20;
621;08:43:44;69,81531198;3925,602539;21;
622;08:43:54;69,22365679;3937,061035;19;
623;08:44:04;69,22365679;3948,105225;19;
624;08:44:14;69,81531198;3959,977783;21;
625;08:44:24;69,81531198;3971,367188;20;
626;08:44:34;69,81531198;3982,894531;19;
627;08:44:44;69,22365679;3994,490967;18;
628;08:44:54;59,16551862;4006,225342;19;
629;08:45:04;49,69903564;4017,75293;21;
630;08:45:14;39,64089748;4029,211182;20;
631;08:45:24;29,58275931;4040,945801;21;
632;08:45:34;19,52462115;4052,404053;19;
633;08:45:44;9,46648298;4063,241211;21;
634;08:45:54;0;4066,209473;12;
635;08:46:04;0;4066,209473;9;
636;08:46:14;0;4066,209473;7;
637;08:46:24;0;4066,209473;5;
638;08:46:34;13,60806928;4066,209473;5;
639;08:46:44;25,44117301;4066,209473;4;
640;08:46:54;36,68262155;4066,209473;4;
641;08:47:04;47,92407009;4066,209473;4;
642;08:47:14;57,98220825;4066,209473;3;
643;08:47:24;68,6320016;4066,209473;6;
644;08:47:34;78,69013977;4076,977539;43;
645;08:47:44;75,14020865;4091,473145;46;
646;08:47:54;73,36524309;4104,79541;43;
647;08:48:04;72,18193272;4117,703125;45;
648;08:48:14;70,99862235;4129,920898;46;
649;08:48:24;70,99862235;4142,138672;50;
650;08:48:34;70,40696716;4154,080078;46;
651;08:48:44;70,40696716;4166,09082;51;
652;08:48:54;70,40696716;4178,032227;47;
653;08:49:04;60,348829;4189,421387;47;
654;08:49:14;50,29069083;4201,293945;52;
655;08:49:24;40,23255266;4212,890625;47;
656;08:49:34;30,1744145;4224,832031;47;
657;08:49:44;20,11627633;4236,566895;47;
658;08:49:54;10,05813817;4248,231934;46;
659;08:50:04;0;4257,895996;12;
660;08:50:14;0;4257,895996;28;
661;08:50:24;0;4257,895996;17;
662;08:50:34;0;4257,895996;21;
663;08:50:44;0;4257,895996;18;
664;08:50:54;0;4257,895996;18;
665;08:51:04;0;4257,895996;17;
666;08:51:14;0;4257,895996;17;
667;08:51:24;0;4257,895996;17;
668;08:51:34;0;4257,895996;16;
669;08:51:44;8,283172607;4257,895996;16;
670;08:51:54;10,05813817;4257,895996;16;
671;08:52:04;10,05813817;4257,895996;15;
672;08:52:14;10,05813817;4257,895996;15;
673;08:52:24;10,05813817;4257,895996;15;
674;08:52:34;10,05813817;4257,895996;11;
675;08:52:44;10,05813817;4263,417969;0;
676;08:52:54;1,774965559;4270,320801;20;
677;08:53:04;0;4270,320801;12;
678;08:53:14;0;4270,320801;8;
679;08:53:24;0;4270,320801;12;
680;08:53:34;0;4270,320801;11;
681;08:53:44;0;4270,320801;11;
682;08:53:54;0;4270,320801;11;
683;08:54:04;0;4270,320801;11;
684;08:54:14;0;4270,320801;11;
685;08:54:24;0;4270,320801;11;
686;08:54:34;0;4271,287109;11;
687;08:54:44;0;4271,287109;10;
688;08:54:54;0;4271,287109;10;
689;08:55:04;5,916551862;4271,287109;10;
690;08:55:14;20,11627633;4271,287109;8;
691;08:55:24;35,49931117;4271,287109;0;
692;08:55:34;50,29069083;4271,287109;0;
693;08:55:44;65,67372567;4271,287109;0;
694;08:55:54;79,87345014;4271,287109;0;
695;08:56:04;94,07317461;4274,669434;11;
696;08:56:14;102,9480024;4286,817871;48;
697;08:56:24;103,5396576;4303,936523;41;
698;08:56:34;102,3563472;4321,607422;44;
699;08:56:44;102,3563472;4338,656738;44;
700;08:56:54;101,764692;4356,258301;41;
701;08:57:04;101,764692;4373,376953;43;
702;08:57:14;102,3563472;4390,84082;44;
703;08:57:24;102,9480024;4407,959473;39;
704;08:57:34;102,3563472;4424,456543;46;
705;08:57:44;103,5396576;4441,989258;45;
706;08:57:54;104,1313128;4459,039063;46;
707;08:58:04;103,5396576;4476,502441;43;
708;08:58:14;104,1313128;4493,552246;47;
709;08:58:24;104,1313128;4511,084961;39;
710;08:58:34;102,9480024;4528,617676;43;
711;08:58:44;98,21476092;4546,288086;38;
712;08:58:54;92,88986424;4563,683105;38;
713;08:59:04;87,56496756;4580,594238;41;
714;08:59:14;82,83172607;4597,505859;45;
715;08:59:24;77,5068294;4614,555664;46;
716;08:59:34;72,18193272;4631,880859;43;
717;08:59:44;67,44869123;4645,962402;18;
718;08:59:54;66,85703605;4656,868652;18;
719;09:00:04;66,26538086;4668,120117;20;
720;09:00:14;65,67372567;4679,026367;18;
721;09:00:24;65,67372567;4690,415527;20;
722;09:00:34;60,348829;4701,321777;21;
723;09:00:44;50,88234602;4712,710938;19;
724;09:00:54;41,41586304;4723,203125;17;
725;09:01:04;32,54103524;4734,040039;17;
726;09:01:14;23,07455226;4745,084473;18;
727;09:01:24;13,60806928;4755,921387;18;
728;09:01:34;4,141586304;4765,102051;0;
729;09:01:44;0;4765,102051;0;
730;09:01:54;0;4765,102051;0;
731;09:02:04;0;4765,102051;0;
732;09:02:14;0;4765,102051;0;
733;09:02:24;0;4765,102051;0;
734;09:02:34;0;4765,102051;0;
735;09:02:44;0;4765,102051;0;
736;09:02:54;0;4765,102051;0;
737;09:03:04;0;4765,102051;0;
738;09:03:14;0;4765,102051;0;
739;09:03:24;0;4765,102051;0;
740;09:03:34;0;4765,102051;0;
741;09:03:44;0;4765,102051;0;
742;09:03:54;0;4765,309082;0;
743;09:04:04;0;4765,309082;0;
744;09:04:14;0;4765,309082;0;
745;09:04:24;0;4765,309082;0;
746;09:04:34;0;4765,309082;0;
747;09:04:44;0;4765,309082;0;
748;09:04:54;0;4765,309082;0;
749;09:05:04;0;4765,309082;0;
750;09:05:14;0;4765,309082;0;
751;09:05:24;0;4765,309082;0;
752;09:05:34;0;4765,309082;0;
753;09:05:44;0;4765,309082;0;
754;09:05:54;0;4765,309082;0;
755;09:06:04;0;4765,309082;0;
756;09:06:14;0;4765,309082;0;
757;09:06:24;0;4765,309082;0;
758;09:06:34;0;4765,309082;0;
759;09:06:44;0;4765,309082;0;
760;09:06:54;0;4765,309082;0;
761;09:07:04;0;4765,309082;0;
762;09:07:14;0;4765,309082;0;
763;09:07:24;0;4765,309082;0;
764;09:07:34;0;4765,309082;0;
765;09:07:44;0;4765,309082;0;
766;09:07:54;0;4765,309082;0;
767;09:08:04;0;4765,309082;0;
768;09:08:14;0;4765,309082;0;
769;09:08:24;0;4765,309082;0;
770;09:08:34;0;4765,309082;0;
771;09:08:44;0;4765,309082;0;
772;09:08:54;0;4765,309082;0;
773;09:09:04;0;4765,309082;0;
774;09:09:14;0;4765,309082;0;
775;09:09:24;0;4765,309082;0;
776;09:09:34;0;4765,309082;0;
777;09:09:44;0;4765,309082;0;
778;09:09:54;0;4765,309082;0;
779;09:10:04;0;4765,309082;0;
780;09:10:14;0;4765,309082;0;
781;09:10:24;0;4765,309082;0;
782;09:10:34;0;4765,309082;0;
783;09:10:44;0;4765,309082;0;
784;09:10:54;0;4765,309082;0;
785;09:11:04;0;4765,309082;0;
786;09:11:14;0;4765,309082;0;
787;09:11:24;0;4765,309082;0;
788;09:11:34;0;4765,309082;0;
789;09:11:44;0;4765,309082;0;
790;09:11:54;0;4765,309082;0;
791;09:12:04;0;4765,309082;0;
792;09:12:14;0;4765,309082;0;
793;09:12:24;0;4765,309082;0;
794;09:12:34;0;4765,309082;0;
795;09:12:44;0;4765,309082;0;
796;09:12:54;0;4765,309082;0;
797;09:13:04;0;4765,309082;0;
798;09:13:14;0;4765,309082;0;
799;09:13:24;0;4765,309082;0;
800;09:13:34;0;4765,309082;0;
801;09:13:44;0;4765,309082;0;
802;09:13:54;0;4765,309082;0;
803;09:14:04;0;4765,309082;0;
804;09:14:14;0;4765,309082;0;
805;09:14:24;0;4765,309082;0;
806;09:14:34;0;4765,309082;0;
807;09:14:44;0;4765,309082;0;
808;09:14:54;0;4765,309082;0;
809;09:15:04;0;4765,309082;0;
810;09:15:14;0;4765,309082;0;
811;09:15:24;0;4765,309082;0;
812;09:15:34;0;4765,309082;0;
813;09:15:44;0;4765,309082;0;
814;09:15:54;0;4765,309082;0;
815;09:16:04;0;4765,309082;0;
816;09:16:14;0;4765,309082;0;
817;09:16:24;0;4765,309082;0;
818;09:16:34;0;4765,309082;0;
819;09:16:44;0;4765,309082;0;
820;09:16:54;0;4765,309082;0;
821;09:17:04;0;4765,309082;0;
822;09:17:14;0;4765,309082;0;
823;09:17:24;0;4765,309082;0;
824;09:17:34;0;4765,309082;0;
825;09:17:44;0;4765,309082;0;
826;09:17:54;0;4765,309082;0;
827;09:18:04;0;4765,309082;0;
828;09:18:14;0;4765,309082;0;
829;09:18:24;0;0;0;
830;09:18:34;0;0;0;
831;09:18:44;0;0;0;
832;09:18:54;0;0;0;
833;09:19:04;0;0;0;
834;09:19:14;0;0;0;
835;09:19:24;0;0;0;
836;09:19:34;0;0;0;
837;09:19:44;0;0;0;
838;09:19:54;0;0;0;
839;09:20:04;0;0;0;
840;09:20:14;0;0;0;
841;09:20:24;0;0;0;
842;09:20:34;0;0;0;
843;09:20:44;4,141586304;0;0;
844;09:20:54;23,66620745;0;0;
845;09:21:04;43,78248378;0;0;
846;09:21:14;62,71544974;0;0;
847;09:21:24;81,6484157;0;0;
848;09:21:34;99,39807129;0;0;
849;09:21:44;116,5560717;3,934506893;8;
850;09:21:54;129,5724858;24,22827911;76;
851;09:22:04;127,205865;47,35213852;75;
852;09:22:14;123,6559339;70,68307495;68;
853;09:22:24;122,4726236;92,3573761;65;
854;09:22:34;121,2893132;112,513092;64;
855;09:22:44;121,2893132;133,2900543;67;
856;09:22:54;121,8809684;153,100647;69;
857;09:23:04;122,4726236;172,9112244;65;
858;09:23:14;123,0642787;192,1696014;65;
859;09:23:24;124,2475891;212,3943481;83;
860;09:23:34;123,6559339;232,8261719;78;
861;09:23:44;122,4726236;253,5341034;84;
862;09:23:54;121,8809684;274,7942505;91;
863;09:24:04;121,8809684;295,295105;92;
864;09:24:14;121,8809684;315,3818054;83;
865;09:24:24;121,8809684;335,7445984;85;
866;09:24:34;121,8809684;355,6242065;93;
867;09:24:44;122,4726236;375,8489685;88;
868;09:24:54;124,2475891;395,3834534;89;
869;09:25:04;125,4308995;415,6772156;89;
870;09:25:14;126,0225547;436,1090393;91;
871;09:25:24;126,6142099;457,2311401;98;
872;09:25:34;127,205865;477,9390564;99;
873;09:25:44;127,7975202;499,4062805;95;
874;09:25:54;128,3891754;519,7000732;90;
875;09:26:04;127,7975202;540,684082;90;
876;09:26:14;128,3891754;562,4274292;91;
877;09:26:24;128,3891754;583,687561;97;
878;09:26:34;128,9808306;605,5689697;94;
879;09:26:44;129,5724858;626,6220093;93;
880;09:26:54;130,7557962;648,2272949;98;
881;09:27:04;131,9391065;669,6254883;89;
882;09:27:14;133,7140721;691,5758667;95;
883;09:27:24;134,8973825;713,3192139;88;
884;09:27:34;136,672348;734,2342529;90;
885;09:27:44;137,8556584;756,5297852;88;
886;09:27:54;139,0389688;779,1704102;88;
887;09:28:04;139,630624;802,5013428;93;
888;09:28:14;140,8139343;825,3491211;92;
889;09:28:24;141,4055895;848,7490845;88;
890;09:28:34;141,9972447;872,0109863;89;
891;09:28:44;142,5888999;895,2038574;82;
892;09:28:54;143,1805551;919,2250977;88;
893;09:29:04;144,3638654;942,5560303;89;
894;09:29:14;145,5471758;965,8179321;95;
895;09:29:24;146,138831;989,7010498;87;
896;09:29:34;147,3221414;1013,446167;88;
897;09:29:44;147,3221414;1037,88147;89;
898;09:29:54;147,9137966;1061,764648;94;
899;09:30:04;147,9137966;1086,476196;82;
900;09:30:14;147,3221414;1110,635376;85;
901;09:30:24;146,7304862;1135,415894;84;
902;09:30:34;146,7304862;1159,368042;81;
903;09:30:44;146,138831;1183,941528;85;
904;09:30:54;146,138831;1207,4104;84;
905;09:31:04;146,138831;1231,845825;84;
906;09:31:14;147,3221414;1257,040527;86;
907;09:31:24;147,9137966;1281,061646;96;
908;09:31:34;148,5054517;1305,842163;85;
909;09:31:44;148,5054517;1330,484619;85;
910;09:31:54;149,6887621;1355,679199;87;
911;09:32:04;150,8720725;1380,459717;82;
912;09:32:14;150,8720725;1405,585327;92;
913;09:32:24;150,2804173;1430,158813;92;
914;09:32:34;150,2804173;1453,696777;81;
915;09:32:44;150,2804173;1478,615356;88;
916;09:32:54;150,2804173;1503,050659;83;
917;09:33:04;150,2804173;1528,1073;80;
918;09:33:14;149,0971069;1552,404541;81;
919;09:33:24;149,6887621;1577,185059;81;
920;09:33:34;150,2804173;1601,965576;91;
921;09:33:44;151,4637277;1626,608032;86;
922;09:33:54;150,2804173;1652,009766;83;
923;09:34:04;150,8720725;1676,997314;89;
924;09:34:14;150,8720725;1701,087524;85;
925;09:34:24;152,0553829;1726,765381;84;
926;09:34:34;152,0553829;1751,960083;88;
927;09:34:44;152,0553829;1778,121094;80;
928;09:34:54;151,4637277;1802,280273;89;
929;09:35:04;153,2386932;1827,267822;81;
930;09:35:14;152,6470381;1852,186401;84;
931;09:35:24;152,6470381;1878,140381;90;
932;09:35:34;152,0553829;1903,404053;79;
933;09:35:44;150,8720725;1929,219971;89;
934;09:35:54;150,2804173;1953,310181;80;
935;09:36:04;149,6887621;1978,297729;80;
936;09:36:14;148,5054517;2003,492432;81;
937;09:36:24;147,9137966;2028,618042;80;
938;09:36:34;146,7304862;2053,605469;81;
939;09:36:44;146,138831;2077,83374;90;
940;09:36:54;146,7304862;2102,614258;83;
941;09:37:04;146,7304862;2126,566406;91;
942;09:37:14;147,3221414;2150,656738;90;
943;09:37:24;147,9137966;2174,263672;80;
944;09:37:34;150,2804173;2197,180664;84;
945;09:37:44;152,6470381;2221,339844;84;
946;09:37:54;155,0136588;2245,706055;91;
947;09:38:04;156,1969692;2270,762695;86;
948;09:38:14;157,3802795;2295,474121;84;
949;09:38:24;157,9719347;2319,909668;90;
950;09:38:34;159,1552451;2346,070557;85;
951;09:38:44;158,5635899;2372,093506;86;
952;09:38:54;158,5635899;2399,49707;91;
953;09:39:04;158,5635899;2425,657959;90;
954;09:39:14;159,1552451;2450,57666;85;
955;09:39:24;159,1552451;2476,875732;92;
956;09:39:34;158,5635899;2502,208496;90;
957;09:39:44;158,5635899;2529,266846;81;
958;09:39:54;156,1969692;2555,703857;85;
959;09:40:04;152,6470381;2583,314453;85;
960;09:40:14;148,5054517;2609,820557;93;
961;09:40:24;143,7722103;2636,602783;92;
962;09:40:34;139,0389688;2662,625732;86;
963;09:40:44;135,4890376;2689,477051;94;
964;09:40:54;130,7557962;2714,050537;71;
965;09:41:04;129,5724858;2737,3125;64;
966;09:41:14;127,7975202;2760,436279;60;
967;09:41:24;126,6142099;2782,179688;62;
968;09:41:34;126,0225547;2804,198975;60;
969;09:41:44;126,0225547;2825,044922;58;
970;09:41:54;124,8392443;2846,098145;58;
971;09:42:04;124,8392443;2867,151123;58;
972;09:42:14;123,0642787;2888,825439;69;
973;09:42:24;124,2475891;2909,94751;59;
974;09:42:34;124,8392443;2930,310303;63;
975;09:42:44;126,0225547;2951,570557;59;
976;09:42:54;127,205865;2972,071289;62;
977;09:43:04;128,3891754;2992,641113;65;
978;09:43:14;128,9808306;3012,935059;65;
979;09:43:24;130,164141;3033,711914;65;
980;09:43:34;130,164141;3056,559814;60;
981;09:43:44;130,7557962;3078,717285;61;
982;09:43:54;130,164141;3101,49585;63;
983;09:44:04;130,164141;3122,894043;61;
984;09:44:14;130,164141;3143,256836;61;
985;09:44:24;129,5724858;3164,862305;58;
986;09:44:34;128,9808306;3186,329346;59;
987;09:44:44;128,3891754;3208,901123;59;
988;09:44:54;127,205865;3230,644287;67;
989;09:45:04;126,6142099;3253,354004;61;
990;09:45:14;126,0225547;3275,02832;64;
991;09:45:24;124,8392443;3296,771729;64;
992;09:45:34;124,8392443;3317,341553;67;
993;09:45:44;124,8392443;3338,256592;59;
994;09:45:54;124,8392443;3358,412354;62;
995;09:46:04;124,8392443;3378,844238;68;
996;09:46:14;124,8392443;3400,035156;64;
997;09:46:24;124,2475891;3420,329102;61;
998;09:46:34;124,2475891;3441,244141;61;
999;09:46:44;123,6559339;3461,813965;63;
1000;09:46:54;123,6559339;3482,659912;66;
1001;09:47:04;122,4726236;3503,022705;62;
1002;09:47:14;122,4726236;3523,592529;64;
1003;09:47:24;122,4726236;3544,093506;65;
1004;09:47:34;121,8809684;3563,697021;64;
1005;09:47:44;121,8809684;3584,059814;65;
1006;09:47:54;121,8809684;3604,284424;63;
1007;09:48:04;121,2893132;3624,92334;67;
1008;09:48:14;121,8809684;3645,355225;66;
1009;09:48:24;121,2893132;3665,718018;67;
1010;09:48:34;120,697658;3686,426025;66;
1011;09:48:44;120,697658;3706,512695;64;
1012;09:48:54;120,697658;3726,94458;70;
1013;09:49:04;120,697658;3746,686035;64;
1014;09:49:14;120,697658;3766,013428;71;
1015;09:49:24;120,1060028;3786,652344;73;
1016;09:49:34;119,5143476;3806,601074;65;
1017;09:49:44;117,7393821;3827,101807;65;
1018;09:49:54;117,1477269;3846,912354;62;
1019;09:50:04;115,9644165;3867,137207;64;
1020;09:50:14;114,7811061;3886,602539;65;
1021;09:50:24;115,9644165;3906,689209;61;
1022;09:50:34;117,1477269;3926,016846;65;
1023;09:50:44;118,9226924;3945,206055;74;
1024;09:50:54;121,8809684;3962,876953;65;
1025;09:51:04;123,0642787;3980,96167;64;
1026;09:51:14;124,8392443;3999,460938;66;
1027;09:51:24;126,6142099;4018,719238;85;
1028;09:51:34;126,0225547;4040,324463;70;
1029;09:51:44;124,8392443;4061,584717;82;
1030;09:51:54;124,2475891;4082,98291;81;
1031;09:52:04;123,6559339;4103,828613;86;
1032;09:52:14;124,2475891;4124,743652;74;
1033;09:52:24;123,6559339;4145,382813;73;
1034;09:52:34;124,2475891;4164,848145;81;
1035;09:52:44;125,4308995;4185,417969;93;
1036;09:52:54;126,6142099;4205,711914;81;
1037;09:53:04;127,205865;4226,765137;90;
1038;09:53:14;127,7975202;4247,541992;77;
1039;09:53:24;127,7975202;4268,25;79;
1040;09:53:34;129,5724858;4289,716797;93;
1041;09:53:44;129,5724858;4311,184082;92;
1042;09:53:54;128,3891754;4333,134766;77;
1043;09:54:04;127,7975202;4354,325684;77;
1044;09:54:14;127,205865;4374,82666;74;
1045;09:54:24;126,0225547;4396,432129;90;
1046;09:54:34;125,4308995;4417,623047;78;
1047;09:54:44;124,2475891;4439,090332;88;
1048;09:54:54;125,4308995;4459,591309;80;
1049;09:55:04;127,205865;4480,298828;84;
1050;09:55:14;128,3891754;4500,523926;81;
1051;09:55:24;130,164141;4521,231934;77;
1052;09:55:34;132,5307617;4541,594727;81;
1053;09:55:44;134,3057273;4562,923828;79;
1054;09:55:54;134,8973825;4583,424316;82;
1055;09:56:04;133,7140721;4605,650879;85;
1056;09:56:14;131,9391065;4627,946777;83;
1057;09:56:24;131,3474513;4649,96582;82;
1058;09:56:34;131,3474513;4672,95166;78;
1059;09:56:44;130,7557962;4695,385254;81;
1060;09:56:54;130,164141;4717,335938;88;
1061;09:57:04;131,3474513;4738,388672;87;
1062;09:57:14;133,1224169;4759,234863;81;
1063;09:57:24;135,4890376;4781,254395;92;
1064;09:57:34;136,672348;4802,583496;87;
1065;09:57:44;136,0806928;4825,500488;85;
1066;09:57:54;136,0806928;4848,071777;87;
1067;09:58:04;136,0806928;4870,367676;95;
1068;09:58:14;136,672348;4894,043457;84;
1069;09:58:24;136,672348;4916,684082;92;
1070;09:58:34;134,8973825;4940,222168;92;
1071;09:58:44;134,3057273;4962,655762;91;
1072;09:58:54;134,8973825;4985,572754;81;
1073;09:59:04;134,8973825;5007,384766;84;
1074;09:59:14;134,8973825;5030,508789;91;
1075;09:59:24;133,7140721;5052,458984;88;
1076;09:59:34;132,5307617;5074,685547;88;
1077;09:59:44;133,7140721;5097,188477;97;
1078;09:59:54;133,7140721;5119,415039;94;
1079;10:00:04;132,5307617;5142,331543;83;
1080;10:00:14;132,5307617;5164,765137;88;
1081;10:00:24;131,9391065;5187,129883;88;
1082;10:00:34;131,9391065;5208,941895;86;
1083;10:00:44;131,9391065;5231,237793;99;
1084;10:00:54;130,7557962;5252,980957;91;
1085;10:01:04;130,164141;5274,103027;86;
1086;10:01:14;130,164141;5296,32959;87;
1087;10:01:24;130,7557962;5318,072754;99;
1088;10:01:34;134,8973825;5340,161133;92;
1089;10:01:44;138,4473136;5362,042969;90;
1090;10:01:54;142,5888999;5383,993164;90;
1091;10:02:04;149,0971069;5405,322266;88;
1092;10:02:14;156,7886244;5426,030273;91;
1093;10:02:24;165,6634521;5448,256836;102;
1094;10:02:34;173,3549696;5472,691895;106;
1095;10:02:44;177,4965559;5497,472656;113;
1096;10:02:54;181,6381422;5523,979004;126;
1097;10:03:04;185,7797285;5551,93457;117;
1098;10:03:14;188,1463492;5581,615723;121;
1099;10:03:24;190,51297;5611,918457;142;
1100;10:03:34;188,1463492;5644,015625;132;
1101;10:03:44;184,5964181;5675,077637;133;
1102;10:03:54;182,8214525;5706,34668;132;
1103;10:04:04;181,6381422;5737,20166;151;
1104;10:04:14;179,8631766;5769,574707;149;
1105;10:04:24;177,4965559;5800,774902;144;
1106;10:04:34;175,1299351;5831,146484;154;
1107;10:04:44;173,3549696;5859,171387;152;
1108;10:04:54;172,7633144;5887,265137;163;
1109;10:05:04;170,3966936;5916,601074;147;
1110;10:05:14;168,6217281;5945,454102;155;
1111;10:05:24;166,2551073;5975,135742;153;
1112;10:05:34;163,8884866;6004,47168;149;
1113;10:05:44;160,9302107;6032,358398;158;
1114;10:05:54;160,9302107;6058,864746;159;
1115;10:06:04;160,3385555;6084,335449;162;
1116;10:06:14;161,5218658;6111,393555;159;
1117;10:06:24;160,3385555;6138,313965;165;
1118;10:06:34;160,9302107;6165,441406;173;
1119;10:06:44;162,113521;6191,740723;153;
1120;10:06:54;161,5218658;6218,591797;160;
1121;10:07:04;160,9302107;6245,23584;174;
1122;10:07:14;162,113521;6271,742188;157;
1123;10:07:24;160,9302107;6298,869629;160;
1124;10:07:34;161,5218658;6325,720703;171;
1125;10:07:44;161,5218658;6352,572266;161;
1126;10:07:54;160,3385555;6378,457031;174;
1127;10:08:04;161,5218658;6404,272949;163;
1128;10:08:14;161,5218658;6430,986328;162;
1129;10:08:24;160,3385555;6457,216309;175;
1130;10:08:34;160,3385555;6484,136719;151;
1131;10:08:44;159,7469003;6510,504395;154;
1132;10:08:54;159,1552451;6537,562988;157;
1133;10:09:04;160,9302107;6564,138184;158;
1134;10:09:14;160,9302107;6591,334473;154;
1135;10:09:24;163,2968314;6616,736328;163;
1136;10:09:34;165,071797;6643,035156;163;
1137;10:09:44;167,4384177;6670,577148;173;
1138;10:09:54;169,2133833;6697,290039;162;
1139;10:10:04;169,2133833;6725,246094;152;
1140;10:10:14;168,6217281;6753,20166;156;
1141;10:10:24;168,0300729;6782,192871;154;
1142;10:10:34;166,2551073;6810,355469;160;
1143;10:10:44;165,071797;6839,34668;160;
1144;10:10:54;163,8884866;6867,164063;173;
1145;10:11:04;162,7051762;6893,325195;156;
1146;10:11:14;162,113521;6920,729004;158;
1147;10:11:24;160,9302107;6947,51123;158;
1148;10:11:34;160,3385555;6974,983398;155;
1149;10:11:44;159,7469003;7002,387207;157;
1150;10:11:54;159,1552451;7030,20459;154;
1151;10:12:04;158,5635899;7057,608398;154;
1152;10:12:14;159,1552451;7084,114258;162;
1153;10:12:24;160,3385555;7110,896484;155;
1154;10:12:34;162,113521;7137,195801;166;
1155;10:12:44;163,2968314;7163,149414;155;
1156;10:12:54;164,4801418;7190,069824;162;
1157;10:13:04;165,6634521;7216,714355;159;
1158;10:13:14;167,4384177;7244,393555;173;
1159;10:13:24;168,0300729;7271,313965;174;
1160;10:13:34;168,6217281;7300,098145;173;
1161;10:13:44;168,0300729;7327,570801;174;
1162;10:13:54;168,6217281;7355,664551;162;
1163;10:14:04;170,3966936;7383,206055;176;
1164;10:14:14;171,580004;7411,713867;160;
1165;10:14:24;171,580004;7439,393555;157;
1166;10:14:34;172,1716592;7467,417969;158;
1167;10:14:44;171,580004;7495,92627;160;
1168;10:14:54;171,580004;7524,088867;173;
1169;10:15:04;171,580004;7553,425293;161;
1170;10:15:14;170,9883488;7582,001953;159;
1171;10:15:24;170,9883488;7611,062012;158;
1172;10:15:34;171,580004;7639,432129;158;
1173;10:15:44;170,9883488;7668,078125;174;
1174;10:15:54;170,9883488;7695,895508;175;
1175;10:16:04;171,580004;7722,884766;166;
1176;10:16:14;147,3221414;7752,01416;163;
1177;10:16:24;122,4726236;7780,591309;160;
1178;10:16:34;97,62310573;7809,927246;158;
1179;10:16:44;72,18193272;7838,642578;168;
1180;10:16:54;47,92407009;7867,081055;160;
1181;10:17:04;24,25786264;7895,589355;161;
1182;10:17:14;0;7904,355469;154;
1183;10:17:24;0;7904,355469;162;
1184;10:17:34;0;7904,355469;173;
1185;10:17:44;0;7904,355469;175;
1186;10:17:54;0;7904,355469;172;
1187;10:18:04;0;7904,355469;156;
1188;10:18:14;0;7904,355469;156;
1189;10:18:24;0;7904,355469;168;
1190;10:18:34;0;7904,355469;175;
1191;10:18:44;0;7904,355469;162;
1192;10:18:54;0;7904,355469;159;
1193;10:19:04;0;7904,355469;160;
1194;10:19:14;0;7904,355469;172;
1195;10:19:24;0;7904,355469;176;
1196;10:19:34;0;7904,355469;179;
1197;10:19:44;0;7904,355469;159;
1198;10:19:54;0;7904,355469;164;
1199;10:20:04;0;7904,355469;169;
1200;10:20:14;0;7904,355469;160;
1201;10:20:24;0;7904,355469;162;
1202;10:20:34;0;7904,355469;163;
1203;10:20:44;0;7904,355469;77;
1204;10:20:54;0;7904,355469;18;
1205;10:21:04;0;7904,355469;3;
1206;10:21:14;0;7904,355469;0;
1207;10:21:24;0;7904,355469;67;
1208;10:21:34;0;0;87;
1209;10:21:44;0;0;87;
1210;10:21:54;0;0;87;
1211;10:22:04;0;0;99;
1212;10:22:14;0;0;105;
1213;10:22:24;0;0;105;
1214;10:22:34;0;0;105;
1215;10:22:44;0;0;101;
1216;10:22:54;0;0;101;
1217;10:23:04;0;0;110;
1218;10:23:14;0;0;154;
1219;10:23:24;0;0;165;
1220;10:23:34;0;0;163;
1221;10:23:44;0;0;163;
1222;10:23:54;0;0;172;
1223;10:24:04;0;0;174;
1224;10:24:14;0;0;181;
1225;10:24:24;0;0;182;
1226;10:24:34;0;0;189;
1227;10:24:44;0;0;187;
1228;10:24:54;0;0;190;
1229;10:25:04;0;0;193;
1230;10:25:14;0;0;189;
1231;10:25:24;0;0;192;
1232;10:25:34;0;0;199;
1233;10:25:44;0;0;198;
1234;10:25:54;0;0;195;
1235;10:26:04;0;0;191;
1236;10:26:14;0;0;193;
1237;10:26:24;0;0;188;
1238;10:26:34;0;0;194;
1239;10:26:44;0;0;187;
1240;10:26:54;0;0;192;
1241;10:27:04;0;0;192;
1242;10:27:14;0;0;185;
1243;10:27:24;0;0;185;
1244;10:27:34;0;0;184;
1245;10:27:44;0;0;191;
1246;10:27:54;0;0;183;
1247;10:28:04;0;0;187;
1248;10:28:14;0;0;184;
1249;10:28:24;0;0;182;
1250;10:28:34;0;0;185;
1251;10:28:44;0;0;185;
1252;10:28:54;0;0;186;
1253;10:29:04;0;0;187;
1254;10:29:14;0;0;182;
1255;10:29:24;0;0;181;
1256;10:29:34;0;0;179;
1257;10:29:44;0;0;186;
1258;10:29:54;0;0;181;
1259;10:30:04;0;0;122;
1260;10:30:14;0;0;6;
1261;10:30:24;0;0;0;
1262;10:30:34;0;0;3;
1263;10:30:44;0;0;10;
1264;10:30:54;0;0;2;
1265;10:31:04;0;0;0;
1266;10:31:14;0;0;0;
1267;10:31:24;0;0;0;
1268;10:31:34;0;0;0;
1269;10:31:44;0;0;0;
1270;10:31:54;0;0;0;
1271;10:32:04;0;0;0;
1272;10:32:14;0;0;0;
1273;10:32:24;0;0;0;
1274;10:32:34;0;0;0;
1275;10:32:44;0;0;0;
1276;10:32:54;0;0;0;
1277;10:33:04;0;0;0;
1278;10:33:14;0;0;0;
1279;10:33:24;0;0;0;
1280;10:33:34;14,79137966;0;0;
1281;10:33:44;28,39944894;0;0;
1282;10:33:54;40,82420785;0;0;
1283;10:34:04;53,24896676;0;0;
1284;10:34:14;67,44869123;0;0;
1285;10:34:24;82,24007089;0,345132202;0;
1286;10:34:34;98,21476092;21,32917023;11;
1287;10:34:44;101,764692;33,27074432;28;
1288;10:34:54;106,4979335;46,86894989;34;
1289;10:35:04;112,4144854;61,57158279;34;
1290;10:35:14;121,2893132;77,30960846;45;
1291;10:35:24;128,3891754;94,15206146;45;
1292;10:35:34;135,4890376;111,8918533;55;
1293;10:35:44;141,9972447;132,8759003;66;
1294;10:35:54;146,7304862;154,1360321;70;
1295;10:36:04;149,6887621;174,4988403;70;
1296;10:36:14;153,8303484;198,451004;87;
1297;10:36:24;154,4220036;223,0934448;92;
1298;10:36:34;155,605314;249,2544708;104;
1299;10:36:44;156,1969692;275,5535278;111;
1300;10:36:54;155,605314;301,7145691;100;
1301;10:37:04;155,0136588;327,8755798;108;
1302;10:37:14;155,605314;353,2773132;100;
1303;10:37:24;155,605314;379,5073547;109;
1304;10:37:34;155,605314;404,9781189;100;
1305;10:37:44;155,0136588;429,6895752;112;
1306;10:37:54;154,4220036;455,9886475;108;
1307;10:38:04;154,4220036;481,4594116;111;
1308;10:38:14;154,4220036;507,8965454;110;
1309;10:38:24;155,0136588;533,4363403;112;
1310;10:38:34;155,0136588;560,0114746;101;
1311;10:38:44;155,605314;585,8273926;112;
1312;10:38:54;156,1969692;612,3335571;103;
1313;10:39:04;157,3802795;638,3565063;109;
1314;10:39:14;157,9719347;665,0697632;104;
1315;10:39:24;158,5635899;690,4714355;104;
1316;10:39:34;158,5635899;716,6325073;112;
1317;10:39:44;158,5635899;743,5527954;100;
1318;10:39:54;158,5635899;769,8518677;112;
1319;10:40:04;159,1552451;796,703125;102;
1320;10:40:14;159,1552451;823,1402588;111;
1321;10:40:24;159,7469003;850,1296387;101;
1322;10:40:34;160,3385555;876,7047729;111;
1323;10:40:44;160,9302107;903,6941528;111;
1324;10:40:54;160,9302107;930,4763794;104;
1325;10:41:04;161,5218658;956,1542358;102;
1326;10:41:14;162,113521;983,2816162;105;
1327;10:41:24;162,7051762;1010,063843;107;
1328;10:41:34;162,7051762;1037,260254;103;
1329;10:41:44;162,7051762;1064,180542;109;
1330;10:41:54;162,7051762;1090,824829;109;
1331;10:42:04;163,2968314;1118,366333;101;
1332;10:42:14;163,2968314;1145,14856;102;
1333;10:42:24;163,2968314;1172,690186;102;
1334;10:42:34;162,7051762;1199,472412;100;
1335;10:42:44;163,2968314;1225,495361;107;
1336;10:42:54;162,7051762;1253,105957;103;
1337;10:43:04;162,7051762;1279,957275;105;
1338;10:43:14;162,113521;1307,498779;100;
1339;10:43:24;162,7051762;1334,350098;102;
1340;10:43:34;162,113521;1361,960693;101;
1341;10:43:44;162,7051762;1388,880981;107;
1342;10:43:54;162,113521;1416,422485;110;
1343;10:44:04;162,7051762;1443,342773;105;
1344;10:44:14;162,7051762;1470,884399;101;
1345;10:44:24;163,8884866;1496,976318;101;
1346;10:44:34;163,2968314;1523,965698;106;
1347;10:44:44;163,2968314;1551,507202;108;
1348;10:44:54;162,7051762;1578,565674;104;
1349;10:45:04;162,7051762;1606,107178;105;
1350;10:45:14;161,5218658;1633,165527;111;
1351;10:45:24;161,5218658;1660,638062;106;
1352;10:45:34;160,9302107;1687,696411;107;
1353;10:45:44;160,9302107;1714,547729;109;
1354;10:45:54;161,5218658;1742,158325;100;
1355;10:46:04;162,113521;1768,181274;101;
1356;10:46:14;162,7051762;1795,584717;101;
1357;10:46:24;163,8884866;1822,643066;112;
1358;10:46:34;164,4801418;1849,494385;110;
1359;10:46:44;164,4801418;1877,17395;107;
1360;10:46:54;165,071797;1904,09436;107;
1361;10:47:04;165,6634521;1931,773926;105;
1362;10:47:14;167,4384177;1958,763184;105;
1363;10:47:24;170,3966936;1986,442871;101;
1364;10:47:34;173,9466248;2013,432129;101;
1365;10:47:44;177,4965559;2039,52417;109;
1366;10:47:54;181,6381422;2067,272705;101;
1367;10:48:04;185,1880733;2094,331055;106;
1368;10:48:14;187,554694;2123,529297;125;
1369;10:48:24;189,3296596;2153,969971;140;
1370;10:48:34;189,9213148;2185,653076;132;
1371;10:48:44;189,9213148;2216,645996;131;
1372;10:48:54;189,9213148;2248,398193;135;
1373;10:49:04;189,9213148;2279,322021;135;
1374;10:49:14;189,3296596;2311,005127;133;
1375;10:49:24;189,9213148;2341,169678;139;
1376;10:49:34;189,9213148;2372,162598;136;
1377;10:49:44;189,9213148;2403,983887;133;
1378;10:49:54;189,9213148;2435,045654;131;
1379;10:50:04;189,9213148;2466,72876;136;
1380;10:50:14;189,3296596;2497,928711;137;
1381;10:50:24;189,9213148;2529,473877;132;
1382;10:50:34;189,3296596;2560,74292;132;
1383;10:50:44;188,7380044;2591,735596;135;
1384;10:50:54;188,7380044;2623,625977;138;
1385;10:51:04;188,1463492;2653,721436;139;
1386;10:51:14;187,554694;2685,404541;133;
1387;10:51:24;187,554694;2716,673584;134;
1388;10:51:34;187,554694;2747,597412;137;
1389;10:51:44;187,554694;2779,556641;141;
1390;10:51:54;187,554694;2810,549561;132;
1391;10:52:04;187,554694;2842,439697;136;
1392;10:52:14;187,554694;2873,432617;137;
1393;10:52:24;188,1463492;2905,391846;133;
1394;10:52:34;188,1463492;2936,384766;132;
1395;10:52:44;188,1463492;2966,411133;135;
1396;10:52:54;188,1463492;2998,370361;137;
1397;10:53:04;188,7380044;3029,432373;138;
1398;10:53:14;188,1463492;3061,391602;134;
1399;10:53:24;188,1463492;3092,384521;133;
1400;10:53:34;188,1463492;3124,34375;137;
1401;10:53:44;188,1463492;3155,405518;134;
1402;10:53:54;187,554694;3187,295898;133;
1403;10:54:04;187,554694;3218,357666;139;
1404;10:54:14;186,9630389;3250,109863;132;
1405;10:54:24;186,9630389;3280,274414;136;
1406;10:54:34;187,554694;3311,405273;133;
1407;10:54:44;186,9630389;3343,226563;135;
1408;10:54:54;187,554694;3374,357422;138;
1409;10:55:04;187,554694;3406,040527;133;
1410;10:55:14;188,1463492;3437,30957;133;
1411;10:55:24;188,7380044;3468,923584;140;
1412;10:55:34;188,7380044;3500,192627;139;
1413;10:55:44;188,1463492;3531,185547;134;
1414;10:55:54;188,7380044;3563,144775;132;
1415;10:56:04;188,7380044;3593,171143;134;
1416;10:56:14;189,3296596;3624,716309;133;
1417;10:56:24;189,3296596;3655,91626;133;
1418;10:56:34;188,7380044;3686,840088;137;
1419;10:56:44;189,3296596;3718,730225;141;
1420;10:56:54;189,3296596;3749,654297;133;
1421;10:57:04;189,3296596;3781,613525;135;
1422;10:57:14;188,7380044;3812,675293;134;
1423;10:57:24;188,1463492;3844,56543;133;
1424;10:57:34;187,554694;3875,489502;139;
1425;10:57:44;187,554694;3905,584961;132;
1426;10:57:54;186,9630389;3937,475098;136;
1427;10:58:04;186,9630389;3968,537109;135;
1428;10:58:14;186,3713837;4000,496338;132;
1429;10:58:24;186,9630389;4031,489014;134;
1430;10:58:34;186,9630389;4063,310303;137;
1431;10:58:44;187,554694;4094,372314;135;
1432;10:58:54;187,554694;4126,193359;132;
1433;10:59:04;187,554694;4157,324219;133;
1434;10:59:14;187,554694;4189,007324;137;
1435;10:59:24;188,1463492;4219,103027;143;
1436;10:59:34;187,554694;4250,165039;142;
1437;10:59:44;187,554694;4281,848145;136;
1438;10:59:54;186,9630389;4312,910156;133;
1439;11:00:04;186,3713837;4344,455078;135;
1440;11:00:14;186,3713837;4375,447754;132;
1441;11:00:24;186,3713837;4406,923828;142;
1442;11:00:34;185,7797285;4437,98584;139;
1443;11:00:44;185,7797285;4468,84082;134;
1444;11:00:54;185,7797285;4500,523926;142;
1445;11:01:04;185,7797285;4530,343262;138;
1446;11:01:14;186,3713837;4561,819336;135;
1447;11:01:24;186,9630389;4592,881348;142;
1448;11:01:34;186,9630389;4623,73584;136;
1449;11:01:44;187,554694;4655,488281;135;
1450;11:01:54;188,1463492;4686,342773;131;
1451;11:02:04;188,7380044;4718,095215;136;
1452;11:02:14;188,7380044;4748,880859;143;
1453;11:02:24;189,3296596;4780,633301;132;
1454;11:02:34;188,7380044;4811,557129;133;
1455;11:02:44;188,7380044;4841,376465;143;
1456;11:02:54;188,1463492;4873,197754;134;
1457;11:03:04;187,554694;4904,052246;132;
1458;11:03:14;187,554694;4935,804688;132;
1459;11:03:24;187,554694;4966,65918;133;
1460;11:03:34;187,554694;4998,342285;144;
1461;11:03:44;188,1463492;5029,335449;144;
1462;11:03:54;188,1463492;5061,018555;132;
1463;11:04:04;188,1463492;5092,080566;135;
1464;11:04:14;188,1463492;5123,694336;133;
1465;11:04:24;187,554694;5153,721191;135;
1466;11:04:34;187,554694;5184,713867;132;
1467;11:04:44;186,9630389;5216,396973;132;
1468;11:04:54;186,3713837;5247,389648;132;
1469;11:05:04;186,3713837;5278,935059;141;
1470;11:05:14;186,9630389;5309,996582;144;
1471;11:05:24;186,9630389;5341,541992;135;
1472;11:05:34;187,554694;5372,741699;134;
1473;11:05:44;188,1463492;5403,527832;131;
1474;11:05:54;188,7380044;5435,279785;136;
1475;11:06:04;188,7380044;5465,237305;132;
1476;11:06:14;189,3296596;5496,713379;137;
1477;11:06:24;189,3296596;5527,913086;133;
1478;11:06:34;189,9213148;5558,836914;135;
1479;11:06:44;189,9213148;5590,727539;140;
1480;11:06:54;189,9213148;5621,720215;132;
1481;11:07:04;189,3296596;5653,610352;137;
1482;11:07:14;189,9213148;5684,53418;140;
1483;11:07:24;189,3296596;5716,424316;136;
1484;11:07:34;188,7380044;5747,41748;136;
1485;11:07:44;188,7380044;5777,443848;134;
1486;11:07:54;188,7380044;5809,333984;136;
1487;11:08:04;188,1463492;5840,327148;142;
1488;11:08:14;188,1463492;5872,147949;132;
1489;11:08:24;187,554694;5903,209961;132;
1490;11:08:34;188,1463492;5935,03125;138;
1491;11:08:44;188,7380044;5966,023926;141;
1492;11:08:54;188,7380044;5997,845215;132;
1493;11:09:04;188,1463492;6029,04541;132;
1494;11:09:14;188,7380044;6060,728516;139;
1495;11:09:24;188,7380044;6090,961914;132;
1496;11:09:34;189,3296596;6122,023926;134;
1497;11:09:44;189,3296596;6153,845215;136;
1498;11:09:54;188,7380044;6185,044922;134;
1499;11:10:04;188,1463492;6216,728027;133;
1500;11:10:14;188,1463492;6247,99707;132;
1501;11:10:24;187,554694;6279,059082;133;
1502;11:10:34;188,1463492;6310,949219;135;
1503;11:10:44;187,554694;6341,941895;140;
1504;11:10:54;186,9630389;6373,901367;132;
1505;11:11:04;186,9630389;6403,99707;132;
1506;11:11:14;186,9630389;6435,058594;134;
1507;11:11:24;187,554694;6467,018066;136;
1508;11:11:34;187,554694;6498,010742;138;
1509;11:11:44;186,9630389;6530,039063;133;
1510;11:11:54;186,9630389;6561,101074;134;
1511;11:12:04;187,554694;6593,060059;143;
1512;11:12:14;188,1463492;6624,12207;144;
1513;11:12:24;188,1463492;6656,012207;137;
1514;11:12:34;188,1463492;6687,143066;136;
1515;11:12:44;188,7380044;6717,376953;137;
1516;11:12:54;189,3296596;6749,405273;144;
1517;11:13:04;189,9213148;6780,536133;139;
1518;11:13:14;189,9213148;6812,564453;133;
1519;11:13:24;189,9213148;6843,695313;135;
1520;11:13:34;189,9213148;6875,585449;133;
1521;11:13:44;189,9213148;6906,854492;134;
1522;11:13:54;189,3296596;6938,744629;144;
1523;11:14:04;189,3296596;6970,013672;144;
1524;11:14:14;188,7380044;7001,834961;136;
1525;11:14:24;188,7380044;7033,241699;134;
1526;11:14:34;188,7380044;7063,40625;134;
1527;11:14:44;188,7380044;7095,296387;138;
1528;11:14:54;188,1463492;7126,634766;135;
1529;11:15:04;188,7380044;7158,386719;134;
1530;11:15:14;188,7380044;7189,655762;133;
1531;11:15:24;189,3296596;7220,717773;131;
1532;11:15:34;189,3296596;7252,746094;133;
1533;11:15:44;189,3296596;7283,73877;142;
1534;11:15:54;189,9213148;7315,76709;140;
1535;11:16:04;190,51297;7346,897949;136;
1536;11:16:14;191,1046252;7377,0625;137;
1537;11:16:24;191,6962803;7409,159668;136;
1538;11:16:34;191,6962803;7440,290527;138;
1539;11:16:44;191,6962803;7472,388184;139;
1540;11:16:54;191,6962803;7503,519043;140;
1541;11:17:04;191,1046252;7535,547363;132;
1542;11:17:14;191,1046252;7566,678223;136;
1543;11:17:24;190,51297;7598,706543;142;
1544;11:17:34;189,9213148;7629,90625;137;
1545;11:17:44;189,9213148;7661,865723;132;
1546;11:17:54;189,3296596;7692,168457;131;
1547;11:18:04;189,3296596;7723,299316;139;
1548;11:18:14;189,3296596;7755,258301;132;
1549;11:18:24;189,3296596;7786,527344;136;
1550;11:18:34;189,3296596;7818,486816;141;
1551;11:18:44;189,3296596;7849,755371;136;
1552;11:18:54;189,3296596;7881,714844;135;
1553;11:19:04;189,9213148;7913,052734;142;
1554;11:19:14;189,9213148;7944,805176;136;
1555;11:19:24;190,51297;7976,28125;136;
1556;11:19:34;190,51297;8006,514648;134;
1557;11:19:44;190,51297;8038,335938;137;
1558;11:19:54;190,51297;8069,742676;134;
1559;11:20:04;189,9213148;8101,563965;142;
1560;11:20:14;189,3296596;8132,971191;144;
1561;11:20:24;189,3296596;8164,170898;133;
1562;11:20:34;189,3296596;8196,199219;134;
1563;11:20:44;189,3296596;8227,399414;132;
1564;11:20:54;189,3296596;8259,427734;132;
1565;11:21:04;189,3296596;8290,62793;142;
1566;11:21:14;189,3296596;8320,861328;142;
1567;11:21:24;189,3296596;8352,958008;142;
1568;11:21:34;189,3296596;8384,088867;135;
1569;11:21:44;189,3296596;8416,186523;136;
1570;11:21:54;189,3296596;8447,386719;136;
1571;11:22:04;189,3296596;8479,552734;139;
1572;11:22:14;189,3296596;8510,75293;132;
1573;11:22:24;189,9213148;8542,849609;141;
1574;11:22:34;190,51297;8574,049805;143;
1575;11:22:44;189,9213148;8606,078125;135;
1576;11:22:54;189,3296596;8636,450195;134;
1577;11:23:04;188,7380044;8667,649414;134;
1578;11:23:14;188,1463492;8699,609375;130;
1579;11:23:24;187,554694;8730,87793;136;
1580;11:23:34;186,9630389;8762,836914;141;
1581;11:23:44;186,3713837;8794,175781;134;
1582;11:23:54;186,9630389;8825,996094;138;
1583;11:24:04;186,9630389;8857,40332;144;
1584;11:24:14;187,554694;8889,155273;135;
1585;11:24:24;188,1463492;8920,5625;134;
1586;11:24:34;188,1463492;8950,727539;134;
1587;11:24:44;188,7380044;8982,548828;136;
1588;11:24:54;188,7380044;9013,886719;133;
1589;11:25:04;188,1463492;9045,708008;139;
1590;11:25:14;188,7380044;9077,183594;143;
1591;11:25:24;188,1463492;9108,383789;135;
1592;11:25:34;188,1463492;9140,481445;134;
1593;11:25:44;188,7380044;9171,680664;131;
1594;11:25:54;188,1463492;9203,847656;131;
1595;11:26:04;188,7380044;9234,978516;142;
1596;11:26:14;189,3296596;9265,211914;143;
1597;11:26:24;189,3296596;9297,308594;143;
1598;11:26:34;189,9213148;9328,44043;133;
1599;11:26:44;189,9213148;9360,606445;132;
1600;11:26:54;189,3296596;9391,806641;136;
1601;11:27:04;189,9213148;9423,90332;142;
1602;11:27:14;189,9213148;9455,103516;135;
1603;11:27:24;189,9213148;9487,131836;138;
1604;11:27:34;189,9213148;9518,400391;144;
1605;11:27:44;189,3296596;9550,360352;134;
1606;11:27:54;189,3296596;9580,800781;136;
1607;11:28:04;189,9213148;9612,000977;131;
1608;11:28:14;189,9213148;9644,029297;132;
1609;11:28:24;189,3296596;9675,297852;136;
1610;11:28:34;189,3296596;9707,256836;143;
1611;11:28:44;189,3296596;9738,594727;137;
1612;11:28:54;189,9213148;9770,485352;133;
1613;11:29:04;189,9213148;9801,892578;142;
1614;11:29:14;189,9213148;9833,713867;136;
1615;11:29:24;189,9213148;9865,189453;134;
1616;11:29:34;190,51297;9895,422852;134;
1617;11:29:44;190,51297;9927,313477;135;
1618;11:29:54;190,51297;9958,720703;132;
1619;11:30:04;190,51297;9990,610352;144;
1620;11:30:14;190,51297;10022,01758;143;
1621;11:30:24;190,51297;10053,14844;132;
1622;11:30:34;190,51297;10085,24609;131;
1623;11:30:44;190,51297;10116,51465;136;
1624;11:30:54;190,51297;10148,6123;136;
1625;11:31:04;190,51297;10179,8125;135;
1626;11:31:14;190,51297;10210,0459;136;
1627;11:31:24;190,51297;10242,21191;135;
1628;11:31:34;190,51297;10273,34277;144;
1629;11:31:44;190,51297;10305,57813;144;
1630;11:31:54;190,51297;10336,77832;131;
1631;11:32:04;190,51297;10368,94434;133;
1632;11:32:14;190,51297;10400,21387;135;
1633;11:32:24;190,51297;10432,24219;144;
1634;11:32:34;190,51297;10463,58008;136;
1635;11:32:44;190,51297;10495,53906;133;
1636;11:32:54;190,51297;10525,91016;130;
1637;11:33:04;190,51297;10557,17969;144;
1638;11:33:14;190,51297;10589,20801;136;
1639;11:33:24;190,51297;10620,5459;134;
1640;11:33:34;190,51297;10652,43652;139;
1641;11:33:44;189,9213148;10683,77441;136;
1642;11:33:54;190,51297;10715,66406;135;
1643;11:34:04;190,51297;10747,07129;141;
1644;11:34:14;189,9213148;10778,89258;136;
1645;11:34:24;189,9213148;10810,4375;135;
1646;11:34:34;189,3296596;10840,74023;133;
1647;11:34:44;189,3296596;10872,63086;135;
1648;11:34:54;189,3296596;10904,10645;131;
1649;11:35:04;188,7380044;10935,99707;144;
1650;11:35:14;188,7380044;10967,54199;141;
1651;11:35:24;189,3296596;10998,74219;133;
1652;11:35:34;189,3296596;11030,9082;137;
1653;11:35:44;190,51297;11062,1084;136;
1654;11:35:54;190,51297;11094,34375;139;
1655;11:36:04;191,1046252;11125,54297;133;
1656;11:36:14;191,1046252;11155,77734;133;
1657;11:36:24;190,51297;11187,94336;133;
1658;11:36:34;189,9213148;11219,14355;142;
1659;11:36:44;189,3296596;11251,30957;135;
1660;11:36:54;188,7380044;11282,50977;136;
1661;11:37:04;188,7380044;11314,60645;132;
1662;11:37:14;188,1463492;11345,87598;136;
1663;11:37:24;187,554694;11377,9043;140;
1664;11:37:34;188,1463492;11409,24219;133;
1665;11:37:44;188,7380044;11441,20117;140;
1666;11:37:54;189,3296596;11471,50391;138;
1667;11:38:04;188,7380044;11502,7041;144;
1668;11:38:14;188,7380044;11534,73242;136;
1669;11:38:24;189,3296596;11566,07031;132;
1670;11:38:34;189,3296596;11598,0293;134;
1671;11:38:44;189,3296596;11629,43652;134;
1672;11:38:54;188,7380044;11661,32617;144;
1673;11:39:04;188,1463492;11692,80273;141;
1674;11:39:14;188,1463492;11723,93359;132;
1675;11:39:24;187,554694;11756,09961;135;
1676;11:39:34;187,554694;11786,40234;140;
1677;11:39:44;188,1463492;11818,29297;135;
1678;11:39:54;187,554694;11849,69922;136;
1679;11:40:04;187,554694;11880,89941;139;
1680;11:40:14;188,1463492;11913,06543;138;
1681;11:40:24;188,7380044;11944,19727;139;
1682;11:40:34;189,3296596;11976,36328;139;
1683;11:40:44;189,3296596;12007,49414;135;
1684;11:40:54;189,3296596;12039,66016;139;
1685;11:41:04;189,9213148;12070,86035;134;
1686;11:41:14;190,51297;12101,09375;134;
1687;11:41:24;190,51297;12133,19141;135;
1688;11:41:34;190,51297;12164,32227;144;
1689;11:41:44;189,9213148;12196,55762;136;
1690;11:41:54;189,9213148;12227,68848;131;
1691;11:42:04;189,9213148;12259,7168;134;
1692;11:42:14;189,9213148;12290,98535;132;
1693;11:42:24;189,9213148;12322,94531;142;
1694;11:42:34;190,51297;12354,21387;143;
1695;11:42:44;190,51297;12385,96582;135;
1696;11:42:54;191,1046252;12416,26855;135;
1697;11:43:04;190,51297;12447,53809;135;
1698;11:43:14;190,51297;12479,49707;139;
1699;11:43:24;190,51297;12510,83496;135;
1700;11:43:34;190,51297;12542,79395;136;
1701;11:43:44;189,9213148;12574,13184;143;
1702;11:43:54;189,3296596;12605,95313;136;
1703;11:44:04;188,7380044;12637,42969;135;
1704;11:44:14;189,3296596;12668,69824;135;
1705;11:44:24;189,3296596;12700,7959;133;
1706;11:44:34;189,3296596;12731,0293;133;
1707;11:44:44;188,7380044;12762,91895;144;
1708;11:44:54;188,7380044;12794,39551;144;
1709;11:45:04;189,3296596;12825,66406;132;
1710;11:45:14;189,9213148;12857,76172;132;
1711;11:45:24;189,9213148;12889,03027;133;
1712;11:45:34;189,9213148;12921,19727;133;
1713;11:45:44;189,9213148;12952,32813;139;
1714;11:45:54;190,51297;12984,4248;131;
1715;11:46:04;190,51297;13015,625;141;
1716;11:46:14;190,51297;13045,8584;140;
1717;11:46:24;190,51297;13077,95605;140;
1718;11:46:34;190,51297;13109,15625;136;
1719;11:46:44;190,51297;13141,32227;138;
1720;11:46:54;190,51297;13172,5918;131;
1721;11:47:04;190,51297;13204,61914;142;
1722;11:47:14;190,51297;13235,88867;142;
1723;11:47:24;190,51297;13267,98633;133;
1724;11:47:34;190,51297;13299,32422;135;
1725;11:47:44;190,51297;13331,21387;133;
1726;11:47:54;190,51297;13361,6543;132;
1727;11:48:04;190,51297;13392,92383;136;
1728;11:48:14;190,51297;13424,88281;140;
1729;11:48:24;190,51297;13456,29004;132;
1730;11:48:34;190,51297;13488,24902;142;
1731;11:48:44;190,51297;13519,65625;144;
1732;11:48:54;190,51297;13551,54688;134;
1733;11:49:04;191,1046252;13583,02246;131;
1734;11:49:14;191,1046252;13614,22266;132;
1735;11:49:24;191,6962803;13646,38867;135;
1736;11:49:34;191,6962803;13676,69141;136;
1737;11:49:44;191,6962803;13708,5127;139;
1738;11:49:54;191,6962803;13740,05762;137;
1739;11:50:04;191,6962803;13771,18848;143;
1740;11:50:14;191,1046252;13803,35449;144;
1741;11:50:24;190,51297;13834,48633;133;
1742;11:50:34;190,51297;13866,72168;133;
1743;11:50:44;190,51297;13897,99023;135;
1744;11:50:54;190,51297;13930,08789;144;
1745;11:51:04;190,51297;13961,42578;136;
1746;11:51:14;190,51297;13991,65918;137;
1747;11:51:24;189,9213148;14023,8252;138;
1748;11:51:34;190,51297;14054,95605;143;
1749;11:51:44;189,9213148;14087,05371;136;
1750;11:51:54;189,9213148;14118,18457;134;
1751;11:52:04;189,9213148;14150,21289;138;
1752;11:52:14;189,9213148;14181,48145;133;
1753;11:52:24;190,51297;14213,44141;135;
1754;11:52:34;191,1046252;14244,7793;144;
1755;11:52:44;191,1046252;14276,66895;136;
1756;11:52:54;190,51297;14307,04102;136;
1757;11:53:04;189,9213148;14338,30957;132;
1758;11:53:14;189,9213148;14370,26953;132;
1759;11:53:24;189,9213148;14401,67578;136;
1760;11:53:34;189,3296596;14433,63574;142;
1761;11:53:44;188,7380044;14465,04199;137;
1762;11:53:54;188,7380044;14496,93262;139;
1763;11:54:04;188,7380044;14528,4082;142;
1764;11:54:14;189,3296596;14559,67773;135;
1765;11:54:24;189,3296596;14591,91309;134;
1766;11:54:34;189,3296596;14622,14648;132;
1767;11:54:44;188,7380044;14653,96777;131;
1768;11:54:54;188,7380044;14685,5127;134;
1769;11:55:04;188,1463492;14716,71289;140;
1770;11:55:14;188,1463492;14748,87891;139;
1771;11:55:24;188,1463492;14780,0791;142;
1772;11:55:34;187,554694;14812,31445;142;
1773;11:55:44;186,9630389;14843,51465;133;
1774;11:55:54;186,9630389;14875,61133;135;
1775;11:56:04;187,554694;14906,94922;135;
1776;11:56:14;188,1463492;14937,25195;134;
1777;11:56:24;188,7380044;14969,41895;134;
1778;11:56:34;188,1463492;15000,6875;136;
1779;11:56:44;188,1463492;15032,85352;137;
1780;11:56:54;188,7380044;15064,05371;144;
1781;11:57:04;189,3296596;15096,21973;136;
1782;11:57:14;189,3296596;15127,55859;134;
1783;11:57:24;189,3296596;15159,58594;132;
1784;11:57:34;189,3296596;15190,99316;137;
1785;11:57:44;189,9213148;15223,02148;138;
1786;11:57:54;190,51297;15253,46191;136;
1787;11:58:04;190,51297;15284,80078;133;
1788;11:58:14;190,51297;15316,89746;144;
1789;11:58:24;190,51297;15348,30469;136;
1790;11:58:34;190,51297;15380,26367;141;
1791;11:58:44;190,51297;15411,80859;144;
1792;11:58:54;190,51297;15443,76855;132;
1793;11:59:04;190,51297;15475,31348;140;
1794;11:59:14;191,1046252;15506,65137;136;
1795;11:59:24;190,51297;15538,95605;133;
1796;11:59:34;190,51297;15569,32715;136;
1797;11:59:44;190,51297;15601,21777;138;
1798;11:59:54;190,51297;15632,83203;134;
1799;12:00:04;190,51297;15664,10059;132;
1800;12:00:14;189,9213148;15696,40527;136;
1801;12:00:24;189,3296596;15727,74316;135;
1802;12:00:34;189,9213148;15759,97852;134;
1803;12:00:44;189,9213148;15791,24707;142;
1804;12:00:54;189,3296596;15823,48242;132;
1805;12:01:04;189,3296596;15854,75195;144;
1806;12:01:14;189,3296596;15885,05469;145;
1807;12:01:24;189,9213148;15917,29004;145;
1808;12:01:34;189,9213148;15948,48926;132;
1809;12:01:44;189,9213148;15980,65625;131;
1810;12:01:54;189,9213148;16011,99414;137;
1811;12:02:04;190,51297;16044,16016;138;
1812;12:02:14;190,51297;16075,56738;134;
1813;12:02:24;190,51297;16107,66406;144;
1814;12:02:34;191,1046252;16139,20996;135;
1815;12:02:44;190,51297;16171,16895;145;
1816;12:02:54;190,51297;16201,67871;145;
1817;12:03:04;190,51297;16233,1543;137;
1818;12:03:14;190,51297;16265,18262;141;
1819;12:03:24;190,51297;16296,65918;143;
1820;12:03:34;190,51297;16328,6875;133;
1821;12:03:44;189,3296596;16360,23242;143;
1822;12:03:54;189,9213148;16391,57031;135;
1823;12:04:04;189,9213148;16423,80469;133;
1824;12:04:14;190,51297;16455,14453;136;
1825;12:04:24;190,51297;16487,37891;135;
1826;12:04:34;190,51297;16517,75;132;
1827;12:04:44;190,51297;16549,08789;138;
1828;12:04:54;191,1046252;16581,39258;136;
1829;12:05:04;191,6962803;16612,80078;133;
1830;12:05:14;192,2879355;16645,03516;138;
1831;12:05:24;192,2879355;16676,37305;134;
1832;12:05:34;192,2879355;16708,67773;146;
1833;12:05:44;192,8795907;16740,01563;137;
1834;12:05:54;192,8795907;16772,25195;141;
1835;12:06:04;193,4712459;16803,58984;141;
1836;12:06:14;193,4712459;16833,96094;139;
1837;12:06:24;193,4712459;16866,26563;140;
1838;12:06:34;192,8795907;16897,5332;143;
1839;12:06:44;192,8795907;16929,76953;132;
1840;12:06:54;192,2879355;16961,17578;145;
1841;12:07:04;192,2879355;16993,3418;135;
1842;12:07:14;191,6962803;17024,81836;143;
1843;12:07:24;191,6962803;17056,84766;137;
1844;12:07:34;191,1046252;17088,39258;132;
1845;12:07:44;191,6962803;17120,35156;136;
1846;12:07:54;191,6962803;17150,92969;138;
1847;12:08:04;191,6962803;17182,40625;132;
1848;12:08:14;192,2879355;17214,50391;134;
1849;12:08:24;192,2879355;17246,04883;136;
1850;12:08:34;191,6962803;17278,00781;133;
1851;12:08:44;192,2879355;17309,62109;137;
1852;12:08:54;192,2879355;17340,95898;138;
1853;12:09:04;192,2879355;17373,26367;132;
1854;12:09:14;192,2879355;17404,60156;142;
1855;12:09:24;191,6962803;17436,90625;139;
1856;12:09:34;191,6962803;17467,27734;133;
1857;12:09:44;191,1046252;17498,54688;144;
1858;12:09:54;190,51297;17530,85156;139;
1859;12:10:04;189,9213148;17562,12109;145;
1860;12:10:14;189,9213148;17594,42578;144;
1861;12:10:24;189,9213148;17625,76367;140;
1862;12:10:34;189,9213148;17657,99805;137;
1863;12:10:44;189,9213148;17689,26758;132;
1864;12:10:54;190,51297;17721,36523;134;
1865;12:11:04;190,51297;17752,77148;137;
1866;12:11:14;190,51297;17783,07422;137;
1867;12:11:24;190,51297;17815,31055;140;
1868;12:11:34;190,51297;17846,7168;134;
1869;12:11:44;190,51297;17878,88281;143;
1870;12:11:54;190,51297;17910,35938;132;
1871;12:12:04;190,51297;17942,52539;145;
1872;12:12:14;190,51297;17974,07031;134;
1873;12:12:24;191,1046252;18006,16797;145;
1874;12:12:34;191,1046252;18037,78125;137;
1875;12:12:44;191,1046252;18069,81055;145;
1876;12:12:54;191,1046252;18100,38867;144;
1877;12:13:04;191,1046252;18131,93359;133;
1878;12:13:14;191,1046252;18164,03125;145;
1879;12:13:24;191,1046252;18195,71484;134;
1880;12:13:34;190,51297;18227,74219;144;
1881;12:13:44;190,51297;18259,42578;136;
1882;12:13:54;190,51297;18290,83203;144;
1883;12:14:04;189,9213148;18323,20703;136;
1884;12:14:14;189,9213148;18354,61328;144;
1885;12:14:24;189,9213148;18387,05469;138;
1886;12:14:34;189,9213148;18417,49609;133;
1887;12:14:44;189,9213148;18448,83398;138;
1888;12:14:54;189,9213148;18481,27734;132;
1889;12:15:04;189,9213148;18512,68359;138;
1890;12:15:14;190,51297;18544,98828;132;
1891;12:15:24;190,51297;18576,46484;137;
1892;12:15:34;190,51297;18608,83789;145;
1893;12:15:44;191,1046252;18640,24414;136;
1894;12:15:54;191,1046252;18672,48047;146;
1895;12:16:04;191,6962803;18704,02539;136;
1896;12:16:14;191,6962803;18734,46484;133;
1897;12:16:24;192,2879355;18766,83984;142;
1898;12:16:34;192,2879355;18798,24609;136;
1899;12:16:44;192,8795907;18830,55078;140;
1900;12:16:54;192,2879355;18862,0957;137;
1901;12:17:04;192,2879355;18894,26172;139;
1902;12:17:14;191,6962803;18925,875;138;
1903;12:17:24;191,6962803;18957,97266;138;
1904;12:17:34;191,1046252;18989,65625;137;
1905;12:17:44;191,1046252;19021,75391;136;
1906;12:17:54;190,51297;19052,33203;133;
1907;12:18:04;190,51297;19083,94727;133;
1908;12:18:14;191,1046252;19116,11328;137;
1909;12:18:24;191,1046252;19147,72656;132;
1910;12:18:34;191,1046252;19179,82422;138;
1911;12:18:44;191,1046252;19211,57617;133;
1912;12:18:54;191,1046252;19242,98438;137;
1913;12:19:04;191,6962803;19275,35742;133;
1914;12:19:14;191,6962803;19306,83203;137;
1915;12:19:24;191,1046252;19339,13672;132;
1916;12:19:34;191,1046252;19369,64648;145;
1917;12:19:44;191,1046252;19401,12305;132;
1918;12:19:54;191,6962803;19433,49609;145;
1919;12:20:04;192,2879355;19464,97266;136;
1920;12:20:14;192,2879355;19497,27734;143;
1921;12:20:24;192,2879355;19528,68359;133;
1922;12:20:34;192,2879355;19560,98828;136;
1923;12:20:44;192,8795907;19592,46484;132;
1924;12:20:54;193,4712459;19624,69922;138;
1925;12:21:04;192,8795907;19656,24414;138;
1926;12:21:14;192,8795907;19686,75391;146;
1927;12:21:24;192,8795907;19719,19727;133;
1928;12:21:34;193,4712459;19750,67383;145;
1929;12:21:44;194,0629011;19783,04688;138;
1930;12:21:54;193,4712459;19814,66016;140;
1931;12:22:04;192,8795907;19846,89648;144;
1932;12:22:14;193,4712459;19878,57813;136;
1933;12:22:24;192,8795907;19910,81445;145;
1934;12:22:34;192,8795907;19942,56641;133;
1935;12:22:44;192,8795907;19974,73242;140;
1936;12:22:54;192,2879355;20005,31055;134;
1937;12:23:04;192,2879355;20036,99414;135;
1938;12:23:14;192,8795907;20069,23047;137;
1939;12:23:24;192,2879355;20100,91211;133;
1940;12:23:34;192,2879355;20133,08008;136;
1941;12:23:44;192,2879355;20164,96875;141;
1942;12:23:54;191,6962803;20196,44531;133;
1943;12:24:04;192,2879355;20228,88867;145;
1944;12:24:14;192,2879355;20260,43359;142;
1945;12:24:24;191,6962803;20292,94531;145;
1946;12:24:34;191,6962803;20323,52344;135;
1947;12:24:44;191,6962803;20355,06836;139;
1948;12:24:54;191,6962803;20387,44141;133;
1949;12:25:04;192,2879355;20418,98633;134;
1950;12:25:14;192,2879355;20451,42969;138;
1951;12:25:24;192,2879355;20482,90625;138;
1952;12:25:34;192,2879355;20515,2793;138;
1953;12:25:44;192,2879355;20546,82422;137;
1954;12:25:54;192,2879355;20579,19727;132;
1955;12:26:04;191,6962803;20610,81055;132;
1956;12:26:14;191,1046252;20641,32031;144;
1957;12:26:24;163,2968314;20673,76367;134;
1958;12:26:34;136,0806928;20705,30859;145;
1959;12:26:44;108,8645543;20737,68164;136;
1960;12:26:54;81,6484157;20769,29688;141;
1961;12:27:04;54,43227713;20801,53125;145;
1962;12:27:14;27,21613857;20833,21484;136;
1963;12:27:24;0;20837,42578;0;
1964;12:27:34;0;20837,42578;0;
1965;12:27:44;0;20837,42578;0;
1966;12:27:54;0;20837,42578;0;
1967;12:28:04;0;20837,42578;0;
1968;12:28:14;0;20837,42578;0;
1969;12:28:24;0;20837,42578;0;
1970;12:28:34;0;20837,42578;0;
1971;12:28:44;0;20837,42578;0;
1972;12:28:54;0;20837,42578;0;
1973;12:29:04;0;20837,42578;0;
1974;12:29:14;0;20837,42578;0;
1975;12:29:24;0;20837,42578;0;
1976;12:29:34;0;20837,42578;0;
1977;12:29:44;0;20837,42578;0;
1978;12:29:54;0;20837,42578;0;
1979;12:30:04;0;20837,42578;0;
1980;12:30:14;0;20837,42578;0;
1981;12:30:24;0;20837,42578;0;
1982;12:30:34;0;20837,42578;0;
1983;12:30:44;0;20837,42578;0;
1984;12:30:54;0;20837,42578;0;
1985;12:31:04;0;20837,42578;0;
1986;12:31:14;0;20837,42578;0;
1987;12:31:24;0;20837,42578;0;
1988;12:31:34;0;20837,42578;0;
1989;12:31:44;0;20837,42578;0;
1990;12:31:54;0;20837,42578;0;
1991;12:32:04;0;20837,42578;0;
1992;12:32:14;0;20837,42578;0;
1993;12:32:24;0;20837,42578;0;
1994;12:32:34;0;20837,63281;0;
1995;12:32:44;0;20839,35742;0;
1996;12:32:54;0;20839,35742;0;
1997;12:33:04;0;20839,35742;0;
1998;12:33:14;0;20839,35742;0;
1999;12:33:24;0;20839,35742;0;
2000;12:33:34;0;20839,35742;0;
2001;12:33:44;0;20839,35742;0;
2002;12:33:54;0;20839,35742;0;
2003;12:34:04;0;20839,35742;0;
2004;12:34:14;0;20839,35742;0;
2005;12:34:24;0;20839,35742;0;
2006;12:34:34;0;20839,42773;0;
2007;12:34:44;0;20839,42773;0;
2008;12:34:54;1,774965559;20839,42773;0;
2009;12:35:04;1,774965559;20839,42773;0;
2010;12:35:14;1,774965559;20839,42773;0;
2011;12:35:24;1,774965559;20839,42773;0;
2012;12:35:34;1,774965559;20839,42773;0;
2013;12:35:44;1,774965559;20839,97852;0;
2014;12:35:54;1,774965559;20840,80664;0;
2015;12:36:04;0;20840,80664;0;
2016;12:36:14;0;20840,80664;0;
2017;12:36:24;0;20840,80664;0;
2018;12:36:34;0;20840,80664;0;
2019;12:36:44;0;20840,80664;0;
2020;12:36:54;0;20840,80664;0;
2021;12:37:04;0;20840,80664;0;
2022;12:37:14;0;20840,80664;0;
2023;12:37:24;0;20840,80664;0;
2024;12:37:34;0;20840,80664;0;
2025;12:37:44;0;20840,80664;0;
2026;12:37:54;3,549931117;20840,80664;0;
2027;12:38:04;3,549931117;20840,80664;0;
2028;12:38:14;3,549931117;20840,80664;0;
2029;12:38:24;3,549931117;20840,87695;0;
2030;12:38:34;3,549931117;20840,87695;0;
2031;12:38:44;3,549931117;20841,77344;0;
2032;12:38:54;3,549931117;20842,25781;0;
2033;12:39:04;0;20842,87891;0;
2034;12:39:14;0;20842,87891;0;
2035;12:39:24;0;20842,87891;0;
2036;12:39:34;0;20842,87891;0;
2037;12:39:44;0;20842,87891;0;
2038;12:39:54;0;20842,87891;0;
2039;12:40:04;0;20842,87891;0;
2040;12:40:14;0;20842,87891;0;
2041;12:40:24;0;20842,87891;0;
2042;12:40:34;0;20842,87891;0;
2043;12:40:44;0;20842,87891;0;
2044;12:40:54;0;20842,87891;0;
2045;12:41:04;0;20842,87891;0;
2046;12:41:14;0;20842,87891;0;
2047;12:41:24;0;20842,87891;0;
2048;12:41:34;0;20842,87891;0;
2049;12:41:44;0;20842,87891;0;
2050;12:41:54;0;20842,87891;0;
2051;12:42:04;0;20842,87891;0;
2052;12:42:14;0;20842,87891;0;
2053;12:42:24;0;20842,87891;0;
2054;12:42:34;0;20842,87891;0;
2055;12:42:44;0;20842,87891;0;
2056;12:42:54;0;20842,87891;0;
2057;12:43:04;0;20842,87891;0;
2058;12:43:14;0;20842,87891;0;
2059;12:43:24;0;20842,87891;0;
2060;12:43:34;0;20842,87891;0;
2061;12:43:44;0;20842,87891;0;
2062;12:43:54;0;20842,87891;0;
2063;12:44:04;0;20842,87891;0;
2064;12:44:14;0;20842,87891;0;
2065;12:44:24;0;20842,87891;0;
2066;12:44:34;0;20842,87891;0;
2067;12:44:44;0;20842,87891;0;
2068;12:44:54;0;20842,87891;0;
2069;12:45:04;0;20842,87891;0;
2070;12:45:14;0;20842,87891;0;
2071;12:45:24;0;20842,87891;0;
2072;12:45:34;0;20842,87891;0;
2073;12:45:44;0;20842,87891;0;
2074;12:45:54;0;20842,87891;0;
2075;12:46:04;0;20842,87891;0;
2076;12:46:14;0;20842,87891;0;
2077;12:46:24;0;20842,87891;0;
2078;12:46:34;0;20842,87891;0;
2079;12:46:44;0;20842,87891;0;
2080;12:46:54;0;20842,87891;0;
2081;12:56:03;0;0;0;
2082;12:56:13;0;0;0;
2083;12:56:23;0;0;0;
2084;12:56:33;0;0;0;
2085;12:56:43;0;0;0;
2086;12:56:53;0;0;0;
2087;12:57:03;0;0;0;
2088;12:57:13;0;0;0;
2089;12:57:23;0;0;0;
2090;12:57:33;0;0;0;
2091;12:57:43;0;0;0;
2092;12:57:53;0;0;0;
2093;12:58:03;0;0;0;
2094;12:58:13;0;0;0;
2095;12:58:23;0;0;0;
2096;12:58:33;0;0;0;
2097;12:58:43;0;0;0;
2098;12:58:53;0;0;0;
2099;12:59:03;0;0;0;
2100;12:59:13;0;0;0;
2101;12:59:23;0;0;0;
2102;12:59:33;0;0;0;
2103;12:59:43;0;0;0;
2104;12:59:53;0;0;0;
2105;13:00:03;0;0;0;
2106;13:00:13;0;0;0;
2107;13:00:23;0;0;0;
2108;13:00:33;0;0;0;
2109;13:00:43;0;0;0;
2110;13:00:53;0;0;0;
2111;13:01:03;0;0;0;
2112;13:01:13;0;0;0;
2113;13:01:23;0;0;0;
2114;13:01:33;0;0;0;
2115;13:01:43;0;0;0;
2116;13:01:53;0;0;0;
2117;13:02:03;0;0;0;
2118;13:02:13;0;0;0;
2119;13:02:23;0;0;0;
2120;13:02:33;0;0;0;
2121;13:02:43;0;0;0;
2122;13:02:53;0;0;0;
2123;13:03:03;0;0;0;
2124;13:03:13;0;0;0;
2125;13:03:23;0;0;0;
2126;13:03:33;0;0;0;
2127;13:03:43;0;0;0;
2128;13:03:53;0;0;0;
2129;13:04:03;0;0;0;
2130;13:04:13;0;0;0;
2131;13:04:23;0;0;0;
2132;13:04:33;0;0;0;
2133;13:04:43;0;0;0;
2134;13:04:53;0;0;0;
2135;13:05:03;0;0;0;
2136;13:05:13;0;0;0;
2137;13:05:23;0;0;0;
2138;13:05:33;0;0;0;
2139;13:05:43;0;0;0;
2140;13:05:53;0;0;0;
2141;13:06:03;0;0;0;
2142;13:06:13;0;0;0;
2143;13:06:23;0;0;0;
2144;13:06:33;0;0;0;
2145;13:06:43;0;0;0;
2146;13:06:53;0;0;0;
2147;13:07:03;0;0;0;
2148;13:07:13;0;0;0;
2149;13:07:23;0;0;0;
2150;13:07:33;0;0;0;
2151;13:07:43;0;0;0;
2152;13:07:53;0;0;0;
2153;13:08:03;0;0;0;
2154;13:08:13;0;0;0;
2155;13:08:23;0;0;0;
2156;13:08:33;0;0;0;
2157;13:08:43;0;0;0;
2158;13:08:53;0;0;0;
2159;13:09:03;0;0;0;
2160;13:09:13;0;0;0;
2161;13:09:23;0;0;0;
2162;13:09:33;0;0;0;
2163;13:09:43;0;0;0;
2164;13:09:53;0;0;0;
2165;13:10:03;0;0;0;
2166;13:10:13;0;0;0;
2167;13:10:23;0;0;0;
2168;13:10:33;0;0;0;
2169;13:10:43;0;0;0;
2170;13:10:53;0;0;0;
2171;13:11:03;0;0;0;
2172;13:11:13;0;0;0;
2173;13:11:23;0;0;0;
2174;13:11:33;0;0;0;
2175;13:11:43;0;0;0;
2176;13:11:53;0;0;0;
2177;13:12:03;12,42475891;0;0;
2178;13:12:13;30,1744145;0;0;
2179;13:12:23;73,36524091;0;0;
2180;13:12:33;73,36524091;0;0;
2181;13:12:43;73,36524091;0;0;
2182;13:12:53;73,36524091;0;0;
2183;13:13:03;73,36524091;11,80352116;0;
2184;13:13:13;60,940482;25,67783546;0;
2185;13:13:23;43,19082642;73,78926086;0;
2186;13:13:33;10,05813817;81,38217163;0;
2187;13:13:43;37,27427673;81,38217163;0;
2188;13:13:53;63,89876011;81,38217163;0;
2189;13:14:03;90,5232435;81,38217163;0;
2190;13:14:13;116,5560717;81,38217163;0;
2191;13:14:23;142,5888999;81,38217163;0;
2192;13:14:33;168,0300729;83,38393402;0;
2193;13:14:43;182,8214525;113,3414154;5;
2194;13:14:53;180,4548318;144,9555206;8;
2195;13:15:03;178,6798662;175,879364;9;
2196;13:15:13;182,2297974;206,1129456;16;
2197;13:15:23;186,3713837;236,9677582;18;
2198;13:15:33;189,9213148;266,4420471;16;
2199;13:15:43;194,0629011;296,5375671;23;
2200;13:15:53;198,7961426;325,390625;25;
2201;13:16:03;203,5293841;355,2790833;43;
2202;13:16:13;207,6709704;389,9303589;45;
2203;13:16:23;208,8542807;425,1338196;48;
2204;13:16:33;210,0375911;460,9585571;40;
2205;13:16:43;211,2209015;495,4717712;59;
2206;13:16:53;212,4042119;530,5372314;50;
2207;13:17:03;212,4042119;564,3601685;61;
2208;13:17:13;211,2209015;598,6663208;67;
2209;13:17:23;210,0375911;633,869812;86;
2210;13:17:33;206,48766;671,0059814;85;
2211;13:17:43;202,9377289;706,7617188;94;
2212;13:17:53;200,5711081;740,8607788;102;
2213;13:18:03;197,021177;775,788147;116;
2214;13:18:13;195,2462115;808,7827759;138;
2215;13:18:23;194,6545563;841,5703125;147;
2216;13:18:33;194,6545563;873,6676025;145;
2217;13:18:43;194,6545563;906,1790771;150;
2218;13:18:53;194,6545563;938,3453979;152;
2219;13:19:03;194,0629011;970,7878418;149;
2220;13:19:13;194,0629011;1002,954163;155;
2221;13:19:23;194,0629011;1034,775391;151;
2222;13:19:33;194,0629011;1066,320435;153;
2223;13:19:43;194,6545563;1098,486694;147;
2224;13:19:53;194,6545563;1130,307983;152;
2225;13:20:03;194,6545563;1163,164551;152;
2226;13:20:13;194,6545563;1195,054688;149;
2227;13:20:23;194,6545563;1227,911255;152;
2228;13:20:33;194,6545563;1259,732544;149;
2229;13:20:43;194,6545563;1292,589111;146;
2230;13:20:53;194,0629011;1324,479248;145;
2231;13:21:03;194,0629011;1357,335938;153;
2232;13:21:13;194,0629011;1388,328735;151;
2233;13:21:23;194,0629011;1420,218994;156;
2234;13:21:33;194,6545563;1453,00647;147;
2235;13:21:43;194,6545563;1484,896729;158;
2236;13:21:53;194,6545563;1517,615234;152;
2237;13:22:03;194,6545563;1549,505493;157;
2238;13:22:13;194,6545563;1582,223999;158;
2239;13:22:23;195,2462115;1614,114258;153;
2240;13:22:33;195,2462115;1646,694702;157;
2241;13:22:43;194,6545563;1678,653931;148;
2242;13:22:53;194,6545563;1709,646851;147;
2243;13:23:03;194,6545563;1742,296387;150;
2244;13:23:13;194,0629011;1774,324585;147;
2245;13:23:23;194,0629011;1806,974121;149;
2246;13:23:33;193,4712459;1839,071411;146;
2247;13:23:43;193,4712459;1871,720947;147;
2248;13:23:53;194,0629011;1903,956299;145;
2249;13:24:03;194,0629011;1935,915527;146;
2250;13:24:13;178,6798662;1968,841064;146;
2251;13:24:23;151,4637277;2000,800293;145;
2252;13:24:33;123,6559339;2032,414429;153;
2253;13:24:43;111,8228302;2064,649902;155;
2254;13:24:53;95,25648499;2096,609131;149;
2255;13:25:03;70,40696716;2129,465576;153;
2256;13:25:13;28,99110413;2154,246094;22;
2257;13:25:23;0;2160,182373;0;
2258;13:25:33;0;2160,182373;0;
